Season,Name,Team,IP,PlayerId,MLBAMID,PA_savant,xwOBA,whiff%
2018,Josh Hader,MIL,81.1,14212,623352,306,0.231,39.2
2019,Josh Hader,MIL,75.2,14212,623352,289,0.235,41.8
2026,Mason Miller,SDP,69.0,31757,695243,264,0.194,45.4
2016,Dellin Betances,NYY,73.0,6216,476454,299,0.233,41.1
2017,Craig Kimbrel,BOS,69.0,6655,518886,254,0.237,42.7
2017,Corey Knebel,MIL,76.0,15010,608349,309,0.249,35.1
2018,Edwin Díaz,SEA,73.1,14710,621242,280,0.214,39.7
2016,Andrew Miller,- - -,74.1,6785,453192,275,0.199,37.1
2019,Liam Hendriks,OAK,83.0,3548,521230,332,0.226,36.0
2022,Edwin Díaz,NYM,62.0,14710,621242,235,0.205,50.1
2018,Dellin Betances,NYY,66.2,6216,476454,272,0.237,37.5
2016,Kyle Barraclough,MIA,72.2,13713,607457,306,0.251,35.0
2021,Liam Hendriks,CHW,71.0,3548,521230,267,0.219,38.0
2018,Adam Ottavino,COL,77.2,1247,493603,308,0.229,32.7
2016,Brad Hand,SDP,89.1,9111,543272,364,0.27,28.9
2019,Matt Barnes,BOS,64.1,12863,598264,285,0.27,36.0
2019,Nick Anderson,- - -,65.0,18337,623433,264,0.259,38.0
2023,Félix Bautista,BAL,61.0,20666,642585,237,0.225,44.3
2026,Aaron Ashby,MIL,85.0,23550,676879,377,0.271,31.7
2017,Kenley Jansen,LAD,68.1,3096,445276,257,0.204,35.8
2025,Jeremiah Estrada,SDP,73.0,22210,669093,304,0.26,34.9
2023,Matt Brash,SEA,70.2,25756,666374,308,0.28,38.3
2026,Cade Smith,CLE,73.1,27867,671922,293,0.261,34.6
2018,Brad Hand,- - -,72.0,9111,543272,301,0.285,32.6
2018,Ryan Yarbrough,TBR,118.2,16502,642232,628,0.317,20.7
2019,Luke Jackson,ATL,72.2,11752,592426,315,0.263,36.7
2024,Josh Hader,HOU,71.0,14212,623352,278,0.259,40.5
2025,Bryan Abreu,HOU,71.0,16609,650556,296,0.288,41.2
2026,Adrian Morejon,SDP,85.0,20039,670970,348,0.236,34.1
2016,Kenley Jansen,LAD,68.2,3096,445276,251,0.19,33.5
2017,Brad Hand,SDP,79.1,9111,543272,311,0.251,31.0
2019,Brandon Workman,BOS,71.2,11428,519443,286,0.257,34.8
2019,Seth Lugo,NYM,80.0,12447,607625,314,0.237,26.5
2021,Paul Sewald,SEA,64.2,13892,623149,264,0.263,36.5
2023,Tanner Scott,MIA,78.0,17586,656945,307,0.247,36.2
2024,Mason Miller,OAK,65.0,31757,695243,249,0.21,40.1
2025,Cade Smith,CLE,73.2,27867,671922,300,0.248,34.3
2025,Mason Miller,- - -,61.2,31757,695243,234,0.249,45.2
2016,Seunghwan Oh,STL,79.2,18719,493200,313,0.225,35.1
2021,Raisel Iglesias,LAA,70.0,17130,628452,273,0.244,40.9
2024,Bryan Abreu,HOU,78.1,16609,650556,325,0.284,34.0
2024,Luke Weaver,NYY,84.0,16918,596133,331,0.286,33.5
2024,Cade Smith,CLE,75.1,27867,671922,289,0.249,30.2
2025,Edwin Uceta,TBR,76.0,20539,670955,321,0.306,35.6
2016,Héctor Neris,PHI,80.1,11804,593576,328,0.289,33.8
2016,Ken Giles,HOU,65.2,12910,571704,286,0.281,40.0
2026,Jeff Hoffman,- - -,66.0,17432,656546,292,0.283,38.0
2018,Ryan Pressly,- - -,71.0,7005,519151,292,0.243,36.9
2019,Kirby Yates,SDP,60.2,9073,489446,243,0.226,34.5
2017,Chris Devenski,HOU,80.2,12763,606965,316,0.257,36.2
2017,Chad Green,NYY,67.0,15552,643338,253,0.25,36.2
2018,Blake Treinen,OAK,80.1,12572,595014,314,0.232,35.9
2023,Bryan Abreu,HOU,72.0,16609,650556,287,0.279,39.8
2019,Josh James,HOU,60.1,16794,657624,266,0.266,36.8
2021,Chad Green,NYY,83.2,15552,643338,315,0.278,32.0
2024,David Robertson,TEX,72.0,8241,502085,297,0.28,29.5
2017,David Robertson,- - -,68.1,8241,502085,264,0.238,38.0
2021,Héctor Neris,PHI,74.1,11804,593576,310,0.27,34.4
2023,Julian Merryweather,CHC,72.0,16703,657240,303,0.298,35.1
2024,Aroldis Chapman,PIT,61.2,10233,547973,264,0.272,32.3
2025,Edwin Díaz,NYM,66.1,14710,621242,258,0.247,41.5
2025,Ronny Henriquez,MIA,73.0,24094,678692,303,0.269,36.0
2026,Grant Taylor,CHW,77.0,33927,691799,330,0.271,29.2
2024,Keegan Akin,BAL,78.2,19362,669211,313,0.248,30.0
2024,Ryan Walker,SFG,79.0,20423,676254,308,0.255,28.6
2025,Griffin Jax,- - -,64.0,20253,643377,283,0.282,37.3
2016,Mychal Givens,BAL,74.2,10430,571710,313,0.288,32.1
2017,Yusmeiro Petit,LAA,87.1,4020,433589,354,0.262,24.3
2017,Tommy Kahnle,- - -,62.2,11384,592454,256,0.243,33.3
2018,Craig Kimbrel,BOS,62.1,6655,518886,247,0.265,40.0
2018,Matt Barnes,BOS,61.2,12863,598264,265,0.27,36.1
2019,Will Smith,SFG,65.1,8048,519293,257,0.269,34.3
2019,José Leclerc,TEX,65.0,14524,600917,299,0.261,33.0
2019,Emilio Pagán,TBR,70.0,14771,641941,267,0.223,35.1
2022,Devin Williams,MIL,60.2,15816,642207,240,0.226,40.8
2022,Andrés Muñoz,SEA,65.0,20373,662253,248,0.213,41.9
2026,Brent Headrick,NYY,77.1,27702,687396,320,0.267,31.9
2016,Michael Feliz,HOU,65.0,11903,593140,270,0.288,32.6
2017,Andrew Miller,CLE,62.2,6785,453192,244,0.236,36.2
2021,Giovanny Gallegos,STL,80.1,14986,606149,310,0.27,34.6
2021,Alex Reyes,STL,72.1,15015,621052,317,0.291,35.0
2024,Fernando Cruz,CIN,60.2,7048,518585,288,0.311,38.2
2024,Griffin Jax,MIN,71.0,20253,643377,276,0.243,37.8
2026,Yohan Ramírez,PIT,81.2,19444,670990,355,0.281,27.4
2026,Louis Varland,TOR,77.0,27691,686973,304,0.24,29.1
2017,Carl Edwards Jr.,CHC,66.1,13607,605218,262,0.266,35.4
2018,Brad Peacock,HOU,63.1,5401,502748,272,0.283,31.4
2018,Collin McHugh,HOU,72.1,7531,543521,283,0.274,31.3
2018,Chad Green,NYY,75.2,15552,643338,298,0.297,28.5
2022,Ryan Helsley,STL,64.2,18138,664854,239,0.227,37.8
2022,A.J. Minter,ATL,70.0,18655,621345,271,0.247,33.2
2023,Craig Kimbrel,PHI,69.0,6655,518886,278,0.28,33.1
2024,Jeremiah Estrada,SDP,61.0,22210,669093,252,0.253,36.0
2026,Ryan Zeferjahn,- - -,69.2,25420,666171,303,0.273,32.0
2026,Mason Montgomery,PIT,62.0,29770,682254,270,0.247,32.7
2018,Noé Ramirez,LAA,82.1,12800,598287,354,0.314,27.9
2019,Giovanny Gallegos,STL,74.0,14986,606149,279,0.254,34.6
2026,AJ Blubaugh,HOU,95.1,31764,805123,397,0.316,28.2
2016,Brad Brach,BAL,79.0,6627,542960,311,0.261,31.5
2016,Felipe Vázquez,- - -,77.0,12076,553878,327,0.297,32.2
2017,Cody Allen,CLE,67.1,12183,592102,282,0.269,34.2
2017,Raisel Iglesias,CIN,76.0,17130,628452,306,0.262,30.5
2018,Jesse Chavez,- - -,95.1,5448,445926,377,0.283,23.7
2019,Scott Barlow,KCR,70.1,14993,605130,310,0.297,33.8
2016,Addison Reed,NYM,77.2,10586,592665,304,0.261,25.9
2017,Anthony Swarzak,- - -,77.1,7466,461872,303,0.242,31.0
2018,David Robertson,NYY,69.2,8241,502085,283,0.279,32.5
2021,Scott Barlow,KCR,74.1,14993,605130,306,0.282,35.0
2023,Trevor Richards,TOR,63.2,19309,670950,315,0.293,37.0
2024,Justin Martinez,ARI,72.2,24453,679885,308,0.277,34.5
2025,Garrett Whitlock,BOS,72.0,20191,676477,293,0.261,32.8
2025,Brendon Little,TOR,68.1,21574,663893,295,0.286,43.5
2026,Luis Medina,ATH,71.0,21649,665622,313,0.3,32.4
2016,Tyler Thornburg,MIL,67.0,10688,592804,263,0.269,28.8
2018,Kirby Yates,SDP,63.0,9073,489446,250,0.252,34.5
2019,Felipe Vázquez,PIT,60.0,12076,553878,236,0.263,29.0
2019,Taylor Rogers,MIN,69.0,13449,573124,278,0.237,25.9
2022,Tanner Scott,MIA,62.2,17586,656945,289,0.319,35.7
2022,Brock Burke,TEX,82.1,17968,656271,328,0.29,24.6
2023,Fernando Cruz,CIN,63.0,7048,518585,279,0.289,34.5
2023,Pierce Johnson,- - -,62.2,13435,572955,277,0.306,33.1
2025,Devin Williams,NYY,62.0,15816,642207,259,0.272,37.7
2025,Abner Uribe,MIL,75.1,25327,682842,298,0.26,32.0
2017,Edwin Díaz,SEA,66.0,14710,621242,278,0.251,34.5
2018,Jeremy Jeffress,MIL,76.2,9490,502026,299,0.26,31.0
2018,Felipe Vázquez,PIT,70.0,12076,553878,296,0.261,30.0
2019,Héctor Neris,PHI,67.2,11804,593576,275,0.269,38.3
2019,Raisel Iglesias,CIN,67.0,17130,628452,279,0.284,33.9
2021,Edwin Díaz,NYM,62.2,14710,621242,257,0.253,35.1
2022,Jhoan Duran,MIN,67.2,21029,661395,266,0.234,34.7
2024,José Leclerc,TEX,66.2,14524,600917,288,0.297,36.0
2024,Jeff Hoffman,PHI,66.1,17432,656546,265,0.27,35.3
2017,Mike Minor,KCR,77.2,10021,501985,307,0.234,27.6
2017,Mychal Givens,BAL,78.2,10430,571710,315,0.29,27.1
2017,Felipe Vázquez,PIT,75.1,12076,553878,300,0.246,32.1
2018,Craig Stammen,SDP,79.0,7274,489334,317,0.258,30.0
2018,Richard Rodríguez,PIT,69.1,13549,593144,279,0.253,30.7
2019,Adam Ottavino,NYY,66.1,1247,493603,283,0.269,30.5
2019,Tommy Kahnle,NYY,61.1,11384,592454,248,0.268,36.2
2019,Sam Gaviglio,TOR,95.2,12778,543208,392,0.302,27.9
2021,Mike Mayers,LAA,71.1,15451,594577,315,0.303,29.2
2022,Bryan Abreu,HOU,60.1,16609,650556,248,0.27,39.1
2022,Félix Bautista,BAL,65.2,20666,642585,253,0.252,33.6
2024,Michael Kopech,- - -,67.2,17282,656629,279,0.293,32.8
2016,Cody Allen,CLE,68.0,12183,592102,264,0.289,31.2
2019,John Brebbia,STL,72.2,12777,605154,304,0.274,29.0
2021,Will Smith,ATL,68.0,8048,519293,283,0.284,33.2
2023,Camilo Doval,SFG,67.2,21992,666808,281,0.266,33.3
2024,Alex Vesia,LAD,66.1,25007,681911,263,0.26,31.3
2026,Hogan Harris,ATH,69.1,21520,663687,308,0.297,25.4
2016,Kelvin Herrera,KCR,72.0,6033,516969,283,0.253,31.8
2017,Blake Parker,LAA,67.1,5224,453284,254,0.263,31.8
2017,Héctor Neris,PHI,74.2,11804,593576,320,0.305,33.6
2019,Mychal Givens,BAL,63.0,10430,571710,260,0.306,34.3
2021,Kenley Jansen,LAD,69.0,3096,445276,278,0.26,33.3
2021,Chris Stratton,PIT,79.1,13761,608717,337,0.302,28.3
2023,Alexis Díaz,CIN,67.1,21132,664747,286,0.288,34.8
2025,David Bednar,- - -,62.2,19569,670280,251,0.264,31.1
2016,Hansel Robles,NYM,77.2,11801,570663,331,0.296,25.1
2019,Archie Bradley,ARI,70.1,12918,605151,317,0.317,23.8
2019,Michael Lorenzen,CIN,83.1,14843,547179,343,0.273,31.1
2021,Blake Treinen,LAD,72.1,12572,595014,286,0.249,29.3
2021,Jordan Romano,TOR,63.0,16122,605447,253,0.251,31.8
2022,Kenley Jansen,ATL,64.0,3096,445276,260,0.246,27.5
2024,Kirby Yates,TEX,61.2,9073,489446,237,0.214,33.6
2024,Michael Tonkin,- - -,79.1,10315,543859,340,0.324,23.7
2024,Cole Sands,MIN,71.1,21461,663485,292,0.29,26.6
2025,Aroldis Chapman,BOS,61.1,10233,547973,228,0.225,35.8
2026,Didier Fuentes,ATL,69.1,30661,800311,291,0.266,30.3
2016,Jeurys Familia,NYM,77.2,5114,544727,321,0.244,31.9
2017,Blake Wood,- - -,74.1,1345,502028,332,0.301,28.7
2018,Tyler Clippard,TOR,67.2,5640,461325,285,0.28,31.8
2019,Jake Diekman,- - -,62.0,5003,518617,282,0.3,35.4
2019,Ty Buttrey,LAA,72.1,14719,621142,309,0.309,27.1
2022,Taylor Rogers,- - -,64.1,13449,573124,274,0.314,31.2
2022,Emilio Pagán,MIN,63.0,14771,641941,274,0.311,30.8
2023,Scott McGough,ARI,68.0,12056,543518,301,0.319,32.0
2023,Jhoan Duran,MIN,62.1,21029,661395,255,0.25,35.4
2024,Tanner Scott,- - -,72.0,17586,656945,294,0.272,32.7
2025,Jeff Hoffman,TOR,68.0,17432,656546,287,0.301,31.6
2016,Pedro Báez,LAD,74.0,5420,520980,294,0.284,30.0
2016,Chris Devenski,HOU,83.2,12763,606965,408,0.269,29.0
2017,Matt Barnes,BOS,69.2,12863,598264,287,0.276,30.4
2017,Ken Giles,HOU,62.2,12910,571704,247,0.249,33.9
2017,Roberto Osuna,TOR,64.0,13764,532077,249,0.236,33.5
2018,Jeurys Familia,- - -,72.0,5114,544727,302,0.272,30.6
2021,Jake Diekman,OAK,60.2,5003,518617,262,0.319,35.1
2021,Trevor May,NYM,62.2,6398,543507,266,0.263,32.6
2021,Brad Boxberger,MIL,64.2,10133,502202,266,0.287,32.1
2021,Ryne Stanek,HOU,68.1,15947,592773,290,0.307,32.6
2022,Matt Moore,TEX,74.0,1890,519043,304,0.266,31.3
2022,Alexis Díaz,CIN,63.2,21132,664747,255,0.269,36.5
2023,Reynaldo López,- - -,66.0,16400,625643,278,0.308,30.5
2025,Bryan Baker,- - -,68.2,19804,641329,274,0.311,29.1
2025,Andrés Muñoz,SEA,62.1,20373,662253,254,0.263,36.5
2016,David Phelps,MIA,62.1,6316,475479,352,0.261,25.8
2016,Roberto Osuna,TOR,74.0,13764,532077,288,0.285,30.0
2018,Kenley Jansen,LAD,71.2,3096,445276,289,0.264,28.2
2018,Lou Trivino III,OAK,73.0,15043,642152,299,0.291,29.8
2021,Phil Maton,- - -,65.1,18064,664208,297,0.294,34.8
2022,Alex Lange,DET,63.1,19883,656638,271,0.282,44.1
2022,Trevor Stephan,CLE,63.2,19932,663986,267,0.239,35.3
2023,Jakob Junis,SFG,73.1,13619,596001,367,0.3,27.3
2023,Sean Manaea,SFG,71.0,15873,640455,499,0.313,24.2
2023,A.J. Minter,ATL,64.2,18655,621345,260,0.282,31.4
2024,Joe Jiménez,ATL,68.2,15761,641729,277,0.253,32.9
2024,Pedro Avila,- - -,82.2,18864,658648,353,0.334,25.0
2025,Steven Okert,HOU,70.0,13580,595345,276,0.254,32.8
2025,Gabe Speier,SEA,62.0,17170,642100,243,0.247,30.9
2025,Garrett Cleavinger,TBR,61.1,17897,664076,243,0.28,36.0
2025,Eduard Bazardo,SEA,78.2,20997,660825,313,0.285,19.4
2016,Blake Wood,CIN,76.2,1345,502028,330,0.308,25.8
2017,Ryan Tepera,TOR,77.2,10291,572193,319,0.288,28.9
2017,Dominic Leone,TOR,70.1,13763,608678,279,0.269,32.8
2019,Robert Stephenson,CIN,64.2,13594,596112,262,0.258,39.4
2019,Carlos Estévez,COL,72.0,14542,608032,308,0.304,30.6
2019,Wander Suero,WSN,71.1,15855,593833,296,0.317,29.5
2021,Ryan Pressly,HOU,64.0,7005,519151,250,0.246,32.0
2021,Garrett Whitlock,BOS,73.1,20191,676477,298,0.265,27.6
2022,David Robertson,- - -,63.2,8241,502085,264,0.273,33.0
2023,Chris Stratton,- - -,82.2,13761,608717,338,0.296,22.0
2023,Jordan Hicks,- - -,65.2,19618,663855,285,0.283,28.2
2024,Jason Adam,- - -,73.2,11861,592094,282,0.283,38.4
2025,Emilio Pagán,CIN,68.2,14771,641941,270,0.266,29.2
2025,Jimmy Herget,COL,83.1,17556,623474,347,0.284,26.9
2025,Phil Maton,- - -,61.1,18064,664208,249,0.265,36.2
2026,Michael Petersen,MIA,64.1,20827,656848,264,0.284,30.5
2016,David Hernandez,PHI,72.2,4259,456696,321,0.304,26.9
2016,Nate Jones,CHW,70.2,4696,518858,274,0.266,29.7
2016,Joe Blanton,LAD,80.0,4849,430599,315,0.281,31.0
2016,Michael Tonkin,MIN,71.2,10315,543859,315,0.342,25.5
2017,Jacob Barnes,MIL,72.0,12323,606930,304,0.276,33.8
2017,Michael Lorenzen,CIN,83.0,14843,547179,361,0.297,24.4
2018,Cody Allen,CLE,67.0,12183,592102,289,0.308,30.7
2018,Raisel Iglesias,CIN,72.0,17130,628452,291,0.312,33.8
2018,José Alvarado,TBR,64.0,17780,621237,263,0.259,31.8
2019,Kenley Jansen,LAD,63.0,3096,445276,263,0.266,32.2
2021,Daniel Bard,COL,65.2,7115,453268,304,0.313,30.0
2022,Camilo Doval,SFG,67.2,21992,666808,286,0.269,30.7
2023,Kirby Yates,ATL,60.1,9073,489446,254,0.325,30.8
2023,Paul Sewald,- - -,60.2,13892,623149,249,0.259,29.3
2023,David Bednar,PIT,67.1,19569,670280,277,0.263,32.8
2023,Josh Winckowski,BOS,83.1,22387,670174,367,0.3,26.2
2025,Jhoan Duran,- - -,70.0,21029,661395,287,0.248,30.8
2025,Reid Detmers,LAA,63.2,27468,672282,266,0.296,32.7
2025,Jordan Leasure,CHW,63.1,29950,673929,269,0.279,31.9
2026,Bryan Abreu,HOU,62.2,16609,650556,268,0.312,33.8
2017,Archie Bradley,ARI,73.0,12918,605151,290,0.281,23.3
2018,Héctor Santiago,CHW,69.2,4026,502327,460,0.328,21.0
2018,Mychal Givens,BAL,76.2,10430,571710,317,0.274,24.9
2018,Reyes Moronta,SFG,65.0,14966,606625,262,0.253,34.8
2018,Seunghwan Oh,- - -,68.1,18719,493200,274,0.26,31.6
2019,Trevor May,MIN,64.1,6398,543507,266,0.281,30.1
2019,Matt Andriese,ARI,70.2,12022,542882,310,0.289,25.3
2022,Adam Ottavino,NYM,65.2,1247,493603,258,0.24,29.8
2022,Héctor Neris,HOU,65.1,11804,593576,263,0.288,30.5
2023,Yimi García,TOR,66.0,12095,554340,282,0.291,31.3
2023,Rafael Montero,HOU,67.1,12760,606160,298,0.327,30.1
2023,Scott Barlow,- - -,68.0,14993,605130,299,0.3,31.2
2023,Alex Lange,DET,66.0,19883,656638,288,0.303,39.1
2024,Matt Strahm,PHI,62.2,13799,621381,237,0.249,26.7
2024,Ryan Helsley,STL,66.1,18138,664854,266,0.261,36.1
2025,Seranthony Domínguez,- - -,62.2,19249,622554,261,0.282,33.3
2025,Kyle Leahy,STL,85.0,24763,681517,363,0.325,23.1
2026,Gregory Soto,PIT,66.0,19677,642397,282,0.27,27.4
2016,Carlos Torres,MIL,82.1,7624,448614,339,0.299,24.9
2016,Ryan Buchter,SDP,63.0,9456,488748,247,0.263,25.2
2017,Liam Hendriks,OAK,64.0,3548,521230,273,0.298,27.4
2018,Steve Cishek,CHC,70.1,6483,518553,288,0.265,29.4
2018,Wade Davis,COL,65.1,7441,451584,261,0.247,29.6
2018,Joe Jiménez,DET,62.2,15761,641729,266,0.278,30.5
2021,Craig Stammen,SDP,80.1,7274,489334,355,0.285,24.3
2021,Clay Holmes,- - -,70.0,13649,605280,292,0.264,28.3
2021,Trevor Richards,- - -,64.1,19309,670950,251,0.3,32.8
2022,Raisel Iglesias,- - -,62.0,17130,628452,246,0.279,34.0
2022,Griffin Jax,MIN,72.1,20253,643377,290,0.284,29.6
2023,David Robertson,- - -,65.1,8241,502085,269,0.28,31.2
2023,Carlos Estévez,LAA,62.1,14542,608032,281,0.312,27.5
2023,Justin Lawrence,COL,75.0,17639,664875,326,0.299,24.1
2026,Tanner Scott,LAD,61.2,17586,656945,244,0.272,35.0
2019,Junior Guerra,MIL,83.2,5702,448855,344,0.303,26.1
2019,Joakim Soria,OAK,68.0,6941,465657,278,0.284,28.8
2019,Félix Peña,LAA,67.2,13403,570240,407,0.326,29.4
2019,Jalen Beeks,TBR,92.0,17192,656222,464,0.342,24.1
2021,Lucas Luetge,NYY,70.1,8337,476595,301,0.282,27.6
2021,Tyler Matzek,ATL,63.0,10058,554431,264,0.269,29.8
2021,Caleb Thielbar,MIN,64.0,10078,573204,266,0.307,26.5
2021,Génesis Cabrera,STL,70.0,17490,650893,296,0.294,26.7
2021,David Bednar,PIT,60.2,19569,670280,237,0.246,32.6
2022,Scott Barlow,KCR,74.1,14993,605130,290,0.272,32.5
2022,Evan Phillips,LAD,63.0,17734,623465,233,0.234,30.3
2022,Emmanuel Clase,CLE,72.2,21032,661403,271,0.222,30.1
2023,Héctor Neris,HOU,68.1,11804,593576,273,0.281,30.6
2023,Joel Payamps,MIL,70.2,14332,606303,287,0.277,26.9
2023,Mark Leiter Jr.,CHC,64.1,15551,643410,269,0.312,32.3
2024,Trent Thornton,SEA,72.1,17948,663423,294,0.29,27.3
2024,Kevin Ginkel,ARI,70.0,19876,656464,291,0.283,27.9
2026,Jacob Latz,TEX,67.0,21306,656641,268,0.256,31.5
2016,Steve Cishek,SEA,64.0,6483,518553,258,0.271,29.0
2017,Darren O'Day,BAL,60.1,3321,503285,240,0.276,26.0
2017,Addison Reed,- - -,76.0,10586,592665,306,0.299,25.8
2017,Kyle Barraclough,MIA,66.0,13713,607457,286,0.285,31.1
2018,Yusmeiro Petit,OAK,93.0,4020,433589,368,0.294,20.1
2018,Heath Hembree,BOS,60.0,11632,592390,260,0.281,31.3
2018,Seth Lugo,NYM,78.1,12447,607625,410,0.273,23.3
2019,Marcus Walden,BOS,78.0,8004,519393,327,0.301,29.6
2021,Hansel Robles,- - -,69.0,11801,570663,297,0.329,24.0
2021,Jake Brentz,KCR,64.0,17783,641394,278,0.321,30.2
2021,Gregory Soto,DET,63.2,19677,642397,276,0.294,31.3
2022,A.J. Puk,OAK,66.1,19343,640462,281,0.301,29.2
2023,Phil Bickford,- - -,67.1,18519,641360,304,0.336,29.7
2023,Michael King,NYY,64.1,19853,650633,431,0.29,29.4
2024,Derek Law,WSN,90.0,13133,571882,365,0.302,28.6
2025,Dylan Lee,ATL,68.1,19996,669276,266,0.268,33.6
2026,Dylan Lee,ATL,66.0,19996,669276,259,0.252,35.6
2016,David Robertson,CHW,62.1,8241,502085,267,0.278,30.6
2018,Joakim Soria,- - -,60.2,6941,465657,255,0.264,29.2
2018,Archie Bradley,ARI,71.2,12918,605151,296,0.286,20.6
2018,Taylor Rogers,MIN,68.1,13449,573124,260,0.255,26.7
2019,Luis Cessa,NYY,81.0,13345,570666,343,0.297,29.3
2021,Miguel Castro,NYM,68.1,15684,612434,303,0.313,32.6
2021,Trevor Stephan,CLE,63.1,19932,663986,282,0.347,30.2
2022,Collin McHugh,ATL,69.1,7531,543521,272,0.276,27.4
2022,Jason Adam,TBR,63.1,11861,592094,237,0.228,38.8
2023,Michael Tonkin,ATL,80.0,10315,543859,325,0.306,24.8
2023,Erik Swanson,TOR,66.2,16587,657024,262,0.274,32.6
2023,Trevor Stephan,CLE,68.2,19932,663986,294,0.325,30.6
2023,Eli Morgan,CLE,67.1,20203,669212,299,0.307,28.2
2024,Sean Hjelle,SFG,80.2,21481,663546,337,0.297,21.4
2025,Will Vest,DET,68.2,19769,676684,284,0.266,26.7
2025,Tony Santillan,CIN,73.2,19926,663574,301,0.322,27.0
2025,Robert Suarez,SDP,69.2,30115,663158,269,0.298,24.0
2026,David Bednar,NYY,68.1,19569,670280,274,0.262,30.8
2026,Bradgley Rodriguez,SDP,68.0,29107,699134,294,0.237,30.3
2016,Fernando Rodney,- - -,65.1,494,407845,283,0.289,30.2
2016,Zack Britton,BAL,67.0,3240,502154,254,0.202,37.8
2016,Antonio Bastardo,- - -,67.2,8844,455374,297,0.301,30.2
2017,Craig Stammen,SDP,80.1,7274,489334,329,0.303,26.6
2017,Blake Treinen,- - -,75.2,12572,595014,325,0.303,28.2
2018,Drew Steckenrider,MIA,64.2,18806,608716,272,0.282,25.0
2019,Hansel Robles,LAA,71.2,11801,570663,283,0.259,26.3
2019,Nick Ramirez,DET,79.2,12575,598286,348,0.319,28.3
2019,Diego Castillo,TBR,61.1,17496,650895,290,0.265,32.5
2021,Ryan Tepera,- - -,61.1,10291,572193,241,0.249,35.1
2021,Emmanuel Clase,CLE,69.2,21032,661403,279,0.232,33.2
2022,Jesse Chavez,- - -,68.1,5448,445926,292,0.327,24.7
2022,Steve Cishek,WSN,66.1,6483,518553,287,0.33,26.1
2022,John Schreiber,BOS,65.0,20020,670167,257,0.249,32.6
2022,Penn Murfee,SEA,67.1,25174,682171,272,0.256,25.0
2023,Ryan Pressly,HOU,65.1,7005,519151,268,0.292,31.4
2023,Phil Maton,HOU,66.0,18064,664208,274,0.274,32.9
2023,Jake Bird,COL,84.1,21267,656234,381,0.328,21.1
2024,Nate Pearson,- - -,65.1,20160,663878,285,0.33,27.8
2024,Orion Kerkering,PHI,61.0,31776,689147,257,0.282,27.8
2025,Scott Barlow,CIN,67.1,14993,605130,303,0.323,30.8
2025,Grant Anderson,MIL,69.2,20546,681982,299,0.3,30.9
2026,Brock Burke,CIN,74.1,17968,656271,314,0.296,28.7
2016,AJ Ramos,MIA,64.0,8350,573109,278,0.306,30.0
2016,Ryan Dull,OAK,74.1,13974,623430,290,0.24,28.8
2017,Bryan Shaw,CLE,76.2,8110,543766,312,0.255,25.6
2017,Shane Greene,DET,67.2,10756,572888,283,0.311,23.6
2019,Ian Kennedy,KCR,63.1,6986,453178,266,0.275,24.2
2019,Craig Stammen,SDP,82.0,7274,489334,339,0.284,21.8
2019,Roberto Osuna,HOU,65.0,13764,532077,253,0.264,33.5
2021,Cole Sulser,BAL,63.1,15256,642121,257,0.272,30.3
2022,Anthony Bass,- - -,70.1,7982,542914,275,0.275,31.9
2022,Rafael Montero,HOU,68.1,12760,606160,270,0.262,28.2
2022,Jordan Romano,TOR,64.0,16122,605447,258,0.284,30.3
2022,Phil Maton,HOU,65.2,18064,664208,283,0.324,30.1
2022,Keegan Akin,BAL,79.1,19362,669211,329,0.299,26.0
2023,Tyler Holton,DET,84.1,26231,663947,324,0.289,26.8
2024,Joey Wentz,- - -,67.1,19962,666214,304,0.301,29.6
2025,Brad Keller,CHC,68.2,15734,641745,276,0.261,26.9
2025,Raisel Iglesias,ATL,67.1,17130,628452,267,0.277,30.9
2025,Tyler Kinley,- - -,72.2,18297,641755,308,0.292,31.2
2025,Lake Bachar,MIA,69.0,19222,669199,296,0.327,30.2
2025,Aaron Ashby,MIL,64.2,23550,676879,270,0.275,27.0
2025,Hunter Gaddis,CLE,66.2,25636,683769,274,0.296,32.2
2025,Brandon Eisert,CHW,66.2,27668,685126,306,0.314,32.0
2026,Juan Morillo,ARI,63.1,21924,666661,258,0.243,29.6
2016,Brandon Maurer,SDP,69.2,4878,543506,300,0.303,26.7
2016,Tyler Clippard,- - -,63.0,5640,461325,262,0.26,27.4
2017,Tyler Clippard,- - -,60.1,5640,461325,264,0.296,30.7
2017,Juan Nicasio,- - -,72.1,7731,504379,290,0.278,23.7
2018,Tony Watson,SFG,66.0,3132,453265,261,0.271,27.1
2018,Alex Colomé,- - -,68.0,6661,517008,282,0.295,29.9
2019,Chris Devenski,HOU,67.0,12763,606965,298,0.3,28.2
2021,Josh Staumont,KCR,65.2,18335,622251,264,0.304,26.6
2022,Craig Kimbrel,LAD,60.0,6655,518886,260,0.295,29.2
2022,Paul Sewald,SEA,64.0,13892,623149,243,0.255,34.0
2022,Jorge López,- - -,71.0,14527,605347,298,0.282,24.4
2022,Sam Hentges,CLE,62.0,18548,656529,245,0.26,30.1
2022,Bryan Baker,BAL,66.0,19804,641329,291,0.283,27.3
2023,Lucas Sims,CIN,61.0,13470,608371,258,0.302,33.1
2024,Tanner Banks,- - -,68.2,16990,621383,310,0.288,26.1
2024,Tyler Kinley,COL,64.0,18297,641755,285,0.329,33.1
2024,Lucas Erceg,- - -,61.2,19360,668674,253,0.281,31.0
2024,Declan Cronin,MIA,70.1,25645,686539,307,0.299,26.6
2025,Luke Weaver,NYY,64.2,16918,596133,262,0.268,31.0
2025,Camilo Doval,- - -,65.1,21992,666808,278,0.293,28.4
2025,Louis Varland,- - -,70.2,27691,686973,296,0.311,27.1
2026,Jacob Webb,CHC,66.0,19274,657097,281,0.322,33.3
2026,Tyler Wells,- - -,72.0,20000,669330,277,0.266,30.6
2026,Spencer Miles,TOR,72.2,31621,693686,381,0.267,18.8
2016,Liam Hendriks,OAK,64.2,3548,521230,275,0.276,22.9
2016,Matt Barnes,BOS,66.2,12863,598264,288,0.32,28.0
2017,Chris Rusin,COL,85.0,9895,543734,340,0.282,26.6
2018,Amir Garrett,CIN,63.0,14375,607237,264,0.295,32.0
2019,Yusmeiro Petit,OAK,83.0,4020,433589,308,0.269,25.3
2019,Miguel Castro,BAL,73.1,15684,612434,319,0.296,27.7
2021,Adam Ottavino,BOS,62.0,1247,493603,277,0.298,28.0
2021,Bryan Shaw,CLE,77.1,8110,543766,334,0.326,25.8
2021,Nabil Crismatt,SDP,81.1,17732,622503,351,0.314,26.0
2022,Mychal Givens,- - -,60.1,10430,571710,260,0.301,27.5
2022,Dylan Coleman,KCR,68.0,22276,669395,289,0.305,31.2
2023,Clay Holmes,NYY,63.0,13649,605280,262,0.262,26.2
2024,Garrett Cleavinger,TBR,60.0,17897,664076,266,0.324,30.3
2024,Adrian Morejon,SDP,63.2,20039,670970,272,0.286,27.3
2024,Ryan Fernandez,STL,66.2,24862,681676,285,0.294,31.5
2025,José A. Ferrer,WSN,76.1,24017,678606,324,0.294,24.8
2025,Mike Vasil,CHW,90.0,30105,678024,423,0.312,24.0
2026,Brent Suter,- - -,82.1,13942,608718,367,0.307,23.2
2026,Calvin Faucher,MIA,67.1,20116,676534,288,0.293,26.2
2026,Chad Patrick,MIL,77.1,30113,694477,437,0.313,26.2
2017,Luke Gregerson,HOU,61.0,4090,502381,263,0.305,35.3
2017,Brad Brach,BAL,68.0,6627,542960,275,0.298,26.3
2017,George Kontos,- - -,66.1,9486,502004,278,0.276,35.3
2017,Heath Hembree,BOS,62.0,11632,592390,271,0.324,29.9
2018,Fernando Rodney,- - -,64.1,494,407845,285,0.311,27.0
2018,Blake Parker,LAA,66.1,5224,453284,276,0.326,24.9
2018,Robert Gsellman,NYM,80.0,13696,607229,345,0.291,22.2
2018,Trevor Hildenberger,MIN,73.0,17002,657610,319,0.312,28.0
2018,Jordan Hicks,STL,77.2,19618,663855,339,0.293,24.6
2019,Daniel Hudson,- - -,72.0,7146,543339,304,0.306,22.8
2021,Luke Jackson,ATL,63.2,11752,592426,261,0.309,30.5
2021,Andrew Kittredge,TBR,65.1,12828,552640,282,0.269,31.0
2021,Anthony Bender,MIA,60.1,19742,669622,247,0.269,30.2
2022,Kyle Finnegan,WSN,66.2,15009,640448,268,0.285,27.7
2023,Buck Farmer,CIN,75.0,14814,571656,309,0.31,30.3
2023,Kevin Ginkel,ARI,65.1,19876,656464,255,0.273,31.2
2025,Jason Adam,SDP,65.1,11861,592094,270,0.26,33.3
2025,Matt Strahm,PHI,62.1,13799,621381,256,0.261,23.8
2025,Gregory Soto,- - -,60.1,19677,642397,279,0.305,29.9
2025,Adrian Morejon,SDP,73.2,20039,670970,286,0.254,23.8
2026,Trevor Richards,- - -,79.2,19309,670950,334,0.314,21.2
2026,Kevin Ginkel,ARI,66.2,19876,656464,269,0.294,29.4
2016,Will Harris,HOU,64.0,3192,501789,255,0.256,30.4
2016,Bryan Shaw,CLE,66.2,8110,543766,275,0.29,27.1
2017,Pat Neshek,- - -,62.1,4682,450212,235,0.218,26.4
2017,Ross Stripling,LAD,69.1,13273,548389,304,0.28,25.6
2017,Paul Sewald,NYM,65.1,13892,623149,275,0.3,25.8
2018,Dan Winkler,ATL,60.1,12237,595465,256,0.293,28.5
2018,A.J. Minter,ATL,61.1,18655,621345,260,0.285,31.8
2019,Pedro Báez,LAD,69.2,5420,520980,276,0.248,31.8
2019,Buck Farmer,DET,65.2,14814,571656,288,0.313,29.8
2021,Emilio Pagán,SDP,63.1,14771,641941,263,0.327,29.7
2021,Jonathan Loáisiga,NYY,70.2,19753,642528,283,0.23,27.8
2022,Daniel Bard,COL,60.1,7115,453268,245,0.251,27.5
2022,Seth Lugo,NYM,65.0,12447,607625,272,0.292,23.3
2022,Rowan Wick,CHC,64.0,14646,592858,294,0.361,23.9
2023,Nick Martinez,SDP,67.2,12730,607259,461,0.308,28.6
2023,Jose Cuas,- - -,63.1,17701,621016,292,0.352,29.7
2023,Ian Gibaut,CIN,75.2,17871,664139,318,0.297,25.5
2023,Shintaro Fujinami,- - -,61.1,31839,660261,357,0.334,30.1
2024,Dennis Santana,- - -,71.2,17878,642701,287,0.284,28.2
2024,Yuki Matsui,SDP,62.2,33826,673513,257,0.271,31.9
2025,Bryan King,HOU,68.0,25890,687911,275,0.274,24.4
2025,Justin Sterner,ATH,64.0,27694,686993,266,0.285,30.8
2026,Matt Festa,CLE,65.2,19330,670036,284,0.297,28.0
2016,Jim Johnson,ATL,64.2,3656,462382,266,0.302,19.6
2016,Zach Duke,- - -,61.0,3840,435043,258,0.258,26.1
2016,Randall Delgado,ARI,75.0,5985,517414,337,0.293,24.0
2016,Joakim Soria,KCR,66.2,6941,465657,293,0.35,26.0
2016,Ross Ohlendorf,CIN,65.2,8268,456027,290,0.338,25.0
2018,Joe Kelly,BOS,65.2,9761,523260,285,0.309,25.6
2018,Sergio Romo,TBR,62.2,9817,489265,283,0.28,31.7
2018,Ryan Tepera,TOR,64.2,10291,572193,263,0.299,30.4
2019,Mark Melancon,- - -,67.1,4264,453343,284,0.276,25.7
2021,Kyle Finnegan,WSN,66.0,15009,640448,294,0.3,25.0
2021,Jarlín García,SFG,68.2,18282,606424,269,0.281,22.6
2021,Tyler Kinley,COL,70.1,18297,641755,295,0.306,29.2
2022,Luis García,SDP,61.0,6984,472610,258,0.268,30.3
2022,Brad Boxberger,MIL,64.0,10133,502202,268,0.3,24.4
2022,José Ruiz,CHW,60.2,14552,614179,265,0.325,29.4
2023,Griffin Jax,MIN,65.1,20253,643377,274,0.265,26.6
2024,Clay Holmes,NYY,63.0,13649,605280,271,0.284,30.2
2024,Buck Farmer,CIN,69.0,14814,571656,299,0.318,26.1
2024,Raisel Iglesias,ATL,69.1,17130,628452,259,0.238,31.5
2024,Tim Herrin,CLE,65.2,25139,682120,257,0.285,29.3
2025,Shawn Armstrong,TEX,70.0,12857,542888,284,0.272,24.4
2025,Juan Mejia,COL,61.1,23237,675848,261,0.271,30.4
2025,Robert Garcia,TEX,64.0,23363,676395,269,0.304,28.6
2025,Jared Koenig,MIL,66.0,27517,657649,268,0.263,22.9
2025,Matt Svanson,STL,60.1,29629,694335,234,0.275,23.1
2025,Jack Dreyer,LAD,68.0,30249,676263,307,0.257,26.7
2026,Trevor Megill,MIL,60.2,17722,656730,238,0.251,30.9
2026,Rico Garcia,BAL,67.0,20023,670329,265,0.265,31.9
2016,Ryan Pressly,MIN,75.1,7005,519151,328,0.334,24.0
2017,Tyler Duffey,MIN,71.0,13758,608648,310,0.328,23.8
2018,Jesse Biddle,ATL,63.2,11437,592145,266,0.312,25.6
2018,Mike Wright Jr.,BAL,78.2,12586,605541,388,0.35,19.8
2018,Steven Brault,PIT,65.2,15291,643230,414,0.345,24.5
2019,Nestor Cortes,NYY,64.1,17874,641482,298,0.342,25.2
2021,Brent Suter,MIL,71.0,13942,608718,313,0.295,21.0
2021,Lou Trivino III,OAK,73.2,15043,642152,310,0.321,23.8
2022,Phil Bickford,LAD,61.0,18519,641360,247,0.288,25.1
2022,Eli Morgan,CLE,63.2,20203,669212,256,0.271,26.4
2023,Hunter Harvey,WSN,60.2,15507,640451,235,0.284,26.3
2023,Adbert Alzolay,CHC,64.0,17859,640470,253,0.295,28.1
2023,Carlos Hernández,KCR,63.0,22713,672578,301,0.332,30.4
2024,Andrew Kittredge,STL,70.2,12828,552640,287,0.313,27.8
2024,Tayler Scott,HOU,65.2,13652,605463,282,0.293,29.5
2025,Tyler Alexander,- - -,80.1,17735,641302,423,0.332,21.5
2026,Steven Okert,HOU,67.0,13580,595345,261,0.274,30.9
2026,Sean Newcomb,CHW,77.1,16943,656794,363,0.32,23.0
2026,Enyel De Los Santos,HOU,71.1,18403,660853,301,0.286,27.1
2026,Eduard Bazardo,SEA,65.1,20997,660825,287,0.336,21.9
2026,Jack Dreyer,LAD,60.2,30249,676263,254,0.29,28.3
2026,Yuki Matsui,SDP,63.2,33826,673513,259,0.271,33.2
2016,Kevin Siegrist,STL,61.2,8180,543779,248,0.286,26.1
2017,Brett Cecil,STL,67.1,2660,446399,277,0.273,27.9
2017,Zach McAllister,CLE,62.0,2895,502083,249,0.316,23.6
2017,Daniel Hudson,PIT,61.2,7146,543339,271,0.32,28.1
2019,Sean Doolittle,WSN,60.0,1581,448281,260,0.307,23.4
2019,Yimi García,LAD,62.1,12095,554340,247,0.261,26.4
2022,Kendall Graveman,CHW,65.0,15514,608665,285,0.294,27.2
2023,Kendall Graveman,- - -,66.1,15514,608665,282,0.327,29.2
2023,Evan Phillips,LAD,61.1,17734,623465,234,0.275,29.6
2023,Nick Sandlin,CLE,60.0,20517,680704,239,0.307,32.0
2023,Gregory Santos,CHW,66.1,21894,666619,289,0.278,30.0
2024,Enyel De Los Santos,- - -,64.0,18403,660853,278,0.35,29.3
2024,Emmanuel Clase,CLE,74.1,21032,661403,270,0.247,27.1
2024,Hunter Gaddis,CLE,74.2,25636,683769,278,0.26,25.0
2026,Jovani Morán,BOS,62.0,20422,663558,268,0.279,32.2
2026,George Soriano,STL,66.0,21863,666277,290,0.327,29.0
2026,Andrew Morris,MIN,68.2,31891,702193,316,0.283,22.9
2016,Mark Melancon,- - -,71.1,4264,453343,270,0.253,23.9
2016,Nick Vincent,SEA,60.1,7555,543883,247,0.271,28.8
2017,Pedro Strop,CHC,60.1,4070,467008,250,0.266,36.0
2017,Ryan Buchter,- - -,65.1,9456,488748,268,0.259,23.9
2018,David Hernandez,CIN,64.0,4259,456696,254,0.279,24.5
2018,Shane Greene,DET,63.1,10756,572888,279,0.309,21.9
2018,Matt Andriese,- - -,65.1,12022,542882,340,0.329,25.6
2018,Kyle Crick,PIT,60.1,13182,605195,255,0.277,27.2
2021,Duane Underwood Jr.,PIT,72.2,14677,621249,320,0.345,23.8
2022,Clay Holmes,NYY,63.2,13649,605280,260,0.245,29.8
2022,Wil Crowe,PIT,74.0,19800,640444,332,0.318,27.5
2023,Emilio Pagán,MIN,68.1,14771,641941,273,0.296,24.4
2023,Sam Moll,- - -,61.1,14874,594580,268,0.263,22.5
2023,Gregory Soto,PHI,60.1,19677,642397,250,0.259,34.2
2023,Yennier Cano,BAL,72.2,25911,666974,283,0.282,25.5
2024,Ryan Yarbrough,- - -,98.2,16502,642232,398,0.322,21.1
2024,Victor Vodnik,COL,73.2,24614,680767,320,0.342,21.8
2024,Yennier Cano,BAL,60.0,25911,666974,249,0.302,27.7
2025,Hogan Harris,ATH,64.2,21520,663687,277,0.305,23.0
2025,Jackson Rutledge,WSN,73.1,26215,671131,331,0.335,25.3
2025,Orion Kerkering,PHI,60.0,31776,689147,266,0.297,23.7
2025,Yariel Rodríguez,TOR,72.0,33838,684320,298,0.317,27.5
2026,Paul Blackburn,NYY,81.0,14739,621112,330,0.296,23.0
2026,Ryne Stanek,STL,62.2,15947,592773,267,0.311,29.7
2026,Ryan Watson,- - -,72.0,27853,670245,307,0.331,25.5
2016,Fernando Salas,- - -,73.2,4971,477569,293,0.307,22.6
2016,Taylor Rogers,MIN,61.1,13449,573124,264,0.295,18.9
2017,Pedro Báez,LAD,64.0,5420,520980,280,0.308,31.5
2017,Cory Gearrin,SFG,68.0,7947,518715,285,0.286,28.4
2017,Dustin McGowan,MIA,77.2,8600,430661,331,0.347,24.3
2019,Shane Greene,- - -,62.2,10756,572888,252,0.302,26.5
2021,Steve Cishek,LAA,68.1,6483,518553,308,0.299,20.3
2021,Andrew Chafin,- - -,68.2,12988,605177,266,0.272,25.9
2022,Ryan Brasier,BOS,62.1,5615,518489,263,0.311,25.2
2022,David Phelps,TOR,62.2,6316,475479,272,0.31,19.5
2022,Hoby Milner,MIL,64.2,13346,571948,272,0.29,23.5
2023,Emmanuel Clase,CLE,72.2,21032,661403,302,0.274,27.4
2024,Taylor Rogers,SFG,60.0,13449,573124,249,0.282,23.3
2025,Sean Newcomb,- - -,70.0,16943,656794,391,0.306,21.4
2025,Graham Ashcraft,CIN,65.1,27552,668933,284,0.29,29.8
2026,Seranthony Domínguez,- - -,61.0,19249,622554,257,0.297,28.0
2026,Riley O'Brien,STL,64.0,20348,676617,276,0.34,26.8
2026,Yoendrys Gómez,- - -,66.0,22872,672782,294,0.358,26.4
2026,Brad Lord,WSN,71.2,31972,695418,357,0.305,19.7
2016,Jesse Chavez,- - -,67.0,5448,445926,282,0.319,20.6
2016,Trevor Cahill,CHC,60.2,6249,502239,284,0.319,28.4
2016,Dustin McGowan,MIA,67.0,8600,430661,279,0.28,30.9
2016,Blake Treinen,WSN,67.0,12572,595014,263,0.252,25.6
2017,Matt Albers,WSN,61.0,4300,458006,233,0.249,22.9
2017,José Torres,SDP,68.1,14957,600526,284,0.306,24.5
2018,Emilio Pagán,OAK,62.0,14771,641941,262,0.29,29.6
2019,Francisco Liriano,PIT,70.0,3201,434538,302,0.305,30.4
2019,Jeurys Familia,NYM,60.0,5114,544727,274,0.326,28.9
2019,Wei-Yin Chen,MIA,68.1,13071,612672,307,0.353,20.3
2019,Richard Rodríguez,PIT,65.1,13549,593144,285,0.305,23.6
2021,José Ruiz,CHW,65.0,14552,614179,271,0.315,24.0
2022,Caleb Smith,ARI,69.0,14875,592761,302,0.308,28.8
2023,Kyle Finnegan,WSN,69.1,15009,640448,288,0.329,24.8
2024,Daniel Hudson,LAD,63.0,7146,543339,253,0.305,32.3
2024,José Alvarado,PHI,61.2,17780,621237,258,0.311,28.4
2024,Will Vest,DET,70.1,19769,676684,289,0.31,24.3
2024,Kevin Kelly,TBR,70.2,25679,687330,278,0.288,20.1
2026,Bryan Baker,TBR,61.1,19804,641329,241,0.272,27.4
2026,Juan Mejia,COL,68.1,23237,675848,316,0.329,24.1
2016,Joe Biagini,TOR,67.2,13194,607352,295,0.273,25.2
2017,Danny Barnes,TOR,66.0,11388,592130,265,0.271,25.3
2019,Will Harris,HOU,60.0,3192,501789,229,0.27,29.5
2019,Wade LeBlanc,SEA,84.2,5221,453281,532,0.343,22.3
2021,José Cisnero,DET,61.2,6399,542585,265,0.312,23.6
2021,Deolis Guerra,OAK,65.2,8410,500610,269,0.272,28.4
2021,Dylan Floro,MIA,64.0,13394,571670,270,0.288,22.9
2021,Zack Littell,SFG,60.2,15823,641793,252,0.302,28.4
2022,Nick Nelson,PHI,64.2,20153,656793,306,0.303,28.7
2023,Adam Ottavino,NYM,61.2,1247,493603,261,0.292,26.1
2023,Enyel De Los Santos,CLE,65.2,18403,660853,262,0.312,27.4
2024,Hoby Milner,MIL,62.2,13346,571948,268,0.282,19.3
2024,Bryan Hudson,MIL,62.1,19924,663542,231,0.273,21.5
2024,Tyler Holton,DET,77.1,26231,663947,354,0.262,24.5
2025,Enyel De Los Santos,- - -,66.0,18403,660853,280,0.314,30.0
2025,John Schreiber,KCR,64.0,20020,670167,265,0.311,23.4
2025,Ben Casparius,LAD,68.0,30085,676508,333,0.3,27.6
2026,Braydon Fisher,TOR,63.1,24609,680755,305,0.317,28.3
2026,Kevin Kelly,TBR,72.2,25679,687330,276,0.283,23.6
2016,Matt Bush,TEX,61.2,1246,456713,243,0.26,27.8
2016,Carlos Villanueva,SDP,74.0,4138,453646,321,0.347,24.2
2017,Brian Duensing,CHC,62.1,4064,488846,257,0.275,25.5
2017,Ryan Pressly,MIN,61.1,7005,519151,252,0.3,27.0
2019,Josh Osich,CHW,67.2,11528,592612,272,0.317,27.7
2021,Brad Hand,- - -,64.2,9111,543272,278,0.329,20.9
2021,Tyler Duffey,MIN,62.1,13758,608648,254,0.303,23.6
2021,Nick Wittgren,CLE,61.2,15594,621295,258,0.349,26.3
2022,Michael Fulmer,- - -,63.2,13218,605242,276,0.312,28.7
2022,Joe Mantiply,ARI,60.0,14857,573009,243,0.28,29.2
2022,Jimmy Herget,LAA,66.0,17556,623474,266,0.266,25.3
2022,Nabil Crismatt,SDP,64.1,17732,622503,280,0.294,26.6
2022,Will Vest,DET,61.1,19769,676684,272,0.313,23.8
2023,Justin Topa,SEA,69.0,15145,623437,279,0.271,19.5
2023,Colin Poche,TBR,60.2,19403,621363,246,0.255,29.0
2023,Bryse Wilson,MIL,76.2,19990,669060,314,0.308,18.5
2023,Mike Baumann,BAL,64.2,20206,657508,273,0.351,25.0
2024,Austin Voth,SEA,61.0,15047,608723,248,0.288,31.6
2025,Wandy Peralta,SDP,70.1,14295,593974,313,0.311,29.0
2025,Spencer Bivens,SFG,81.0,30226,702352,343,0.313,17.0
2025,Yuki Matsui,SDP,63.1,33826,673513,272,0.313,30.3
2026,Lake Bachar,- - -,60.0,19222,669199,352,0.289,29.7
2016,John Axford,OAK,65.2,9059,446099,289,0.319,25.7
2017,Luis García,PHI,71.1,6984,472610,295,0.278,26.8
2018,Brad Brach,- - -,62.2,6627,542960,289,0.304,28.9
2019,Tommy Milone,SEA,80.2,7608,543548,453,0.324,22.8
2019,Sergio Romo,- - -,60.1,9817,489265,249,0.27,30.2
2019,Joe Biagini,- - -,64.2,13194,607352,281,0.355,28.3
2019,John Gant,STL,66.1,13684,607231,269,0.295,27.4
2019,Robert Gsellman,NYM,63.2,13696,607229,278,0.29,26.3
2019,Aaron Bummer,CHW,67.2,16258,607481,263,0.246,24.2
2021,Sergio Romo,OAK,61.2,9817,489265,259,0.289,29.5
2021,Carlos Estévez,COL,61.2,14542,608032,270,0.318,24.7
2021,Kyle Funkhouser,DET,63.1,19456,608335,298,0.314,26.4
2022,Hunter Strickland,CIN,62.1,7836,519326,284,0.356,28.3
2022,Chris Stratton,- - -,61.0,13761,608717,279,0.319,26.5
2022,Reynaldo López,CHW,63.1,16400,625643,254,0.271,29.0
2022,Dillon Tate,BAL,73.2,17796,622253,292,0.28,23.2
2022,Gregory Soto,DET,60.1,19677,642397,263,0.315,25.9
2023,Drew VerHagen,STL,61.0,13424,572403,268,0.308,30.6
2023,Tyler Rogers,SFG,74.0,15541,643511,309,0.259,22.4
2023,Miguel Castro,ARI,64.2,15684,612434,268,0.304,26.9
2023,Tristan Beck,SFG,73.0,21584,663941,354,0.298,23.6
2024,Kyle Finnegan,WSN,63.2,15009,640448,271,0.327,23.1
2024,Phil Maton,- - -,64.0,18064,664208,265,0.322,26.7
2025,Anthony Banda,LAD,64.2,14706,607455,269,0.295,27.2
2025,Dennis Santana,PIT,70.1,17878,642701,270,0.292,27.3
2025,Ryan Walker,SFG,61.1,20423,676254,266,0.304,21.6
2025,Cole Sands,MIN,67.0,21461,663485,299,0.306,22.2
2016,JC Ramírez,- - -,78.2,8302,500724,335,0.267,21.3
2016,Erasmo Ramírez,TBR,85.0,10314,541640,378,0.306,19.4
2017,Sam Freeman,ATL,60.0,6832,518693,254,0.278,26.5
2017,Scott Alexander,KCR,69.0,10591,518397,284,0.29,29.4
2018,Jose Alvarez,LAA,63.0,5358,501625,261,0.296,23.3
2018,Jared Hughes,CIN,78.2,9325,453172,298,0.268,25.2
2018,Jonathan Holder,NYY,65.0,16588,656547,272,0.291,23.8
2018,Yoshihisa Hirano,ARI,66.1,19756,673633,262,0.312,28.1
2019,Brett Martin,TEX,60.2,17369,656685,280,0.322,27.6
2021,Mark Melancon,SDP,64.2,4264,453343,265,0.315,20.8
2021,Junior Guerra,LAA,64.1,5702,448855,307,0.324,27.3
2022,Chase De Jong,PIT,71.2,15036,608328,293,0.312,25.0
2023,Hoby Milner,MIL,64.1,13346,571948,252,0.267,20.6
2024,Robert Suarez,SDP,65.0,30115,663158,258,0.275,24.3
2025,Tanner Banks,PHI,65.1,16990,621383,267,0.303,21.9
2025,Pete Fairbanks,TBR,60.1,17998,664126,244,0.275,26.1
2025,Calvin Faucher,MIA,60.1,20116,676534,255,0.321,23.7
2026,Antonio Senzatela,- - -,73.0,15488,622608,310,0.311,23.4
2016,Tony Watson,PIT,67.2,3132,453265,272,0.302,25.5
2016,Mike Montgomery,- - -,64.1,4869,543557,414,0.313,27.2
2016,Daniel Hudson,ARI,60.1,7146,543339,268,0.314,26.3
2016,Brad Ziegler,- - -,68.0,7293,446899,289,0.286,25.7
2017,Alex Colomé,TBR,66.2,6661,517008,281,0.27,26.0
2017,Hunter Strickland,SFG,61.1,7836,519326,268,0.319,24.9
2018,Dylan Floro,- - -,64.0,13394,571670,271,0.255,25.4
2018,Adam Cimber,- - -,68.1,15288,643256,284,0.247,20.5
2019,Bryan Shaw,COL,72.0,8110,543766,312,0.337,25.7
2019,Kyle Ryan,CHC,61.0,11753,594986,260,0.295,23.6
2021,Alex Colomé,MIN,65.0,6661,517008,290,0.333,26.9
2021,Drew Steckenrider,SEA,67.2,18806,608716,267,0.286,20.5
2022,Yimi García,TOR,61.0,12095,554340,247,0.27,24.1
2022,Adam Cimber,TOR,70.2,15288,643256,293,0.3,20.7
2022,Domingo Acevedo,OAK,67.2,17092,642758,266,0.294,31.2
2024,Greg Weissert,BOS,63.1,20375,669711,263,0.294,20.3
2025,Rafael Montero,- - -,60.1,12760,606160,253,0.295,29.3
2025,Hoby Milner,TEX,70.1,13346,571948,293,0.303,15.5
2025,Jacob Webb,TEX,66.0,19274,657097,267,0.281,27.6
2025,José Buttó,- - -,67.0,23313,676130,284,0.328,28.8
2016,Jonathan Broxton,STL,60.2,4759,455009,259,0.289,22.2
2016,Dan Otero,CLE,70.2,7385,519096,269,0.25,16.5
2016,Hunter Strickland,SFG,61.0,7836,519326,250,0.294,25.4
2017,Wandy Peralta,CIN,64.2,14295,593974,263,0.267,31.7
2018,Cam Bedrosian,LAA,64.0,13360,592135,270,0.335,22.2
2019,Steve Cishek,CHC,64.0,6483,518553,267,0.315,22.7
2019,Javy Guerra,- - -,67.2,7407,457915,287,0.304,18.6
2019,Lou Trivino III,OAK,60.0,15043,642152,269,0.298,28.1
2024,Hunter Strickland,LAA,73.1,7836,519326,294,0.293,22.8
2024,Trevor Richards,- - -,61.0,19309,670950,277,0.301,23.4
2025,Greg Weissert,BOS,67.0,20375,669711,278,0.289,22.4
2025,Angel Zerpa,KCR,62.2,22717,672582,275,0.311,16.4
2017,Carlos Torres,MIL,72.2,7624,448614,322,0.329,21.2
2017,José Ramírez,ATL,62.0,10171,542432,258,0.321,27.1
2018,Sam Dyson,SFG,70.1,11710,473879,273,0.286,25.1
2019,Luis García,LAA,60.0,6984,472610,278,0.339,29.6
2021,Anthony Bass,MIA,60.1,7982,542914,260,0.331,27.1
2021,Codi Heuer,- - -,67.1,23293,676051,281,0.303,28.1
2022,Carl Edwards Jr.,WSN,62.0,13607,605218,256,0.291,24.4
2022,Jarlín García,SFG,65.0,18282,606424,270,0.321,24.8
2023,Kevin Kelly,TBR,67.0,25679,687330,276,0.284,22.2
2026,Gordon Graceffo,STL,76.0,29519,700669,316,0.323,21.1
2016,Sam Dyson,TEX,70.1,11710,473879,285,0.278,19.0
2017,Alex Claudio,TEX,78.2,12890,592222,323,0.261,21.4
2018,Scott Alexander,LAD,64.2,10591,518397,268,0.283,27.7
2018,Buck Farmer,DET,67.0,14814,571656,308,0.314,26.8
2018,Miguel Castro,BAL,83.2,15684,612434,376,0.345,23.6
2019,Alex Colomé,CHW,61.0,6661,517008,249,0.326,29.0
2019,Sam Dyson,- - -,62.1,11710,473879,249,0.283,18.5
2019,Luis Perdomo,SDP,68.2,14682,606131,296,0.308,19.8
2021,Tyler Rogers,SFG,81.0,15541,643511,326,0.262,16.5
2022,Erasmo Ramírez,WSN,80.1,10314,541640,347,0.299,21.4
2023,Jason Foley,DET,69.0,19531,671345,276,0.298,17.9
2024,Jesse Chavez,ATL,63.1,5448,445926,264,0.321,17.0
2024,Jacob Barnes,WSN,66.0,12323,606930,277,0.342,25.1
2024,Jalen Beeks,- - -,70.0,17192,656222,312,0.305,23.2
2024,Matthew Liberatore,STL,63.1,22294,669461,358,0.319,25.1
2025,Jakob Junis,CLE,66.2,13619,596001,274,0.312,22.7
2025,JoJo Romero,STL,61.0,19574,668941,255,0.291,27.0
2017,Matt Belisle,MIN,60.1,1837,279571,247,0.282,23.2
2017,Wade LeBlanc,PIT,68.0,5221,453281,283,0.337,22.7
2018,Edgar Santana,PIT,66.1,17355,650828,270,0.308,26.0
2019,Jared Hughes,- - -,71.1,9325,453172,289,0.314,22.7
2021,Luis Cessa,- - -,64.2,13345,570666,263,0.302,27.0
2023,Elvis Peguero,MIL,61.1,21652,665625,252,0.303,31.3
2024,Tyson Miller,- - -,62.0,19976,668338,235,0.29,26.5
2025,Carlos Estévez,KCR,66.0,14542,608032,269,0.299,19.0
2025,Carlos Vargas,SEA,77.0,22915,672841,331,0.296,18.9
2026,Tyler Alexander,TEX,65.0,17735,641302,304,0.279,20.7
2026,José A. Ferrer,SEA,64.1,24017,678606,288,0.305,19.6
2017,Tony Watson,- - -,66.2,3132,453265,291,0.278,25.6
2019,Zack Britton,NYY,61.1,3240,502154,244,0.276,27.6
2019,Adam Conley,MIA,60.2,14457,543045,283,0.344,23.8
2022,Brent Suter,MIL,66.2,13942,608718,272,0.303,26.9
2023,Brent Suter,COL,66.1,13942,608718,292,0.28,22.2
2025,Tyler Holton,DET,70.1,26231,663947,312,0.303,24.6
2026,Justin Bruihl,STL,75.2,23779,677865,337,0.323,18.1
2016,Matt Bowman,STL,67.2,13528,621199,281,0.257,23.4
2024,Ryan Thompson,ARI,66.1,16647,657044,272,0.312,23.0
2024,Tyler Alexander,TBR,62.0,17735,641302,455,0.335,20.1
2024,Roansy Contreras,- - -,60.2,22810,672710,298,0.345,20.9
2026,Tyler Holton,DET,68.0,26231,663947,300,0.301,23.4
2026,Zach Agnos,COL,80.1,31552,688642,407,0.349,21.1
2017,Dan Jennings,- - -,62.2,8073,543359,266,0.309,20.9
2017,Jeremy Jeffress,- - -,63.1,9490,502026,295,0.323,23.7
2018,Tommy Hunter,PHI,64.0,1157,488984,270,0.307,21.3
2021,Adam Cimber,- - -,71.2,15288,643256,286,0.286,20.1
2022,Jaime Barria,LAA,74.2,18356,642545,316,0.316,23.3
2024,Tyler Rogers,SFG,70.1,15541,643511,290,0.276,18.6
2024,Bryse Wilson,MIL,63.0,19990,669060,442,0.354,20.8
2025,Brock Burke,LAA,60.2,17968,656271,257,0.303,23.4
2025,Caleb Ferguson,- - -,65.1,19349,657571,270,0.29,21.4
2016,Jhan Mariñez,- - -,62.1,5830,501697,269,0.3,20.7
2016,Arquimedes Caminero,- - -,60.2,8992,491708,280,0.343,23.1
2017,Nick Vincent,SEA,64.2,7555,543883,262,0.285,19.8
2018,Brad Ziegler,- - -,73.2,7293,446899,305,0.305,22.0
2024,Brent Suter,CIN,63.1,13942,608718,270,0.318,20.2
2024,Génesis Cabrera,TOR,62.2,17490,650893,271,0.324,26.1
2025,Tommy Kahnle,DET,63.0,11384,592454,267,0.328,25.4
2026,Brayan Bello,BOS,63.2,23920,678394,488,0.34,24.7
2016,Ryan Madson,OAK,64.2,1852,425492,270,0.292,25.1
2016,Tony Barnette,TEX,60.1,3555,501817,246,0.32,24.6
2016,Brett Oberholtzer,- - -,66.1,3855,519085,321,0.362,18.7
2016,Alex Wilson,DET,73.0,9239,543935,297,0.292,20.7
2016,Tony Cingrani,CIN,63.0,12555,571561,271,0.307,21.1
2018,Michael Lorenzen,CIN,67.1,14843,547179,344,0.319,16.9
2021,Dillon Tate,BAL,67.2,17796,622253,287,0.312,22.4
2022,Tyler Rogers,SFG,75.2,15541,643511,319,0.289,19.5
2025,Tyler Phillips,MIA,75.0,20629,663969,313,0.297,27.3
2026,Casey Legumina,- - -,60.1,25921,668984,300,0.315,20.9
2019,Josh Tomlin,ATL,76.1,9388,458708,320,0.314,19.8
2024,Dylan Floro,- - -,68.2,13394,571670,279,0.31,18.4
2024,Jared Shuster,CHW,64.0,27472,694363,321,0.334,23.4
2025,Steven Matz,- - -,67.2,13361,571927,309,0.287,18.8
2025,Tyler Rogers,- - -,77.1,15541,643511,299,0.256,15.9
2025,Lucas Erceg,KCR,61.1,19360,668674,249,0.305,24.7
2026,Carmen Mlodzinski,PIT,68.1,27572,669387,525,0.339,20.8
2016,Jeanmar Gómez,PHI,68.2,9033,491646,297,0.327,18.5
2016,Travis Wood,CHC,61.0,9884,475243,252,0.301,17.3
2018,Brian Flynn,KCR,75.2,12027,543169,336,0.352,19.4
2019,Héctor Rondón,HOU,60.0,2391,444468,257,0.304,22.6
2026,Kyle Finnegan,DET,60.2,15009,640448,270,0.362,25.2
2026,Brennan Bernardino,COL,61.0,16835,657514,261,0.295,22.2
2026,Jonathan Loáisiga,ARI,65.0,19753,642528,253,0.268,23.2
2016,Dan Jennings,CHW,60.2,8073,543359,259,0.299,20.2
2016,Adam Warren,- - -,60.1,9029,476589,277,0.312,23.4
2018,Kevin McCarthy,KCR,72.0,15240,641838,293,0.314,20.2
2024,Jason Foley,DET,60.0,19531,671345,250,0.323,22.3
2018,Dan Jennings,MIL,64.0,8073,543359,271,0.331,20.0
2023,Brusdar Graterol,LAD,65.1,20367,660813,257,0.275,16.6
2026,Wandy Peralta,SDP,70.1,14295,593974,315,0.316,22.1
2026,Erick Fedde,CHW,68.2,17425,607200,606,0.334,18.2
2017,Mike Montgomery,CHC,61.1,4869,543557,540,0.3,20.5
2017,Warwick Saupold,DET,62.2,13211,599683,280,0.34,18.3
2018,Jim Johnson,LAA,62.0,3656,462382,268,0.307,17.7
2019,Alex Claudio,MIL,62.0,12890,592222,267,0.303,24.1
2021,Jhoulys Chacín,COL,60.1,2608,468504,269,0.319,22.6
2024,José Ureña,TEX,64.2,11589,570632,463,0.327,23.1
2026,Taylor Clarke,ARI,70.2,17611,664199,282,0.322,22.5
2018,Alex Wilson,DET,61.2,9239,543935,245,0.306,20.6
2018,Brandon Kintzler,- - -,60.2,9939,445213,263,0.339,17.0
2018,Shane Carle,ATL,63.0,15258,641438,258,0.316,26.3
2022,Jason Foley,DET,60.1,19531,671345,256,0.3,16.7
2023,Andre Pallante,STL,68.0,26108,669467,302,0.312,18.2
2017,Alex Wilson,DET,60.0,9239,543935,260,0.328,19.3
2017,Chris Beck,CHW,64.2,13418,571476,294,0.377,18.2
2018,T.J. McFarland,ARI,72.0,3237,519008,292,0.297,20.0
2018,Austin Pruitt,TBR,69.2,15290,643493,291,0.31,20.4
2019,Yoan López,ARI,60.2,17181,661255,246,0.377,21.2
2021,Jose Alvarez,SFG,63.0,5358,501625,266,0.287,20.7
2021,Richard Rodríguez,- - -,64.1,13549,593144,251,0.32,20.2
2021,Brett Martin,TEX,62.1,17369,656685,264,0.29,22.7
2023,Xzavion Curry,CLE,60.2,25595,675540,404,0.343,20.8
2018,Alex Claudio,TEX,67.1,12890,592222,299,0.319,24.4
2025,Brenan Hanifee,DET,60.0,22304,669724,260,0.315,16.1
2016,Vance Worley,BAL,64.2,6435,474699,364,0.313,12.7
2017,Brandon Kintzler,- - -,71.1,9939,445213,288,0.298,13.4
2025,Daniel Lynch IV,KCR,63.1,21537,663738,289,0.328,22.3
2026,Tyler Rogers,TOR,70.0,15541,643511,290,0.266,14.5
2017,Dan Otero,CLE,60.0,7385,519096,242,0.313,15.2
2019,Kevin McCarthy,KCR,60.1,15240,641838,268,0.313,20.4
2024,John King,STL,60.0,22051,667463,248,0.308,17.5
2021,Yusmeiro Petit,OAK,78.0,4020,433589,313,0.32,21.0
2025,Tim Hill,NYY,67.0,16814,657612,269,0.287,16.4
2017,Miguel Castro,BAL,63.0,15684,612434,274,0.315,22.6
2024,Tim Hill,- - -,67.0,16814,657612,291,0.296,12.8
2026,Miles Mikolas,WSN,63.0,9803,571945,498,0.354,14.5
2016,Blaine Boyer,MIL,66.0,2237,430641,282,0.287,13.1
2017,Richard Bleier,BAL,63.1,7803,542947,265,0.286,18.3
