pitcher,pitch,name,pitches,usage%,velo,spin,IVB in,HB in,swings,whiff%,chase%,CSW%,BBE,hard hit%,barrel%,avg EV
Mason Miller,SL,Slider,561,49.64601769911504,88.03172905525847,2409.9500891265598,-4.089197860962567,9.933689839572192,243,55.96707818930041,41.63934426229508,49.01960784313725,45,13.333333333333334,0.0,82.30444444444446
Mason Miller,FF,4-Seam Fastball,541,47.876106194690266,101.46062846580406,2512.5600739371534,16.405841035120147,-5.968502772643253,282,36.87943262411347,31.615120274914087,31.42329020332717,64,39.0625,10.9375,89.1640625
Mason Miller,CH,Changeup,22,1.9469026548672566,96.5909090909091,2159.7272727272725,3.4309090909090907,-14.923636363636364,7,14.285714285714285,21.052631578947366,4.545454545454546,2,50.0,50.0,82.35
Mason Miller,SI,Sinker,1,0.08849557522123894,100.9,2681.0,18.0,-3.5999999999999996,1,100.0,100.0,100.0,0,,,
Mason Miller,All,All pitches,1130,100.0,94.66835555555555,2454.641777777778,5.933333333333334,1.7883733333333338,533,45.40337711069418,36.36363636363637,39.557522123893804,111,28.82882882882883,7.207207207207207,86.26036036036032
Adrián Morejón,SI,Sinker,619,46.61144578313253,99.49773828756058,2403.2342487883684,9.25492730210016,16.013505654281097,310,19.35483870967742,27.049180327868854,29.563812600969307,127,30.708661417322837,1.574803149606299,86.14960629921259
Adrián Morejón,CH,Changeup,301,22.665662650602407,92.06445182724254,1039.906976744186,-1.131029900332226,10.764916943521595,179,55.3072625698324,52.96803652968036,39.202657807308974,35,28.57142857142857,0.0,85.07428571428572
Adrián Morejón,SL,Slider,198,14.909638554216867,89.38333333333333,2892.222222222222,-0.5266666666666667,-5.716363636363637,76,30.263157894736842,24.742268041237114,37.878787878787875,27,44.44444444444444,7.4074074074074066,88.02222222222223
Adrián Morejón,FF,4-Seam Fastball,184,13.855421686746988,99.26684782608694,2446.288043478261,15.236739130434783,6.033260869565218,121,42.97520661157025,48.113207547169814,32.608695652173914,21,33.33333333333333,4.761904761904762,87.68095238095239
Adrián Morejón,All,All pitches,1328,100.0,96.20852534562212,2168.5030721966205,6.211705069124424,10.085161290322578,686,34.11078717201166,38.58858858858859,32.831325301204814,210,32.38095238095238,2.380952380952381,86.36428571428571
