Name,Team,BABIP,GB/FB,LD%,GB%,FB%,IFFB%,HR/FB,IFH,IFH%,BUH,BUH%,Pull%,Cent%,Oppo%,Soft%,Med%,Hard%,NameASCII,PlayerId,MLBAMID
"Henry Bolte","ATH",0.363636363,1.769230769,0.2,0.511111111,0.288888888,0.076923076,0.153846153,1,0.04347826,1,0.5,0.23404255,0.5106383,0.25531915,0.10638298,0.38297872,0.5106383,"Henry Bolte",31448,703607
"James Wood","WSN",0.25,2.166666666,0.173913043,0.565217391,0.260869565,0.083333333,0.166666666,0,0,0,0,0.43478261,0.34782609,0.2173913,0.02173913,0.47826087,0.5,"James Wood",29518,695578
"José Fermín","STL",0.2,1.15,0.232142857,0.410714285,0.357142857,0.1,0.05,2,0.086956521,0,0,0.57894737,0.35087719,0.07017544,0.10526316,0.40350877,0.49122807,"Jose Fermin",21746,665877
"Griffin Conine","MIA",0.305555555,0.636363636,0.162790697,0.325581395,0.511627906,0.136363636,0.318181818,2,0.142857142,0,0,0.34883721,0.44186047,0.20930233,0.13953488,0.37209302,0.48837209,"Griffin Conine",21626,665052
"Wilyer Abreu","BOS",0.172413793,0.43902439,0.119402985,0.268656716,0.611940298,0.146341463,0.219512195,2,0.111111111,0,0,0.28358209,0.44776119,0.26865672,0.2238806,0.31343284,0.46268657,"Wilyer Abreu",23772,677800
"Andy Pages","LAD",0.349206349,1.217391304,0.215384615,0.43076923,0.353846153,0.130434782,0.086956521,4,0.142857142,0,0,0.44615385,0.29230769,0.26153846,0.12307692,0.41538462,0.46153846,"Andy Pages",24816,681624
"Jackson Merrill","SDP",0.343283582,0.567567567,0.236842105,0.276315789,0.486842105,0.027027027,0.243243243,1,0.047619047,0,0,0.35526316,0.38157895,0.26315789,0.05263158,0.48684211,0.46052632,"Jackson Merrill",29490,701538
"Heriberto Hernández","MIA",0.29787234,1.368421052,0.1,0.52,0.38,0.105263157,0.157894736,1,0.038461538,0,0,0.54,0.34,0.12,0.12,0.42,0.46,"Heriberto Hernandez",24878,681715
"Randy Arozarena","SEA",0.261538461,1.454545454,0.205882352,0.470588235,0.323529411,0.09090909,0.136363636,2,0.0625,0,0,0.38235294,0.36764706,0.25,0.11764706,0.42647059,0.45588235,"Randy Arozarena",19290,668227
"Kody Clemens","MIN",0.196721311,0.896551724,0.140625,0.40625,0.453125,0.068965517,0.137931034,2,0.076923076,1,1,0.52307692,0.26153846,0.21538462,0.13846154,0.41538462,0.44615385,"Kody Clemens",20572,665019
"Brandon Nimmo","TEX",0.406779661,0.916666666,0.269841269,0.349206349,0.38095238,0.083333333,0.166666666,1,0.045454545,0,0,0.36507937,0.33333333,0.3015873,0.11111111,0.44444444,0.44444444,"Brandon Nimmo",12927,607043
"Dylan Crews","WSN",0.306122448,0.642857142,0.115384615,0.346153846,0.538461538,0,0.107142857,1,0.055555555,0,0,0.40384615,0.40384615,0.19230769,0.13461538,0.42307692,0.44230769,"Dylan Crews",33541,686611
"Tim Tawa","ARI",0.28125,1.037037037,0.166666666,0.424242424,0.409090909,0.148148148,0.111111111,2,0.071428571,1,0.5,0.42647059,0.38235294,0.19117647,0.11764706,0.44117647,0.44117647,"Tim Tawa",29571,694374
"JJ Bleday","CIN",0.195652173,0.555555555,0.16,0.3,0.54,0.074074074,0.148148148,0,0,0,0,0.38,0.44,0.18,0.1,0.46,0.44,"JJ Bleday",26368,668709
"Isaac Collins","KCR",0.267857142,0.958333333,0.160714285,0.410714285,0.428571428,0.25,0.041666666,0,0,0,0,0.33333333,0.28070175,0.38596491,0.1754386,0.38596491,0.43859649,"Isaac Collins",25477,686555
"Pete Crow-Armstrong","CHC",0.365384615,0.333333333,0.298245614,0.175438596,0.526315789,0.066666666,0.166666666,1,0.1,0,0,0.50877193,0.33333333,0.15789474,0.14035088,0.42105263,0.43859649,"Pete Crow-Armstrong",27769,691718
"Chase DeLauter","CLE",0.333333333,1.631578947,0.21875,0.484375,0.296875,0.052631578,0.052631578,0,0,0,0,0.375,0.34375,0.28125,0.078125,0.484375,0.4375,"Chase DeLauter",32127,800050
"Jarren Duran","BOS",0.257575757,1.434782608,0.164179104,0.492537313,0.343283582,0.130434782,0.130434782,5,0.151515151,2,0.666666666,0.41428571,0.37142857,0.21428571,0.17142857,0.4,0.42857143,"Jarren Duran",24617,680776
"Corbin Carroll","ARI",0.223880597,0.806451612,0.2,0.357142857,0.442857142,0.032258064,0.096774193,0,0,0,0,0.38571429,0.32857143,0.28571429,0.07142857,0.5,0.42857143,"Corbin Carroll",25878,682998
"Dylan Beavers","BAL",0.355555555,1.0625,0.266666666,0.377777777,0.355555555,0.1875,0,1,0.058823529,0,0,0.44444444,0.33333333,0.22222222,0.11111111,0.46666667,0.42222222,"Dylan Beavers",31695,687637
"Jac Caglianone","KCR",0.278688524,1.545454545,0.164179104,0.507462686,0.328358208,0.09090909,0.272727272,3,0.088235294,0,0,0.47761194,0.26865672,0.25373134,0.10447761,0.47761194,0.41791045,"Jac Caglianone",35041,695506
"Fernando Tatis Jr.","SDP",0.287671232,1.225806451,0.126582278,0.481012658,0.392405063,0.161290322,0.193548387,5,0.131578947,0,0,0.51898734,0.27848101,0.20253165,0.13924051,0.44303797,0.41772152,"Fernando Tatis Jr.",19709,665487
"Sam Antonacci","CHW",0.24137931,2.25,0.133333333,0.6,0.266666666,0,0.125,2,0.055555555,0,0,0.44262295,0.37704918,0.18032787,0.09836066,0.49180328,0.40983607,"Sam Antonacci",35101,803011
"Kyle Stowers","MIA",0.34,0.366666666,0.24074074,0.203703703,0.555555555,0.133333333,0.133333333,0,0,0,0,0.37037037,0.37037037,0.25925926,0.12962963,0.46296296,0.40740741,"Kyle Stowers",26151,669065
"Braden Montgomery","CHW",0.320754716,2.066666666,0.148148148,0.574074074,0.277777777,0.133333333,0.066666666,1,0.032258064,0,0,0.37037037,0.38888889,0.24074074,0.14814815,0.44444444,0.40740741,"Braden Montgomery",35423,695731
"Lars Nootbaar","- - -",0.228070175,1.45,0.140350877,0.508771929,0.350877192,0,0,0,0,0,0,0.33333333,0.45614035,0.21052632,0.10526316,0.49122807,0.40350877,"Lars Nootbaar",21454,663457
"Jake Bauers","MIL",0.357142857,1.125,0.244444444,0.4,0.355555555,0.0625,0.1875,0,0,0,0,0.53333333,0.22222222,0.24444444,0.11111111,0.48888889,0.4,"Jake Bauers",15194,641343
"Jackson Chourio","MIL",0.327868852,1.476190476,0.2,0.476923076,0.323076923,0.047619047,0.19047619,3,0.096774193,0,0,0.26153846,0.56923077,0.16923077,0.10769231,0.49230769,0.4,"Jackson Chourio",28806,694192
"Daylen Lile","WSN",0.283018867,0.6,0.172413793,0.310344827,0.517241379,0.1,0.166666666,1,0.055555555,0,0,0.44827586,0.27586207,0.27586207,0.0862069,0.51724138,0.39655172,"Daylen Lile",29995,695734
"Garrett Mitchell","MIL",0.265306122,3.625,0.244897959,0.591836734,0.163265306,0,0,3,0.103448275,0,0,0.28571429,0.42857143,0.28571429,0.16326531,0.44897959,0.3877551,"Garrett Mitchell",27555,669003
"Ceddanne Rafaela","BOS",0.328947368,0.878787878,0.253012048,0.34939759,0.397590361,0.09090909,0.212121212,2,0.068965517,0,0,0.3373494,0.3253012,0.3373494,0.12048193,0.4939759,0.38554217,"Ceddanne Rafaela",24262,678882
"Michael Harris II","ATL",0.29113924,1.233333333,0.182926829,0.451219512,0.365853658,0.133333333,0.133333333,0,0,1,1,0.34939759,0.34939759,0.30120482,0.14457831,0.46987952,0.38554217,"Michael Harris II",25931,671739
"A.J. Ewing","NYM",0.313432835,1.55,0.23880597,0.462686567,0.298507462,0.15,0,4,0.129032258,0,0,0.39705882,0.36764706,0.23529412,0.11764706,0.5,0.38235294,"A.J. Ewing",33656,805999
"Heliot Ramos","- - -",0.296296296,3.181818181,0.163636363,0.636363636,0.2,0.181818181,0.09090909,3,0.085714285,0,0,0.36363636,0.34545455,0.29090909,0.16363636,0.45454545,0.38181818,"Heliot Ramos",22515,671218
"Jasson Domínguez","NYY",0.285714285,0.72,0.14,0.36,0.5,0.24,0.04,1,0.055555555,0,0,0.44,0.38,0.18,0.22,0.4,0.38,"Jasson Dominguez",28080,691176
"Trent Grisham","NYY",0.13114754,0.928571428,0.15625,0.40625,0.4375,0.214285714,0.107142857,0,0,0,0,0.53125,0.328125,0.140625,0.140625,0.484375,0.375,"Trent Grisham",18564,663757
"Cole Carrigg","COL",0.381818181,1,0.272727272,0.363636363,0.363636363,0.05,0.05,2,0.1,1,1,0.44642857,0.25,0.30357143,0.10714286,0.51785714,0.375,"Cole Carrigg",33253,694249
"Jo Adell","- - -",0.25,0.619047619,0.209302325,0.302325581,0.488372093,0,0.142857142,0,0,0,0,0.39534884,0.37209302,0.23255814,0.23255814,0.39534884,0.37209302,"Jo Adell",20220,666176
"Tyler Soderstrom","ATH",0.315789473,1.476190476,0.161290322,0.5,0.338709677,0.047619047,0.238095238,0,0,0,0,0.43548387,0.38709677,0.17741935,0.08064516,0.5483871,0.37096774,"Tyler Soderstrom",27467,691016
"Teoscar Hernández","LAD",0.307692307,1.083333333,0.09090909,0.472727272,0.436363636,0.208333333,0.125,2,0.076923076,0,0,0.38181818,0.38181818,0.23636364,0.18181818,0.45454545,0.36363636,"Teoscar Hernandez",13066,606192
"Esmerlyn Valdez","PIT",0.206896551,0.368421052,0.212121212,0.212121212,0.575757575,0.052631578,0.210526315,0,0,0,0,0.42424242,0.36363636,0.21212121,0.09090909,0.54545455,0.36363636,"Esmerlyn Valdez",29005,699013
"Mickey Moniak","COL",0.285714285,0.833333333,0.16981132,0.37735849,0.452830188,0.208333333,0.166666666,0,0,0,0,0.45283019,0.39622642,0.1509434,0.13207547,0.50943396,0.35849057,"Mickey Moniak",19956,666160
"Ian Happ","CHC",0.270833333,1.045454545,0.117647058,0.450980392,0.431372549,0.045454545,0.136363636,4,0.173913043,0,0,0.52941176,0.29411765,0.17647059,0.1372549,0.50980392,0.35294118,"Ian Happ",17919,664023
"Seiya Suzuki","CHC",0.339622641,0.620689655,0.175438596,0.315789473,0.508771929,0.137931034,0.137931034,1,0.055555555,0,0,0.42105263,0.35087719,0.22807018,0.1754386,0.47368421,0.35087719,"Seiya Suzuki",30116,673548
"Cam Smith","HOU",0.333333333,0.894736842,0.162790697,0.395348837,0.441860465,0.105263157,0.210526315,2,0.117647058,0,0,0.51162791,0.27906977,0.20930233,0.13953488,0.51162791,0.34883721,"Cam Smith",35108,701358
"Riley Greene","DET",0.25,0.913043478,0.2,0.381818181,0.418181818,0,0.130434782,3,0.142857142,0,0,0.32727273,0.38181818,0.29090909,0.16363636,0.49090909,0.34545455,"Riley Greene",25976,682985
"Jake Mangum","PIT",0.353846153,1.526315789,0.25,0.453125,0.296875,0,0.105263157,4,0.137931034,1,0.333333333,0.26865672,0.34328358,0.3880597,0.08955224,0.56716418,0.34328358,"Jake Mangum",26202,663968
"Leody Taveras","BAL",0.209302325,0.944444444,0.166666666,0.404761904,0.428571428,0.111111111,0.111111111,2,0.117647058,0,0,0.42553191,0.27659574,0.29787234,0.17021277,0.4893617,0.34042553,"Leody Taveras",18900,665750
"Taylor Ward","- - -",0.224137931,0.958333333,0.20338983,0.389830508,0.406779661,0.166666666,0.041666666,2,0.086956521,0,0,0.37288136,0.25423729,0.37288136,0.20338983,0.45762712,0.33898305,"Taylor Ward",17548,621493
"Luis Rengifo","SDP",0.372881355,1.882352941,0.169491525,0.542372881,0.288135593,0.058823529,0.117647058,1,0.03125,2,0.666666666,0.46774194,0.27419355,0.25806452,0.11290323,0.5483871,0.33870968,"Luis Rengifo",19858,650859
"Mauricio Dubón","ATL",0.298701298,0.96875,0.181818181,0.402597402,0.415584415,0.125,0,0,0,0,0,0.2987013,0.41558442,0.28571429,0.11688312,0.54545455,0.33766234,"Mauricio Dubon",16530,643289
"Julio Rodríguez","SEA",0.27118644,0.807692307,0.253968253,0.333333333,0.412698412,0.153846153,0.153846153,3,0.142857142,0,0,0.50793651,0.28571429,0.20634921,0.14285714,0.52380952,0.33333333,"Julio Rodriguez",23697,677594
"Tommy Edman","LAD",0.267857142,1.272727272,0.137931034,0.48275862,0.379310344,0.045454545,0.09090909,1,0.035714285,0,0,0.44827586,0.36206897,0.18965517,0.10344828,0.56896552,0.32758621,"Tommy Edman",19470,669242
"Lawrence Butler","ATH",0.288461538,0.958333333,0.129629629,0.425925925,0.444444444,0,0.083333333,1,0.04347826,0,0,0.32727273,0.43636364,0.23636364,0.09090909,0.58181818,0.32727273,"Lawrence Butler",22542,671732
"Mike Trout","LAA",0.340425531,0.9,0.224489795,0.367346938,0.408163265,0,0.1,2,0.111111111,0,0,0.30612245,0.36734694,0.32653061,0.12244898,0.55102041,0.32653061,"Mike Trout",10155,545361
"Daulton Varsho","- - -",0.258064516,1,0.129032258,0.43548387,0.43548387,0.185185185,0.037037037,5,0.185185185,1,1,0.52380952,0.31746032,0.15873016,0.14285714,0.53968254,0.31746032,"Daulton Varsho",19918,662139
"Dane Myers","CIN",0.390243902,1.461538461,0.179487179,0.487179487,0.333333333,0.23076923,0,3,0.157894736,0,0,0.2195122,0.46341463,0.31707317,0.2195122,0.46341463,0.31707317,"Dane Myers",22054,667472
"Wyatt Langford","TEX",0.267857142,0.535714285,0.283333333,0.25,0.466666666,0.25,0.142857142,1,0.066666666,0,0,0.51666667,0.23333333,0.25,0.2,0.48333333,0.31666667,"Wyatt Langford",33333,694671
"Jake McCarthy","COL",0.355263157,1.285714285,0.351351351,0.364864864,0.283783783,0.142857142,0.142857142,2,0.074074074,2,0.4,0.43037975,0.3164557,0.25316456,0.16455696,0.51898734,0.3164557,"Jake McCarthy",21622,664983
"Bryan Reynolds","PIT",0.321428571,1.136363636,0.175438596,0.438596491,0.385964912,0.045454545,0.045454545,1,0.04,0,0,0.40350877,0.33333333,0.26315789,0.15789474,0.52631579,0.31578947,"Bryan Reynolds",19326,668804
"Nathan Church","STL",0.27118644,0.818181818,0.285714285,0.321428571,0.392857142,0.09090909,0.045454545,1,0.055555555,1,0.2,0.39344262,0.32786885,0.27868852,0.14754098,0.54098361,0.31147541,"Nathan Church",31357,701675
"Zach McKinstry","DET",0.344827586,0.818181818,0.310344827,0.310344827,0.379310344,0.045454545,0,1,0.055555555,0,0,0.34482759,0.46551724,0.18965517,0.12068966,0.56896552,0.31034483,"Zach McKinstry",19392,656716
"Carson Benge","NYM",0.375,2.133333333,0.189655172,0.551724137,0.258620689,0,0.133333333,4,0.125,0,0,0.36206897,0.29310345,0.34482759,0.10344828,0.5862069,0.31034483,"Carson Benge",35177,701807
"Jordan Walker","STL",0.328358208,1.035714285,0.161764705,0.426470588,0.411764705,0.107142857,0.035714285,3,0.103448275,0,0,0.44117647,0.38235294,0.17647059,0.26470588,0.42647059,0.30882353,"Jordan Walker",27475,691023
"Kyle Tucker","LAD",0.218181818,0.633333333,0.169491525,0.322033898,0.508474576,0.1,0.133333333,2,0.105263157,0,0,0.37288136,0.33898305,0.28813559,0.11864407,0.57627119,0.30508475,"Kyle Tucker",18345,663656
"Brandon Marsh","PHI",0.206349206,1.136363636,0.253968253,0.396825396,0.349206349,0,0.045454545,1,0.04,0,0,0.40625,0.296875,0.296875,0.078125,0.640625,0.28125,"Brandon Marsh",20202,669016
"Luke Keaschall","MIN",0.314814814,1.04347826,0.160714285,0.428571428,0.410714285,0.04347826,0.086956521,3,0.125,0,0,0.52631579,0.26315789,0.21052632,0.21052632,0.50877193,0.28070175,"Luke Keaschall",33321,807712
"Jung Hoo Lee","SFG",0.289855072,1.458333333,0.191780821,0.479452054,0.328767123,0.083333333,0.166666666,2,0.057142857,0,0,0.34246575,0.49315068,0.16438356,0.20547945,0.53424658,0.26027397,"Jung Hoo Lee",33824,808982
"Steven Kwan","CLE",0.470588235,1.625,0.373134328,0.388059701,0.23880597,0,0.0625,1,0.038461538,1,0.5,0.2173913,0.4057971,0.37681159,0.08695652,0.66666667,0.24637681,"Steven Kwan",24610,680757
"Tristan Peters","CHW",0.145833333,0.695652173,0.133333333,0.355555555,0.511111111,0.086956521,0,0,0,0,0,0.52083333,0.14583333,0.33333333,0.16666667,0.625,0.20833333,"Tristan Peters",30063,671976
"Nathan Lukes","TOR",0.23880597,1.9,0.107692307,0.584615384,0.307692307,0.1,0.05,2,0.052631578,2,0.666666666,0.36764706,0.33823529,0.29411765,0.13235294,0.67647059,0.19117647,"Nathan Lukes",18123,664770
"Chandler Simpson","TBR",0.425,1.857142857,0.2,0.52,0.28,0,0,10,0.256410256,3,0.428571428,0.29268293,0.45121951,0.25609756,0.13414634,0.70731707,0.15853659,"Chandler Simpson",31912,802415