Name,Team,PA,BB%+,K%+,AVG+,OBP+,SLG+,wRC+,ISO+,BABIP+,LD%+,GB%+,FB%+,Pull%+,Cent%+,Oppo%+,NameASCII,PlayerId,MLBAMID
"Yordan Alvarez","HOU",513,180.6379709367208,77.50218166408568,134.6830588325113,138.85938250890712,159.01870167914592,190.24423737887815,196.77945352854798,118.19105616541661,118.92555189061858,72.32976343835298,119.55072320221728,99.30126415490767,97.2449349994405,105.3404199776488,"Yordan Alvarez",19556,670541
"Willson Contreras","BOS",435,122.10154562994006,113.99216675504927,119.01811519562715,124.45631274191449,135.09958141336446,156.06859435852328,160.05262371100946,121.7017794822451,104.59414288351499,88.54508726695458,109.67122083201542,126.53144165888222,85.54062821386059,74.3787777852426,"Willson Contreras",11609,575929
"Pete Crow-Armstrong","CHC",521,136.69033590879815,121.86408113263734,116.656657709312,121.07927259428762,134.2942353568946,155.71301462412234,161.49548550329519,123.87499296332211,109.19687462407803,72.10193224195659,125.88984222746535,125.01264239089205,83.5666933241283,81.83578660317568,"Pete Crow-Armstrong",27769,691718
"Junior Caminero","TBR",506,140.70275146746124,82.10577769990846,116.23728213677886,117.6298134252344,139.0688500296333,152.64695515213015,174.49578127368204,99.65128266295044,77.54393356182557,122.21235911420581,87.8416504717137,118.63926763712837,98.0097165016127,69.84765690930742,"Junior Caminero",28163,691406
"Shohei Ohtani","LAD",492,156.05566912348482,103.98041861481362,119.5285430909186,124.03958612720365,134.83520321583714,152.5468708832319,158.4416376922764,117.35432767828935,101.02506917045753,98.51984674510575,101.10028152145927,120.58142069807151,81.60923171075204,92.28510371557158,"Shohei Ohtani",19755,660271
"James Wood","WSN",535,187.1907096771607,130.6280039207302,107.7716745120531,122.34529995961346,131.88549028185085,150.99315893316907,169.07460222979412,114.471940804384,104.86028010079576,101.51714364222208,95.8643912727869,81.15192569254181,99.8476583792623,132.30592439607818,"James Wood",29518,695578
"Ben Rice","NYY",479,136.8374704124282,111.91467033873725,107.70485487836426,111.70208184556247,138.87407189800547,149.71363678282378,187.23823163586107,99.65128266295045,95.77896804222202,101.12574718718315,100.88464233273571,114.38032727550575,95.21828327932312,81.56706231938522,"Ben Rice",29576,700250
"CJ Abrams","WSN",493,94.79772842293917,104.69601818500092,116.93603452708213,112.53687729048927,135.06717768537933,145.9401334609548,163.02962045564234,111.40914626606249,103.3112632266524,84.32124352693397,115.49526806035915,108.33840849215366,90.5256698152498,99.87970180396744,"CJ Abrams",25768,682928
"Nick Kurtz","ATH",434,205.70740260217386,145.13450317939933,106.07296331378552,125.4725701968002,121.83870533322579,143.5753561135375,146.30184854254767,126.66202512862034,118.61665440176532,100.68303084617149,90.22696100743465,79.63332300665155,112.74493819217979,117.22001396040649,"Nick Kurtz",35110,701762
"Dillon Dingler","DET",458,71.55583903968493,96.56305659368188,114.0621297720848,107.61602127818834,133.81157715598908,141.30164614639742,164.45609300625063,104.99590179283057,105.43702630788513,89.4960274188191,108.2723531078674,102.11122793647304,104.6378248600883,89.34898269412027,"Dillon Dingler",27464,693307
"Randy Arozarena","SEA",470,108.19998799070521,93.1471358430024,115.75193913584528,117.88275227811624,112.74637032981441,140.25332534959495,108.08274876323681,116.65259960000421,103.7895728610186,120.73004138733334,76.60560035899009,90.59483150568981,98.92897291388175,118.30224535274662,"Randy Arozarena",19290,668227
"Matt Olson","ATL",512,113.01314117282566,112.4085191605152,108.20755775891541,107.14316832645183,135.08467796619573,139.95718960508214,176.53544689315842,101.41138375606569,85.05232360908175,83.30225567897861,125.90295699713477,96.62356792610807,104.76285328813297,98.67269603543232,"Matt Olson",14344,621566
"Kyle Schwarber","PHI",497,163.44138459940746,158.99679007073152,99.04877539815527,113.11302202876283,127.90888600190635,138.68581765245966,172.41788561304517,110.67429341238999,132.16066413486848,66.24389372353909,120.62367590581925,137.12504855771323,76.25780665743036,72.07586279907929,"Kyle Schwarber",16478,656941
"Jake Bauers","MIL",412,151.24686246232022,119.73612012006123,108.72985648276537,115.7486654239109,122.09692582466477,138.26158229598107,142.71206003390455,112.94564806801269,106.55052180497142,100.90066308832617,95.67982365404643,110.45727183735767,86.30289788516542,102.54525110820612,"Jake Bauers",15194,641343
"Freddie Freeman","LAD",489,116.0531354167154,72.85919772158167,123.40197307146077,117.9192332864885,117.1491627300153,136.3717542882488,107.50588911957986,116.48022039532076,124.73907652945174,100.5392165769974,86.82058081958351,86.83004796097448,104.24036322436392,116.11741662832178,"Freddie Freeman",5361,518692
"Kevin McGonigle","DET",510,161.757803815549,60.43940786828372,119.08108810223924,124.15662418956906,108.61960393235034,135.97813378805392,92.38690783820667,110.66091464531415,113.74199755638654,77.90212779123704,116.28154087477962,91.4115745221926,99.72688930719904,115.66409402093521,"Kevin McGonigle",33572,805808
"Luis García Jr.","- - -",391,51.31481751719025,71.26096830340767,114.69259587459722,98.12591985798157,137.1659643992084,134.6082273380342,171.8278265462585,96.64157140458863,108.69468023724505,104.06535511190123,91.16141051143485,110.23954696569665,99.4710810157344,83.25789484240437,"Luis Garcia Jr.",20391,671277
"Bryce Harper","PHI",499,165.01625895540252,96.11416436752343,104.17794858682224,113.68223916250051,124.03545315920354,134.28688667639804,154.6603448110555,95.78264422738113,97.87925172286126,103.57403207114508,97.16284437120547,99.48709252189035,106.93623449992458,90.57092308082905,"Bryce Harper",11579,547180
"Mike Trout","LAA",438,203.8287961392736,114.23132110470127,98.72097478938828,121.43538307761308,112.20286961803716,132.1867777421238,133.12224884160634,101.66218302093617,90.06533181725624,87.36957222590132,117.96615879209307,97.2053041815711,95.93367213406879,111.01493629524617,"Mike Trout",10155,545361
"Elly De La Cruz","CIN",435,122.78562965112147,121.80563315619233,111.3060072295621,111.06167497997926,124.11410307085052,130.67966496905936,143.8671706179008,117.23030064999007,104.65546174080484,110.45477580714287,86.17507457567635,84.14014548767132,113.18833608565232,107.40566727865237,"Elly De La Cruz",26668,682829
"Riley Greene","DET",487,141.5511599637253,119.24925600817224,114.13698975241064,116.36815439919899,114.6717226368857,130.371799904691,115.50145930793467,124.6540416135111,118.66725856485732,85.43305314052581,106.05517174399044,91.75498237756973,104.6688792009655,107.70114716464396,"Riley Greene",25976,682985
"Seiya Suzuki","CHC",443,133.12747847373907,115.48163875103879,109.18589244654018,112.57398326838867,115.75408570175203,129.5465199227563,125.88377468200645,113.12521195975236,108.35000116214974,80.67874827244262,116.92260700569797,106.84743742123266,96.71804098104727,93.2201202800415,"Seiya Suzuki",30116,673548
"Jordan Walker","STL",484,85.06519860950014,112.3052971080375,115.07990705935096,106.25768731312732,121.19473195345252,129.4245706315976,130.62522222222356,115.98812543942829,103.94702500557915,98.0049933101863,100.17759319325903,101.43530736985669,105.82948198561097,88.89884455241084,"Jordan Walker",27475,691023
"Jonathan Aranda","TBR",492,126.331061077206,102.60171676576934,118.9536504411431,118.40302449184958,110.59571352167936,128.6743407356222,97.62701578392807,122.82599971542287,136.30592594381233,88.44373608261485,94.33856926376136,68.36513576376977,117.9119132716814,129.55088417111372,"Jonathan Aranda",21837,666018
"Josh Jung","TEX",396,94.17406408194624,80.09482381063351,121.88069786706191,114.32755828993947,111.17326340995359,128.41117857018503,94.55893539801878,119.6175144048359,136.08772653004726,102.81954083676735,79.5006787882932,94.00073372723566,105.22639272566963,102.88197402145474,"Josh Jung",26299,673962
"Gabriel Moreno","ARI",368,126.99804405915431,68.26742330714389,122.83497313108325,119.4244007749376,109.03043633535196,128.34777279685088,87.74064736089284,115.35589381899105,116.94187760899901,99.70880863910978,91.69814160709518,95.82741870012987,78.13590728434353,139.57548064016447,"Gabriel Moreno",22664,672515
"Brice Turang","MIL",503,141.5818395361233,111.69552364251423,110.6425534149195,113.68223916250051,113.1951391397707,127.85905112320972,117.13182922864074,118.33923601597544,122.58144285449465,106.92594235569423,80.92015290838697,71.62563025097887,111.52009512655437,131.18328404987201,"Brice Turang",22186,668930
"Yandy Díaz","TBR",490,99.17105558787297,66.55306575155142,121.40004489399044,115.65569622316814,112.769334672492,127.43814938603589,99.3773846788031,111.60943686152808,100.94602242910847,118.51776692991747,80.28963542607057,59.187350423867876,127.99592883873356,130.85230870176505,"Yandy Diaz",16578,650490
"Bryan Reynolds","PIT",519,154.36921651070378,111.77251013185787,108.70074046163877,118.30977956363722,108.7773488716806,127.18004093413788,108.89550696661765,117.94078746420631,103.35641647562024,111.99264632030814,85.15095411008548,100.14213342632526,93.97426679281241,108.70782611885042,"Bryan Reynolds",19326,668804
"Shea Langeliers","ATH",416,92.36302449672505,103.0906289548405,109.23258343404692,105.02575986761578,125.4679433483254,127.13512193883388,150.65977600346733,102.7412450296213,101.57342520757469,83.02736119938665,116.87762901026446,95.6733446869435,101.99880806710976,104.71261406030723,"Shea Langeliers",25816,669127
"Max Muncy","LAD",405,131.88086160076878,116.16648346457654,100.92702875209186,106.97481749983612,119.67068662627891,126.88243224110936,148.5777677888481,98.97573897083628,89.72850727522655,94.70066839937972,111.03349172937291,135.2611503897237,70.76149950338973,83.41164179514433,"Max Muncy",13301,571970
"Alec Burleson","STL",491,95.18386977639514,74.42299386551345,114.81954493513362,108.55164171588349,116.46263562714849,125.9298141908311,118.99667362760948,105.89479236645329,105.46573155720138,103.82991683728073,93.02205093393842,124.02026957165555,78.01151448700814,91.7756585145938,"Alec Burleson",27615,676475
"Drake Baldwin","ATL",419,116.85147971899382,95.93283764998695,110.62722400072317,112.32714005795773,112.07609848184097,125.54347935746154,114.31060960702479,105.66640676427146,106.02821540833622,112.90687204142309,82.78962514106813,80.83463985467615,117.80345574857374,106.17706192531561,"Drake Baldwin",31539,686948
"Miguel Vargas","CHW",504,143.5033352057806,81.54523298706928,97.15764516772055,107.63120475184355,117.57208470637299,124.64689049154329,149.24844326748433,83.88367481663562,96.15798628544803,72.90840169750928,130.03297317944472,110.13489334890065,91.04293588964228,95.32150818748191,"Miguel Vargas",20178,678246
"Chase DeLauter","CLE",424,119.93866646615376,64.26955089110967,115.85274009380862,112.00450170086513,110.03605719250164,124.50012844357309,101.01053132413935,106.00160954547692,109.33807157239667,101.64378835735258,93.7452449605472,94.35439790868496,98.24281408503114,112.64408635651783,"Chase DeLauter",32127,800050
"Pete Alonso","BAL",506,127.30248990726487,111.24008584395241,102.29502203418359,107.61876556172068,114.61936112016066,123.41630773767666,133.7426032074074,101.18176333898114,110.03008491681246,98.44172377714365,96.73700749749709,85.83622601984509,116.09788381468502,101.21162831198738,"Pete Alonso",19251,624413
"Bobby Witt Jr.","KCR",435,111.70992393179773,75.9947778366995,118.68507509329037,112.81127768525221,114.4352861260558,123.00039719321482,107.84105331045384,112.43549353046878,109.682986637772,87.39808402849718,108.38620430239332,79.50771829779283,106.69010956713365,126.45174362556588,"Bobby Witt Jr.",25764,677951
"Tyler Soderstrom","ATH",435,135.09107077496262,86.26434255411061,101.80019111310786,107.716574828175,119.14966854789701,122.79350740717562,146.07023644726135,93.17574812879882,89.4133143036903,111.66151600164098,93.03131247396695,89.20315765885795,118.1325384449251,92.20288154255617,"Tyler Soderstrom",27467,691016
"Otto Lopez","MIA",494,54.060473821870104,60.10146371035393,128.81898740576193,109.15432086888524,115.87369537864531,122.11692162027563,95.90906186772162,119.14426486278076,79.93788818191521,122.14239365666045,85.94581432650268,76.68904904926266,118.81534490546153,111.72999803440634,"Otto Lopez",19608,672640
"Liam Hicks","- - -",425,112.70601718679573,41.91546788505553,114.33000149928164,114.02405624896205,107.78603028614093,121.34260348611127,97.70715343123571,95.06704313673899,85.0951486522488,108.51706027881167,98.24346383663729,111.09857083098235,99.62957532105983,81.55794698497864,"Liam Hicks",29844,689414
"Brandon Nimmo","TEX",469,91.56369575589426,96.203266551804,113.76861658568089,108.00832116816557,111.52706081012876,121.2134816070801,108.0489305056982,116.25982994783193,116.9234380564329,95.26097737056308,96.68765692279393,77.04910233494984,128.26979735410683,98.712575618928,"Brandon Nimmo",12927,607043
"Jackson Chourio","MIL",376,88.78282771526177,110.54833062805673,111.26583009234139,104.4490458004197,116.32779383666663,121.04704787094077,124.13452743694728,113.02292899110253,78.9033738815018,108.98437392443468,100.89031914326543,77.79240129215043,128.14672741911482,95.99262278581467,"Jackson Chourio",28806,694192
"Luis Arraez","- - -",487,59.407318151846624,20.6344242406696,131.65141336486138,112.10443746509269,110.02471047272412,120.98484759033231,76.67132629956282,111.77213090405058,121.07235411690445,89.06742022312875,101.25678975037171,79.17835786081588,104.99193948044447,128.02440646692185,"Luis Arraez",18568,650333
"Michael Harris II","ATL",444,42.60509240132732,86.41615878773366,118.33705009139048,99.68438894909778,121.98219188220973,120.59770346778494,127.60385777749221,110.19261597548086,96.92030285414661,104.08107781758886,97.09520584262395,91.62564687099129,114.9186781535114,92.09525817133229,"Michael Harris II",25931,671739
"TJ Rumfield","COL",459,109.09262419956191,65.67950793111667,121.29933667075608,117.47763512080635,114.33137417519433,120.39685514327164,103.58516972574625,113.07594140482983,120.08453943753383,91.31532769736181,99.29626540841737,106.7763444800127,88.46257962230453,105.60256296552959,"TJ Rumfield",29805,681198
"Sam Antonacci","CHW",382,76.9170366856252,67.8275166804546,113.71248850610971,114.44357961983562,101.82296326593826,119.9740234520563,83.37442685442318,108.42208863438525,109.45082181803065,124.60708636081368,69.81926285381334,92.38856807285902,108.25449018897982,101.24075362332145,"Sam Antonacci",35101,803011
"Ezequiel Duran","TEX",409,80.12854330376595,104.85501641567106,114.0594090995753,103.98117278250905,114.9189932174116,119.33924311127664,116.25278981859326,116.25982994783193,101.5332773250006,109.18649521829965,89.70390600284297,95.6733446869435,99.95883182551489,107.74776241754462,"Ezequiel Duran",23733,677649
"Cody Bellinger","NYY",434,143.21401439834324,72.05259011051321,107.59819522305736,110.88273623210291,105.902708615216,119.06044413852395,103.2718935432535,100.6544837374008,109.16379019743991,84.94182719444471,111.19231941728769,105.64761147052117,104.81450310227005,82.80355862959712,"Cody Bellinger",15998,641355
"Jac Caglianone","KCR",422,72.30425728126936,118.56236644405662,109.56642048848657,100.53156057586719,121.61083213970316,118.95894636562943,140.2997216242248,111.77103337492397,122.76185996590164,110.62565117136718,77.87330529423227,114.42652034903263,101.70268233572126,71.83728083256446,"Jac Caglianone",35041,695506
"Jake McCarthy","COL",394,50.83605548452359,78.83359503751288,123.8082750190052,106.29401500305202,127.20935874672999,118.81179083441955,132.45463096160046,117.26393926007654,126.60856712166444,102.47080809028914,83.75271577387548,98.73109621634599,102.9389170792967,97.7946622775946,"Jake McCarthy",21622,664983
"Corbin Carroll","ARI",495,128.13424660637293,102.42746439031617,98.42470579899903,105.15575590491663,115.39881864679693,118.50405545216009,141.57685034876158,99.08390946035142,84.51276803049167,100.70722794506197,107.10576329057898,119.56037762444898,87.82641743954083,84.78884311343265,"Corbin Carroll",25878,682998
"Isaac Paredes","HOU",472,107.74151436556106,65.30529240951685,104.98993610583109,110.00487355296733,105.37401534832888,118.45585554269555,105.96998732157078,93.86114691225781,133.53044434641947,65.37595450684907,119.66944293528876,115.10574391090707,87.15827969303476,92.27028139954214,"Isaac Paredes",20036,670623
"Christian Walker","HOU",473,97.95695488485822,105.77868642715427,100.27497828754073,101.74018508790279,115.97604548311394,118.08003143649482,140.33883454566848,96.54795541499493,71.75163366274484,104.71303132768506,108.85259089265182,107.28368078805187,83.86532207568493,111.06593064333252,"Christian Walker",13419,572233
"Ceddanne Rafaela","BOS",466,46.07658068052077,91.07076294273202,119.34419223492647,103.71359374052913,118.07522122401141,117.86677843211083,116.10621614104022,118.03208352012543,125.57630520684222,101.32071348838649,86.17595444739933,89.7531850694778,86.40038157634739,138.43794974884375,"Ceddanne Rafaela",24262,678882
"Andy Pages","LAD",500,91.24507151922909,91.35422509552981,109.6567661561957,104.72757689509184,112.70377022879599,117.67692917674684,117.40296809617574,104.87549059070231,107.30216979099477,87.53775660362707,109.93994232118108,89.90476637388723,104.62290878334477,110.3160312783013,"Andy Pages",24816,681624
"Brandon Lowe","PIT",490,99.91993853713208,128.64166388206618,103.12634354611899,99.86776942975483,120.04961291412974,116.7734505913117,146.1492326057269,105.10235142663116,110.40125182927949,80.78647878037363,115.76077442611134,119.79330692734578,95.81689955794288,72.52451436407316,"Brandon Lowe",18882,664040
"Rafael Devers","SFG",495,107.90252252095003,120.88286321496014,100.12264314770836,99.48867928977508,117.01987325724619,116.52362145675441,143.07933408705918,100.31046337196763,84.76668198787074,96.13927404303028,111.98195925855879,91.37828858485531,103.81919001285058,109.00180390458216,"Rafael Devers",17350,646240
"Jung Hoo Lee","SFG",433,46.257287663361936,45.360642784417855,122.30181020206659,105.09613318629556,109.46620941100267,116.52360051887354,89.67074464260403,109.35587645501805,118.4470229324924,109.35448811805604,80.36285151272817,97.46633346975217,107.83932259996752,92.66896657559519,"Jung Hoo Lee",33824,808982
"Hunter Goodman","COL",445,92.52035158484895,154.99424675399092,102.25983315314878,99.4603791556329,132.66976999828907,116.45252711369965,179.56896176240122,106.14670882081046,105.20449850866909,80.79875995796893,118.39170109393555,126.41265231501062,85.80259148081193,76.13208008271833,"Hunter Goodman",29715,696100
"Julio Rodríguez","SEA",462,85.61278501536532,90.89231509086541,107.9238254547488,102.10673025051642,107.77499857786135,115.89395799252402,107.54407963531716,102.38365676462473,112.33322639548918,97.06301423569947,97.04899944437557,95.13684891528798,106.60741263812143,98.80888074507101,"Julio Rodriguez",23697,677594
"JJ Bleday","CIN",369,159.82512988084844,97.79110774371838,91.38306669326587,105.87269596120308,113.25000913202594,115.2128482309216,146.97391926712,80.23734148632727,112.03810240400476,68.3511219784851,128.55407882664244,113.54698581404494,101.20305637261471,75.15602790817273,"JJ Bleday",26368,668709
"Wilyer Abreu","BOS",492,112.54949061349788,92.61393925284831,106.35059844301406,104.6716355323603,116.52553804468396,114.78615104401722,132.31363489545552,100.1228189312903,92.39427849743339,79.32664859780381,125.19325503805823,83.08993436891022,105.99728202866967,121.11857796959275,"Wilyer Abreu",23772,677800
"Chase Meidroth","CHW",475,109.4401756629675,101.57139894846017,113.68845797325817,110.7085293160945,101.88141502079415,114.33141377192622,83.56086339669642,119.7476248497547,114.75084777303157,121.1129662771969,70.87134213437623,101.0284783851231,92.51550116034873,109.30855825285323,"Chase Meidroth",31580,805367
"Ryan O'Hearn","PIT",398,86.67107514766101,98.69928841520284,109.69968096430993,104.15745181066521,111.82933794614746,114.27742855482875,115.11377364323192,106.07438510512208,111.27398908286325,95.59620743892512,99.08870631072362,102.50769548214838,91.93134789433157,107.71585982713728,"Ryan O'Hearn",16442,656811
"Sal Stewart","CIN",502,115.26439855282113,100.08928999745726,103.34594104834878,103.68944047736031,117.55178174742198,114.08128124864285,139.4604956062252,95.76018105499881,91.13240662137125,107.21127299635963,96.61043861446284,84.68291512547131,114.60956559026414,104.37098256082002,"Sal Stewart",31505,701398
"Garrett Mitchell","MIL",392,133.4158273654219,144.48882512653933,102.99753497347427,109.21079957837495,101.71638936943484,113.59050204587618,99.74057504257536,128.78093353371293,106.6375728710773,130.9543640384793,62.70375268391278,82.76197339300242,109.13140665267042,115.77689614234468,"Garrett Mitchell",27555,669003
"Fernando Tatis Jr.","SDP",513,101.94737620766998,88.14881362456089,114.21592240427611,109.57824033387121,100.68485405637055,113.53542132483693,79.81681610943949,115.45033351366494,95.52825461069935,120.50462219231821,79.80721915591674,92.42682815874566,102.02178696839846,109.8867734472108,"Fernando Tatis Jr.",19709,665487
"Casey Schmitt","SFG",409,29.927120492987942,90.46078488503565,110.15555736933325,93.73538787877915,119.01268119060163,113.43248795974064,132.67243256496835,99.81636355450193,102.37207012002952,71.30960339458301,130.23087135960614,99.20099567550199,100.03712262398648,101.3047840722108,"Casey Schmitt",27577,669477
"Nick Gonzales","PIT",467,66.71703095702183,78.24772988623937,125.57733537667977,112.79545528824914,99.09237677667834,112.3306846207597,58.24643390064208,126.41683909173899,102.37207012002952,123.60331255061057,72.92928796137946,100.22974675379402,93.17106788796262,109.75166005497611,"Nick Gonzales",27490,693304
"Taylor Ward","- - -",524,187.62924195424168,92.0733100157474,100.80786700303561,119.02687060773003,85.46794280174839,112.31853214599685,61.665545581184645,107.06205865300866,112.46548105721223,94.05108558171243,100.11561238422352,79.51709557872016,108.25768209486739,124.10279492790619,"Taylor Ward",17548,621493
"Cole Young","SEA",473,74.06501469660228,73.6672993244861,109.02217521812649,101.95573640195033,103.25788603538084,112.264476327128,94.31365695443998,101.25856144370606,111.41253556098015,94.05321105499094,100.62600043301717,109.90485068575566,97.41745701356949,86.24595388390173,"Cole Young",31680,702284
"Michael Busch","CHC",526,143.85293604270558,101.60118186808762,98.98015011295345,110.8096642740205,96.18447407828661,112.18038823241268,91.87290185726924,102.15533953295197,101.12742486104634,97.53593157478534,102.12633669687506,94.67983504262001,99.95444735307882,109.12264835584125,"Michael Busch",26319,683737
"Kyle Stowers","MIA",395,107.04886367592503,142.2350592970419,97.11284906659853,101.25944090025757,112.14765843129662,111.5443298618323,135.33483383438792,109.566000577409,101.9190962316038,83.08936085804409,117.55352973616853,117.04843482526161,90.66239842665087,84.85205405716817,"Kyle Stowers",26151,669065
"Iván Herrera","STL",516,114.2935521046013,80.55459764292918,98.93379890465496,111.14499200118364,95.12236124051836,111.33703160189133,89.24424877544669,95.621770741795,95.88162149861897,115.76679122529845,84.81895342418753,99.967158940319,104.80703538368405,92.91624212630708,"Ivan Herrera",20599,671056
"Xavier Edwards","MIA",493,128.65406087685977,59.29686000251168,116.4061423494696,114.26488604952887,97.02686729813476,110.06460973119974,67.13953716905667,110.38365716743289,105.46573155720138,109.0540636113388,87.29761702229723,78.03811666694675,100.03712262398648,137.32426324425265,"Xavier Edwards",22266,669364
"Carson Benge","NYM",461,79.65418115277727,100.07350033319176,109.6782416273379,102.76954648097083,101.55455198019038,108.86274253544444,89.02594687889744,112.2491846389187,116.0428742415242,106.3000296805573,84.93317683776309,87.09970659128284,103.31332437279089,117.03534077941539,"Carson Benge",35177,701807
"JJ Wetherholt","STL",502,121.91426703673218,70.06250322660564,99.85197831896875,108.6565993194207,94.29078941227858,108.42339608704856,85.71415441551017,90.90418825553296,95.16276891711892,106.46222456197165,95.3803564630463,87.76501581459985,114.03618902482151,99.97681870264496,"JJ Wetherholt",34985,802139
"Travis Bazzana","CLE",366,132.76999161386232,101.30672939314844,101.09007028147623,107.26318201986611,98.19673467259676,108.1095891862528,93.70725990204807,104.4801995776477,104.23311760064016,98.66521573353917,99.32677416757268,95.60819176443088,104.44505051341619,101.18875543941202,"Travis Bazzana",34967,683953
"Nolan Schanuel","LAA",404,97.90372996380374,60.816666239297255,113.24954935963336,108.92899853291802,98.3813106903928,107.65776443837433,75.31081208406414,105.44496201326344,126.77879407273045,108.45223689205608,78.17710629322406,108.32865178353224,106.0853836878654,76.1497011064568,"Nolan Schanuel",33189,694384
"Geraldo Perdomo","ARI",494,159.92890445852998,57.327549761718856,99.26697097578247,111.5452205921677,92.73848792820665,106.92290744957317,82.67006075615542,91.11032016898434,124.62686752711387,95.76845269584192,92.10531181240363,113.70601510498422,87.65666890203522,95.005159059536,"Geraldo Perdomo",22799,672695
"Luke Keaschall","MIN",428,113.53695540325278,67.84391063341523,109.95006850137786,112.70048594411783,91.67471604015805,106.25782562356052,63.31752158127462,105.44496201326344,106.84220686850938,91.33405430131344,105.67759082359431,99.7558807048238,85.61276561222529,121.83952185561854,"Luke Keaschall",33321,807712
"Kyle Karros","COL",385,135.8415698025472,93.72706202201672,108.59625586955177,114.15111574507164,104.05944379951191,106.18162035657627,97.06263650782063,111.18790955106294,123.41296971939127,98.64964876378079,89.56589551280467,99.18531175204966,95.8314656632846,107.57793971155958,"Kyle Karros",33252,691720
"Bryson Stott","PHI",434,105.12105004505929,78.9351019144144,105.95915530370206,103.89640554599629,103.1018949733697,106.12772559937802,98.69534612292713,104.37147532818618,104.32822430006266,93.86826759577589,104.51649539480879,97.31743251318584,116.87305976029043,79.50502039520114,"Bryson Stott",26294,681082
"Spencer Torkelson","DET",460,120.37902137799233,137.9023924476611,93.11142890118337,99.32529947829501,106.321562402792,105.99224552119175,126.81925884275893,100.47145786334801,94.71291783512969,79.4692336147796,123.91626726433762,115.91168691620022,89.36336632878647,87.55767903235528,"Spencer Torkelson",27465,679529
"Josh Bell","MIN",455,89.41361710764545,95.23610507799486,104.96537413328993,99.50266605623844,106.99009879884507,105.69858287742268,110.13180107517337,102.91853801519379,97.30272455720494,99.4895898163929,101.84368227787934,98.2653877035722,103.89853590268518,97.28124347479852,"Josh Bell",13145,605137
"Nolan Arenado","ARI",430,100.9233628141186,95.60325855533868,98.0372070180111,100.03049270755851,105.37200082039024,104.40244022637653,116.68396476899159,92.98262323465316,94.01516623828535,89.74337832473428,114.28423399711116,113.80446210177813,98.76887232485142,78.3331775983879,"Nolan Arenado",9777,571448
"Josh Naylor","SEA",470,88.96443507239705,56.07837738230936,108.81656240530721,103.28295714673952,93.93950483420284,104.20810883410026,70.85532183082903,99.09612232648314,110.59544644020527,103.58570728198582,91.11443917078428,100.82879711636974,99.42257780426468,99.38671022261411,"Josh Naylor",18839,647304
"Ian Happ","CHC",485,142.24778501413778,144.09480841567765,85.88501965532814,100.254675800228,101.24308673431281,104.20153639888998,124.92879952888809,96.71710924510998,79.49346338506523,92.73849932815236,118.39170109393555,112.7584651287706,98.24582433585985,80.89033537576267,"Ian Happ",17919,664023
"Kyle Tucker","LAD",453,137.55785287724632,85.70760628247022,98.89790143359005,105.96057237227299,94.73037347191409,103.75553433911564,88.30308709901725,96.8017753254682,108.02247656775086,87.20763164709598,109.93515112742375,105.891444583181,96.71138140065005,94.8571225131114,"Kyle Tucker",18345,663656
"Kazuma Okamoto","TOR",470,93.7733233019741,139.72070376450358,93.17257392077552,94.30620182249301,108.54505382715234,103.59574110675362,132.39798516781318,97.49347952271114,84.00235182584115,89.16854863936248,119.04765924402226,126.06290604933426,86.60359220850718,73.62963907631348,"Kazuma Okamoto",37123,672960
"Zach Neto","LAA",510,108.57715624895083,143.65308585366648,93.6195590901208,98.70451613889357,105.48783678027903,103.52553567622718,123.9034240229945,106.31939823406815,104.87448111455191,77.90444773657906,120.59603564115584,117.11176444032729,80.33200228928631,98.86286485227193,"Zach Neto",31347,687263
"Kody Clemens","MIN",415,65.35453113934445,99.03324665984269,95.82140872796697,90.45696899812613,115.87562529965192,103.28721322863692,146.99303875225368,88.47714988037602,87.68429418835589,96.3731746241061,109.7657648644186,113.87448718432509,76.30067833353216,110.61198917583575,"Kody Clemens",20572,665019
"Brandon Marsh","PHI",444,60.14836613578378,116.25030873121085,111.79762763692756,98.28038362459108,108.87128434379294,103.25423373862816,104.35819407198372,116.45242431862684,118.25156598645366,95.70705845510066,95.41667785306849,96.79415172048826,97.05539036816305,109.8298861102075,"Brandon Marsh",20202,669016
"Steven Kwan","CLE",440,143.8294799559025,45.68789240817199,109.29190388552428,114.99472154071431,82.7362644340431,103.22308231278292,41.53084735727868,102.08180171826345,139.03276084945733,95.39417032723216,85.78588297569654,64.68078705936396,114.98991355383524,140.44376041813834,"Steven Kwan",24610,680757
"George Springer","TOR",378,113.6068073204318,81.54523298706928,97.17515114787965,100.46754037955448,100.00200678802322,102.38637919308941,104.38834600799277,90.98595388738063,80.29004686168165,109.13333065480984,100.1008548697381,103.26145301403986,103.83093736560203,88.50606763833056,"George Springer",12856,543807
"Colson Montgomery","CHW",465,94.78163822960013,146.98728432578014,88.9706503886679,93.2776701257678,110.63748845322048,102.07078772219815,144.25714783279938,93.39701802273069,90.42273380614249,76.40653198624744,129.18860322045307,123.65572726120939,89.02486862483198,74.30364788069296,"Colson Montgomery",29712,695657
"Alex Bregman","CHC",526,120.58260864436122,72.94443806516267,99.7197678563023,104.8840140247681,93.4423727047854,101.69554316326332,83.76118140027141,94.08652652858771,107.25986094999523,92.05306880563816,105.01375280538024,117.46239903314357,96.46695292286354,75.52625452287512,"Alex Bregman",17678,608324
"Ozzie Albies","ATL",502,75.36518319837565,65.51298973346819,105.09341509635917,96.85959726433305,106.80220870244214,101.15432500066919,109.43757494171803,90.4697596845978,98.18293130282741,82.06987598215308,120.57180416837154,118.9194136508233,84.36053098238213,91.0274873194038,"Ozzie Albies",16556,645277
"José Ramírez","CLE",370,146.60611033257865,55.53891545915967,96.84502421455198,105.53313065611351,97.09113684402251,100.95518026345141,97.47303022063602,84.55260353500877,107.95630749625347,77.16582657157791,119.86355389892564,120.01879414176757,98.32833992038643,66.92280298754866,"Jose Ramirez",13510,608070
"Caleb Durbin","BOS",413,82.08877268851003,59.49136358949879,104.28253926561418,101.65323613040202,102.70325331383745,100.76523584872545,100.25274228910877,93.23808130172702,92.36936069678092,115.6152647451832,87.48219261089436,107.60305680020284,105.12272119015438,78.87103861570216,"Caleb Durbin",29646,702332
"Ernie Clement","TOR",466,36.376247846195945,44.09742210350456,118.39914477546355,97.83328843322211,103.7456979386594,100.40562228627643,81.00848456260094,104.45680135676865,107.68168184330679,90.5279321077407,106.10690618718593,110.19095220734356,100.99147493129361,80.4201308511109,"Ernie Clement",20352,676391
"William Contreras","MIL",463,93.73012102735233,64.12553556378056,108.59328231154733,103.67200707607789,96.73911399313279,100.04048669891937,78.457244656146,99.83018089013053,90.83718860486087,102.44478222433821,101.98361173617896,93.55631937198629,109.59252522388651,96.71991041841945,"William Contreras",20503,661388
"Jake Burger","TEX",447,80.90120873007469,120.92584616274304,98.15054875049253,93.49243785631943,105.21829763922064,99.70091169464071,116.18507798732436,100.01764761503821,82.03299553769403,107.73406434647906,100.70693094935652,112.18251527282146,93.56900967168656,87.92542835864717,"Jake Burger",22275,669394
"Spencer Steer","CIN",384,101.42204939956963,102.29769982450811,96.72398490118012,99.28481584053695,103.59044967229696,99.5406683470993,114.18014141048968,93.00845188209851,76.2772282853162,102.53668461500109,109.29179004642961,118.20418654197901,85.89835332620343,89.96075909631675,"Spencer Steer",26323,668715
"Ketel Marte","ARI",496,85.25060748208244,69.9891238588399,99.24491167389064,95.51766297724656,106.7295542003575,99.4583893822261,118.2726197812751,87.04969318190311,95.2931499856238,100.51619617313088,101.82945771421232,130.16850238309107,84.2785089266036,72.00322381076803,"Ketel Marte",13613,606466
"Isaac Collins","KCR",390,130.39485804654777,98.50882332278671,99.07179592614978,106.89309347685403,92.62736768342612,99.33879200457568,82.62779040932034,105.34564182173882,89.97886316726212,92.11545374192659,113.07475597670278,93.92775173874357,98.55987572967483,112.93030792403167,"Isaac Collins",25477,686555
"Gavin Sheets","SDP",375,130.56205318505513,93.7903376124869,86.19732891219888,97.24703568829956,95.48821644195587,98.7523346380984,109.81692991682701,80.03334836662002,73.70789048642125,110.29218658362174,102.10100314593123,99.39146169851739,89.08760500867375,117.24340385498155,"Gavin Sheets",19901,657757
"Jose Altuve","HOU",400,93.23232381405609,90.46202720941264,101.43631838178264,97.59830868086763,100.49527344167943,98.31876514999432,99.03509769283257,97.81269820721216,105.26700445699859,119.35183175449681,77.31904702752132,121.2821496548052,99.56157340890361,62.84354298651008,"Jose Altuve",5417,514888
"Manny Machado","SDP",488,125.41180857901035,102.02469777177487,85.97687515193641,92.80274423497032,103.73533134775084,98.30764450429528,131.12300141471388,76.69620030116154,81.07104923281697,93.01252597048764,117.28867296200266,106.30427686008457,91.36387056349275,102.09687925247573,"Manny Machado",11493,592518
"Mauricio Dubón","ATL",456,68.32643267062872,60.10146371035393,108.97438493841149,98.60964151594335,99.45564165183343,97.99244070241939,84.77553991387654,100.48815255673087,99.25269947302804,97.44987348151801,103.17459597539592,81.32841958861601,107.17726298873515,121.11921871310895,"Mauricio Dubon",16530,643289
"Vladimir Guerrero Jr.","TOR",461,115.2151236708405,60.080294169661144,108.58146526872305,107.82235258473376,90.32167784810515,97.96182438141673,61.988634969827864,101.25856144370606,95.43868718127493,118.72057744605947,82.75990197204325,97.94637222787885,105.42221610027262,95.58100443856918,"Vladimir Guerrero Jr.",19611,665489
"Brayan Rocchio","CLE",448,78.19810644935778,63.81800823043419,105.52628611566537,101.2547603360795,94.36825043392878,97.73813044096138,77.05473919149861,97.99544575523181,107.47440939577257,100.66248744582518,95.67261173148076,110.94760613429615,86.65154546711355,100.41135026594053,"Brayan Rocchio",23690,677587
"Carter Jensen","KCR",436,111.45370907498018,132.17353590493502,94.33580537609869,95.85119197667207,105.60465628148673,96.9269186227989,123.09013467940379,101.66851511258062,78.92743144278343,84.08953794274908,126.79804089814684,97.65787801161092,89.36336632878647,119.98644945498305,"Carter Jensen",29478,695600
"Willi Castro","COL",391,91.0686258058064,124.99874789169228,106.96367630265544,103.63068581320844,104.65961946819439,96.42614660064606,101.10623892722654,117.40711858881096,105.32105934770775,88.03654731268323,110.4014792269708,112.55095962053562,86.74547693108728,98.3244274353662,"Willi Castro",17338,650489
"Brooks Lee","MIN",448,80.72062619451266,73.78957226772293,98.68103923325693,93.49243785631943,103.4828797302072,95.63497661819828,110.93373183583329,88.54463836294872,100.09380157581586,97.35543233689178,102.70344860159426,110.13489334890065,88.51396555972535,99.0841995638641,"Brooks Lee",31595,686797
"Trent Grisham","NYY",386,140.52917322211738,76.3832119535634,86.94736573113082,97.03565773888059,95.17066308485629,94.34493859824742,107.93046521713198,78.10505925250405,76.59747073847944,95.05892461574274,116.52928534259726,109.83269706698073,100.47447151739209,81.82580420107102,"Trent Grisham",18564,663757
"Daylen Lile","WSN",484,64.37366390281724,86.82426323364729,99.22468222261679,92.08999577527342,103.26885119413718,93.97130493904045,109.50590785219411,94.1139572108462,92.9355381021511,81.6674226456936,123.68295040232897,109.26518614490924,78.74938539472049,115.79306610136851,"Daylen Lile",29995,695734
"Jackson Merrill","SDP",483,71.41840099745164,110.6464213137108,98.0944216194725,90.9093547358633,99.73179821606499,93.08985964683448,102.25702219435611,99.52496767374488,110.46226404748998,92.47851283362942,102.91801381033451,99.43860277357884,90.31658571705925,115.33782210726642,"Jackson Merrill",29490,701538
"Gunnar Henderson","BAL",526,96.68059759131114,101.9146905034793,89.15144193947995,93.29449770006715,97.69054836875377,91.83781241290203,110.94038026000494,86.67274755857406,82.55988745590591,109.08643426964196,99.04459573497792,108.42606959851157,96.08171794607233,90.86043876205345,"Gunnar Henderson",26289,683002
"Jazz Chisholm Jr.","NYY",427,111.15627196997157,139.14418234084408,89.28813104872519,92.68132066106534,99.98411095842663,91.5798878534347,116.58068561839204,96.88319144880353,87.55910424346666,102.01175535952387,103.96522241341606,133.88550733646244,76.50723320877313,74.75412880116158,"Jazz Chisholm Jr.",20454,665862
"Cam Smith","HOU",427,92.63022720668735,109.85067041015881,91.46588999856368,92.8988826978533,97.99767160270403,91.1605283982118,108.13281021278966,90.81428218085156,92.66926118651068,111.09851683767683,92.0315001922144,92.58592673790812,110.55213651931324,97.47161748449483,"Cam Smith",35108,701358
"Willy Adames","SFG",469,78.29547416042469,128.5581843911739,90.01428037274634,87.06031425811744,101.81874334039034,90.92026809430227,120.02397401826839,93.43822716863531,86.43999288722961,83.43066169331786,125.05613466304506,122.19460390392653,91.48488226067981,74.87161550928977,"Willy Adames",15986,642715
"Trea Turner","PHI",510,65.45557451973714,97.62363261056201,101.92874996185918,92.89560954364676,99.76667193372748,90.82317915587821,96.4322552024471,99.7960508520017,93.19196580571194,111.09829506105659,91.30316517873386,83.5660562225867,109.55152293560408,113.78435914925475,"Trea Turner",16252,607208
"Chandler Simpson","TBR",435,51.95810397035658,40.05130177248677,123.53245017501473,103.56054864450041,89.51792534983441,90.57875735767806,36.738826335050476,113.42422444143003,105.84772268559193,139.06985018081085,56.5388206633223,66.39337531925008,118.91541892874322,131.56076050342327,"Chandler Simpson",31912,802415
"Dansby Swanson","CHC",438,109.242065822794,105.32850139734069,86.62765724089942,90.58244947472056,98.13969284781965,90.47680945752894,115.89393233303467,82.41979746157628,91.15321272090243,99.31246130629027,105.25508780048463,121.74975453737716,86.59744716229895,82.88782799629769,"Dansby Swanson",18314,621020
"Nico Hoerner","CHC",511,82.74814351823633,41.118339847142884,104.3503832829312,98.81341114672715,88.30589459933621,89.77349800443587,63.561578088639216,92.68089671911596,123.71980031167571,96.88192553059639,91.34677220462338,85.69837677807514,102.88178006720965,120.06137293404325,"Nico Hoerner",21479,663538
"Jo Adell","- - -",479,42.46680114856618,107.25155924684742,97.61485756679876,91.21235078450589,98.17144763456085,87.85408845832819,99.03509772341692,97.74711805495862,102.21700325129632,92.7925110746278,106.41313087002344,93.105488590916,99.88155989830022,112.42464983046956,"Jo Adell",20220,666176
"Daulton Varsho","- - -",387,96.3641580815377,86.57481746729488,98.10154147769178,96.53418159339104,91.27999803747497,87.46931161945488,80.69526462536194,98.17496759417618,100.01540613358593,96.32746389922757,103.81021979675573,98.78803267552685,111.74945221593624,84.67186985313162,"Daulton Varsho",19918,662139
"Bo Bichette","NYM",505,66.10364931667111,85.02274375485855,103.67859952705744,93.19816159120154,90.38009449078743,86.04656842249774,69.87072217634987,100.78507811906594,102.6421808744826,113.51836591475366,83.84256621941435,67.50902583368476,101.90876947414694,152.46503663907296,"Bo Bichette",19612,666182
"Xander Bogaerts","SDP",446,132.2320015673389,82.95619059562055,90.45638438090636,99.23737393651427,79.12194929057601,85.07437504307097,61.64162755411737,88.14339427857519,84.48180508602351,128.46498120107742,76.70556154324655,113.05703117526966,99.44849600848772,78.59590164246346,"Xander Bogaerts",12161,593428
"Austin Riley","ATL",468,85.59575086706212,142.49697460101754,90.11498265101993,92.57436144179167,90.52515892007808,84.05883311080818,91.15775435663194,103.5490456016418,90.87375744388878,88.70639050669007,117.01904374732497,97.15946799018279,97.03864499957223,109.23298486702988,"Austin Riley",18360,663586
"Jakob Marsee","MIA",446,144.70671951514532,99.34259893030092,82.72425010917507,101.0692923999437,76.59699912932095,82.02944227944556,67.14736340744726,88.70519406109165,107.66066398404635,85.95745545024994,111.48915912979047,102.94389852958538,90.9750880263929,108.39372434029984,"Jakob Marsee",31370,805300
"Masyn Winn","STL",444,102.75345853711111,90.53121396810192,97.06472444194785,98.98238628684443,78.51175417973613,81.79102122680642,49.89877605591403,100.53950043396524,120.43772922177214,100.98309841604237,88.52294522598568,80.67488751545487,113.50138711042482,112.83861900059652,"Masyn Winn",27479,691026
"Andrés Giménez","TOR",378,35.87583323640075,83.90886280571195,98.94724446795826,89.25408379987387,92.06689447876403,79.34288319444462,81.39091314757387,95.46883829915032,103.04018931125603,112.3017497088314,85.73189931872538,101.42433301331467,82.75551173593723,123.12655920997462,"Andres Gimenez",19950,665926
"Cedric Mullins","TBR",383,91.4693254326853,92.14453961136473,85.44942393444627,89.49209467481009,90.36816356282087,79.02748140443542,98.0004025635258,79.39695696948922,89.97886316726212,63.69685627471101,142.6168093832294,111.83569432297654,81.42518485065648,106.60958189019019,"Cedric Mullins",17929,656775
"Marcus Semien","NYM",387,83.3839747844151,99.14412000023164,86.50608890035375,84.78592676933373,89.56326217819338,77.04837826262082,94.27814116077431,81.19521372653521,113.32701488168891,81.57187086722766,113.41138606522722,122.55865145637361,87.7781612775974,79.75741738902927,"Marcus Semien",12533,543760
"Alec Bohm","PHI",460,70.15130071867006,65.53672630177475,91.0839610245796,88.08608284772042,88.17385593744812,74.67022569974283,83.68580681630617,80.62806249525276,90.0759831623711,114.8655621547995,88.76070538367122,76.9666720354858,115.76159687982341,115.79306610136851,"Alec Bohm",21618,664761
"Brett Baty","NYM",370,93.22996673154353,125.9206883365606,88.31461507989899,89.5367396323956,80.36341038926086,73.9992760287102,68.1008151396516,98.77003735741077,112.52102524154408,97.33351023300006,96.55047354928357,91.86097337785539,104.0573426071716,107.82655141834896,"Brett Baty",26123,683146
"Salvador Perez","KCR",457,44.51115458933287,90.90924198801598,89.46100991475929,83.13331935453007,94.45471738509794,70.83579139939428,102.20328166600359,82.00144723451011,102.24047456497807,91.40754815747658,107.84141835077898,104.61339655937181,89.83506940780111,106.9278191680223,"Salvador Perez",7304,521692
"Nasim Nuñez","WSN",388,123.3196525596355,94.1796134958372,93.042104592772,98.72878316067629,65.97293856238346,68.87089017753524,24.226009170420554,101.5548735327039,88.74997974810144,125.5585757621465,77.7184230290849,85.73370896659816,116.39994396429223,99.92335529176063,"Nasim Nunez",25979,683083
"Jarren Duran","BOS",464,75.50161970832094,128.0486336462802,83.96039837648914,82.23360815133289,90.09921071534669,64.24619583161005,99.62459237560057,86.56757101062962,85.89481872262138,111.45767140133493,94.95609806808977,101.36722471053577,102.63974652711907,93.64355140674427,"Jarren Duran",24617,680776
"Ezequiel Tovar","COL",397,64.46632104745548,116.20625589678527,83.65424011911276,78.70939805590014,81.8741085288742,45.078571864496766,79.12874016787224,86.8407826910298,93.06551787214107,89.13700424322877,115.43190865774878,92.59735733702561,108.19177571920588,100.4325413010706,"Ezequiel Tovar",24064,678662