Name,Team,Level,Age,PA,BB%,K%,BB/K,AVG,OBP,SLG,OPS,ISO,Spd,BABIP,wSB,wRC,wRAA,wOBA,wRC+,PlayerId,MinorMasterId,NameASCII,MLBAMID,PlayerTeamId
"Julio Carreras","CIN","A+",26,142,0.112676056,0.169014084,0.666666666,0.294117647,0.39716312,0.478991596,0.876154716,0.184873949,7.012543149356587,0.344086021,-0.02793996501713991,26.214872078421404,5.695093081715394,0.40038696798026985,126.7724328101514,"sa3005598","sa3005598","Julio Carreras",679734,18
"Jose Salas","MIN","A+",23,163,0.055214723,0.312883435,0.176470588,0.213793103,0.294478527,0.413793103,0.70827163,0.2,7.422411969536567,0.272727272,-0.15750467218458652,18.55534936351181,-4.999044836932412,0.31954625011221766,80.39274975661512,"sa3014690","sa3014690","Jose Salas",691191,8
"Yerlin Confidan","CIN","A+",23,316,0.110759493,0.21835443,0.507246376,0.25090909,0.338607594,0.381818181,0.720425775,0.130909091,4.4147226284202805,0.306930693,-1.1884334962815046,40.37390323161054,-5.289830310354938,0.33545620946944515,87.40505940239916,"sa3015176","sa3015176","Yerlin Confidan",691398,18
"Junior Tilien","DET","A+",23,192,0.088541666,0.21875,0.404761904,0.195402298,0.270833333,0.264367816,0.535201149,0.068965518,1.76785714,0.251908396,-0.4125495897606015,11.256542356671565,-16.488510934649234,0.2564859680480358,47.19305181441885,"sa3015187","sa3015187","Junior Tilien",691708,16
"Blayberg Diaz","MIL","A+",23,157,0.070063694,0.229299363,0.305555555,0.225352112,0.29299363,0.267605633,0.560599263,0.042253521,1.40739202125,0.29906542,-0.4024874046444893,11.456768983796616,-11.23059230129383,0.2728713280076434,48.95263243698526,"sa3015352","sa3015352","Blayberg Diaz",691600,23
"Maick Collado","CLE","A+",23,136,0.088235294,0.198529411,0.444444444,0.264462809,0.330882352,0.388429752,0.719312104,0.123966943,2.8573275175893253,0.311827956,-0.6699338592588902,16.890336997701368,-2.762409083650868,0.33137636807035,86.05031125336156,"sa3015534","sa3015534","Maick Collado",691408,5
"Esteban Gonzalez","CLE","A+",23,321,0.112149532,0.295950155,0.378947368,0.232727272,0.3375,0.443636363,0.781136363,0.210909091,7.414118837047951,0.303571428,2.092064032331109,46.37336659485559,-0.012894376571375769,0.35453100353479383,100.0889148574944,"sa3015535","sa3015535","Esteban Gonzalez",691416,5
"Jose Meza","LAD","A+",23,423,0.120567375,0.243498817,0.495145631,0.245179063,0.345153664,0.366391184,0.711544848,0.121212121,4.699791955394954,0.312252964,-2.1915151169523597,54.16535491131901,-6.960465621122128,0.33578170459039386,90.05017959726767,"sa3015558","sa3015558","Jose Meza",691561,22
"Miguel Briceno","MIN","A+",22,173,0.104046242,0.179190751,0.580645161,0.285714285,0.358381502,0.415584415,0.773965917,0.12987013,1.9536013606223464,0.327731092,-1.030928824096918,25.398680973419207,0.3992319140520258,0.35721277846077276,103.22988150248946,"sa3015566","sa3015566","Miguel Briceno",691605,8
"Carlos Franco","OAK","A+",23,163,0.128834355,0.147239263,0.875,0.17266187,0.276073619,0.280575539,0.556649158,0.107913669,2.734655768345478,0.182608695,-0.16223866119980812,11.14541095023888,-12.408983250205342,0.2676213603078222,34.775542151188624,"sa3015580","sa3015580","Carlos Franco",691863,10
"Oswaldo Linares","SDP","A+",23,145,0.08275862,0.213793103,0.387096774,0.169230769,0.25,0.253846153,0.503846153,0.084615384,3.0933934973832153,0.206185567,-1.6148889595642686,6.895870069829684,-14.057425384553213,0.2438415123356713,33.90806786206472,"sa3015593","sa3015593","Oswaldo Linares",692021,29
"Carlos Rodriguez","SDP","A+",23,333,0.117117117,0.231231231,0.506493506,0.218430034,0.310240963,0.344709897,0.65495086,0.126279863,4.262982337592329,0.272727272,-0.635161361657083,34.545768197852624,-13.574558604281894,0.3080150522740491,72.81634134589056,"sa3015594","sa3015594","Carlos Rodriguez",692025,29
"Jose Cordoba","STL","A+",23,156,0.057692307,0.224358974,0.257142857,0.205673758,0.277419354,0.269503546,0.5469229,0.063829788,7.067071962416994,0.266666666,0.4123087814077735,10.297951384016525,-12.244904415181626,0.2649208791794315,45.11538158098844,"sa3015614","sa3015614","Jose Cordoba",692390,-1
"Cristian Santana","DET","A+",22,354,0.152542372,0.259887005,0.586956521,0.197879858,0.344729344,0.395759717,0.740489061,0.197879859,4.483954729436621,0.224719101,0.013905873522162437,48.39445406546388,-2.7604879404088494,0.34566989125009956,101.26506463525523,"sa3015697","sa3015697","Cristian Santana",694184,6
"Danny De Andrade","MIN","A+",22,446,0.080717488,0.275784753,0.292682926,0.240601503,0.313901345,0.428571428,0.742472773,0.187969925,6.858981917881529,0.306818181,-1.2470614621415734,56.576725943916976,-7.872720764046967,0.33441465505035467,89.40743035794718,"sa3015698","sa3015698","Danny De Andrade",694185,8
"Pedro Pineda","OAK","A+",22,306,0.078431372,0.310457516,0.252631578,0.252707581,0.320261437,0.389891696,0.710153133,0.137184115,6.885955463256959,0.357954545,0.2044931836426258,36.782148392204135,-7.436530290838392,0.3268182885413076,70.66650710843648,"sa3015703","sa3015703","Pedro Pineda",694191,10
"Victor Acosta","CIN","A+",22,166,0.06626506,0.192771084,0.34375,0.257142857,0.349693251,0.442857142,0.792550393,0.185714285,7.906721833560034,0.301886792,-0.44806434120982885,24.87492567576325,0.8870150176421451,0.3606802806532456,102.6983572466073,"sa3015705","sa3015705","Victor Acosta",694193,-1
"Leonel Espinoza","CHC","A+",23,207,0.082125603,0.231884057,0.354166666,0.222826086,0.300970873,0.347826086,0.648796959,0.125,8.169292349266586,0.283582089,1.0193821312859654,20.52004147247415,-9.392594107231087,0.3027489633814802,69.01165495660834,"sa3015735","sa3015735","Leonel Espinoza",696083,17
"Jesus Hernandez","MIA","A+",22,261,0.145593869,0.180076628,0.808510638,0.3,0.4,0.422727272,0.822727272,0.122727272,6.1631818795182625,0.358823529,0.46835658699274063,44.61892188949514,6.902990071605926,0.3847865104675293,122.53183505599661,"sa3015736","sa3015736","Jesus Hernandez",698929,20
"Luis Castillo","MIL","A+",22,440,0.145454545,0.236363636,0.615384615,0.245231607,0.356818181,0.46866485,0.825483031,0.223433243,3.509330442723897,0.281124497,-1.064846477471292,69.70328784386284,6.1208740512526765,0.37046635368147307,108.12427784137866,"sa3015801","sa3015801","Luis Castillo",699127,23
"Derlin Figueroa","KCR","A+",22,452,0.092920353,0.298672566,0.311111111,0.252475247,0.323725055,0.514851485,0.83857654,0.262376238,6.110457462819225,0.308943089,-0.8896495485678315,69.63018960780305,4.313709984485322,0.3654777541425493,108.12682639680679,"sa3015851","sa3015851","Derlin Figueroa",700283,7
"Luis Pino","STL","A+",22,165,0.145454545,0.236363636,0.615384615,0.244604316,0.357575757,0.424460431,0.782036188,0.179856115,6.105633086398157,0.30927835,0.2596308598294854,24.68208520616883,0.8386800339400171,0.3603826707059687,102.9936519013894,"sa3015866","sa3015866","Luis Pino",700720,28
"Jose Suarez","STL","A+",21,391,0.04859335,0.31202046,0.155737704,0.258333333,0.309462915,0.411111111,0.720574026,0.152777778,7.294543334656662,0.359307359,1.2683565989136696,46.770489311719835,-9.731155672167835,0.326149543837818,82.23818378054845,"sa3016156","sa3016156","Jose Suarez",699027,28
"Anyelo Encarnacion","STL","A+",22,263,0.14068441,0.319391634,0.44047619,0.233944954,0.353612167,0.412844036,0.766456203,0.178899082,7.652113567297539,0.328125,1.332312760874629,37.9402689509348,-0.06467383873900326,0.35429600527078026,99.30332028520822,"sa3016157","sa3016157","Anyelo Encarnacion",699031,28
"Rayne Doncon","MIN","A+",22,198,0.101010101,0.186868686,0.54054054,0.137142857,0.228426395,0.262857142,0.491283537,0.125714285,4.300637199556679,0.141791044,0.06794789712876081,7.644938139292515,-20.96714806738206,0.23362218214170583,28.29717985896323,"sa3016720","sa3016720","Rayne Doncon",699061,-1
"Wilfredo Lara","MIA","A+",22,285,0.161403508,0.252631578,0.638888888,0.238297872,0.368421052,0.378723404,0.747144456,0.140425532,6.482600101327654,0.316455696,0.9293239107355475,41.28031713604885,0.09625365674453848,0.3549626490526032,104.44969470048673,"sa3017123","sa3017123","Wilfredo Lara",702906,20
"Christian Olivo","CHC","A+",22,306,0.124183006,0.192810457,0.644067796,0.220930232,0.336601307,0.34496124,0.681562547,0.124031008,7.874119280671305,0.265306122,2.257143490947783,36.4237250165919,-7.794953666450622,0.3254803890496298,82.79366740944948,"sa3017877","sa3017877","Christian Olivo",700840,17
"Clayton Campbell","DET","A+",22,378,0.111111111,0.264550264,0.42,0.256880733,0.343915343,0.40061162,0.744526963,0.143730887,4.961114339117201,0.336322869,-0.7340380679816008,50.652974721361915,-3.970098945925912,0.34258028730473405,99.39184468543758,"sa3018386","sa3018386","Clayton Campbell",693073,6
"Rosman Verdugo","SDP","A+",21,461,0.127982646,0.260303687,0.491666666,0.225388601,0.339869281,0.388601036,0.728470317,0.163212435,4.46439316677194,0.282352941,-1.4784917198121548,60.15374815836357,-6.463280837984811,0.3385628537319633,91.33740492747653,"sa3018393","sa3018393","Rosman Verdugo",698916,29
"Andy Lugo","MIN","A+",22,232,0.129310344,0.284482758,0.454545454,0.169312169,0.298245614,0.285714285,0.583959899,0.116402116,6.143912962259115,0.223140495,-0.8966301279142499,19.469239862741222,-14.056032864271412,0.28537413321043315,59.67427184168916,"sa3018400","sa3018400","Andy Lugo",702889,8
"Samuel Munoz","LAD","A+",21,368,0.100543478,0.201086956,0.5,0.209876543,0.296195652,0.314814814,0.611010466,0.104938271,4.015450513269769,0.247967479,-2.761830016039312,32.31944999790399,-20.85856881046088,0.28983501004784,62.1928016396838,"sa3018407","sa3018407","Samuel Munoz",703153,22
"Esmith Pineda","CIN","A+",21,218,0.082568807,0.325688073,0.253521126,0.194871794,0.267281105,0.266666666,0.533947771,0.071794872,2.2489818701525213,0.284552845,-1.0108044538646936,12.832515292502183,-18.66968063201831,0.25675658696258125,39.68965460298736,"sa3018435","sa3018435","Esmith Pineda",703204,18
"Carlos Sanchez","CIN","A+",21,325,0.138461538,0.236923076,0.584415584,0.31294964,0.40866873,0.503597122,0.912265852,0.190647482,8.021687053757853,0.40625,-0.46245183143764734,63.977863364384035,17.01358044938788,0.41437134561893,135.25112964047378,"sa3018465","sa3018465","Carlos Sanchez",800176,18
"Jesus  Baez","STL","A+",21,243,0.074074074,0.160493827,0.461538461,0.246575342,0.300411522,0.488584474,0.788995996,0.242009132,4.302686117401272,0.233918128,-1.006070464849472,32.491468835546094,-2.623364236281799,0.3422458115428563,91.99731482642632,"sa3018507","sa3018507","Jesus  Baez",800305,28
"Victor Rodrigues","LAD","A+",21,308,0.139610389,0.175324675,0.796296296,0.205426356,0.32247557,0.275193798,0.597669368,0.069767442,2.329487687645768,0.248780487,-0.6552857318893075,28.833354200190076,-15.67433545463704,0.29644866758526733,66.20264738672664,"sa3018520","sa3018520","Victor Rodrigues",800332,22
"Juan Baez","MIL","A+",21,309,0.090614886,0.181229773,0.5,0.177536231,0.25566343,0.246376811,0.502040241,0.06884058,4.337922653639067,0.212669683,-0.7617372246459126,14.697367037717937,-29.95482810300148,0.2438490167019051,31.356470116802956,"sa3018525","sa3018525","Juan Baez",800345,23
"Eduardo Guerrero","LAD","A+",21,467,0.126338329,0.192719486,0.655555555,0.278195488,0.369098712,0.363408521,0.732507233,0.085213033,4.739873357085264,0.341935483,-1.5554989110678434,64.84242842196632,-2.6416334897358467,0.3481158183112165,97.52832511162137,"sa3018536","sa3018536","Eduardo Guerrero",800370,22
"Juan Matheus","MIA","A+",22,182,0.12087912,0.159340659,0.758620689,0.261146496,0.351648351,0.471337579,0.82298593,0.210191083,7.5267939186355655,0.276422764,0.619382125325501,28.616229786001252,2.3162313536034103,0.3691133617699801,113.02924011636128,"sa3018611","sa3018611","Juan Matheus",801276,20
"Carlos Sanchez","MIA","A+",21,138,0.137681159,0.289855072,0.475,0.155172413,0.268115942,0.318965517,0.587081459,0.163793104,3.4359219449159895,0.175675675,-0.08174118027091026,10.206585145701643,-9.735171907435182,0.2739995083083277,55.361923865144746,"sa3018613","sa3018613","Carlos Sanchez",801522,20
"Jose Escobar","CHC","A+",21,333,0.093093093,0.135135135,0.688888888,0.294520547,0.366366366,0.434931506,0.801297872,0.140410959,5.033937106947291,0.327935222,-1.0689309742301702,51.70254863124257,3.5822218291080583,0.36686419617306365,107.88457694796992,"sa3018629","sa3018629","Jose Escobar",803241,17
"Erick Torres","KCR","A+",21,361,0.074792243,0.149584487,0.5,0.271028037,0.324929971,0.330218068,0.655148039,0.059190031,5.277301930532408,0.309963099,-0.595005382783711,37.66982361291799,-14.49665679420081,0.30870894474141736,73.70802444741477,"sa3018641","sa3018641","Erick Torres",805075,7
"Jeffrey Mercedes","CLE","A+",21,357,0.06722689,0.198879551,0.338028169,0.243902439,0.302521008,0.405487804,0.708008812,0.161585365,2.6892409883871036,0.279352226,-0.8824834460392594,41.05243836880562,-10.536020094743998,0.320867024549917,79.6785198231066,"sa3018942","sa3018942","Jeffrey Mercedes",800253,5
"Abrahan Ramirez","MIA","A+",21,165,0.109090909,0.181818181,0.6,0.23076923,0.315151515,0.321678321,0.636829836,0.090909091,5.093842716266199,0.271929824,0.644240484572947,16.31234619571025,-7.531058976518563,0.30244292815526325,72.60710559086121,"sa3018943","sa3018943","Abrahan Ramirez",800254,20
"Samuel Gil","DET","A+",21,413,0.092009685,0.150121065,0.612903225,0.243835616,0.324455205,0.290410958,0.614866163,0.046575342,5.7941681889698256,0.28852459,0.1670852405950427,39.82039930502687,-19.860366368491313,0.2996498965466571,73.36324495435356,"sa3018963","sa3018963","Samuel Gil",800510,6
"Ricardo Hurtado","DET","A+",23,427,0.161592505,0.269320843,0.6,0.19117647,0.351288056,0.311764705,0.663052761,0.120588235,3.5166397913817344,0.256880733,-0.5855926899239421,51.84011477262853,-9.863727703381786,0.32819160072250725,90.66801624848493,"sa3019200","sa3019200","Ricardo Hurtado",691452,6
"Won-Bin Cho","STL","A+",22,233,0.158798283,0.248927038,0.637931034,0.269430051,0.394849785,0.487046632,0.881896417,0.217616581,7.557492183745781,0.346456692,0.8696002922952175,43.26753594881778,9.597757735912854,0.4016271916581837,128.0001125463705,"sa3019526","sa3019526","Won-Bin Cho",800231,28
"Yasser Mercedes","MIN","A+",21,394,0.098984771,0.294416243,0.336206896,0.231884057,0.319796954,0.408695652,0.728492606,0.176811595,6.8334212029563215,0.309090909,4.248232273384929,49.34890620888445,-7.586255232680106,0.3325841215056211,88.29758197108552,"sa3019557","sa3019557","Yasser Mercedes",703160,8
"Tayden Hall","MIL","A+",23,371,0.183288409,0.229110512,0.8,0.26369863,0.415094339,0.462328767,0.877423106,0.198630137,5.256597615907497,0.329949238,-1.1660625357180834,70.48987606680488,16.878340800763123,0.40654110796046705,129.9963205352478,"sa3019929","sa3019929","Tayden Hall",695554,23
"Logan Wagner","LAD","A+",22,254,0.070866141,0.279527559,0.253521126,0.259740259,0.312252964,0.549783549,0.862036513,0.29004329,4.773839137425132,0.299319727,-0.6581265293061733,40.098065991816206,3.3936725751730625,0.3698379496340695,110.69840466423312,"sa3019932","sa3019932","Logan Wagner",702488,22
"Jose Izarra","LAD","A+",24,204,0.102941176,0.264705882,0.388888888,0.228571428,0.316831683,0.331428571,0.648260254,0.102857143,8.04614338563927,0.311475409,0.46137600764632225,20.954944436778103,-8.524174685250246,0.3068491574561242,72.50844109313019,"sa3019998","sa3019998","Jose Izarra",692222,22
"Sammy Hernandez","STL","A+",22,253,0.169960474,0.18577075,0.914893617,0.279411764,0.411067193,0.529411764,0.940478957,0.25,5.27749162609083,0.31081081,0.9068601885810494,51.47634497711362,14.91645704636277,0.4219200858485557,140.3036488277648,"sa3020141","sa3020141","Sammy Hernandez",803679,28
"Cameron Decker","LAD","A+",22,181,0.121546961,0.314917127,0.385964912,0.22,0.324022346,0.366666666,0.690689012,0.146666666,6.544150482517147,0.311827956,-0.2681887084618211,20.9185281606281,-5.236964785877447,0.32152854430608907,81.40852045109848,"sa3020223","sa3020223","Cameron Decker",806306,22
"Lamar King Jr.","SDP","A+",22,376,0.09574468,0.244680851,0.391304347,0.234042553,0.327127659,0.325227963,0.652355622,0.09118541,5.760781457449727,0.311965811,0.33281419146806,40.70597524464686,-13.628087450856379,0.31317733228206635,75.94622014866337,"sa3020279","sa3020279","Lamar King Jr.",702601,29
"Austin Charles","KCR","A+",22,186,0.086021505,0.193548387,0.444444444,0.284848484,0.353260869,0.49090909,0.844169959,0.206060606,6.690607330580198,0.325203252,0.5217491183429956,30.564813531088504,3.6867931551214776,0.37721730250379315,115.24448826577152,"sa3020497","sa3020497","Austin Charles",800051,7
"Alfredo Duno","CIN","A+",20,295,0.166101694,0.26779661,0.620253164,0.260330578,0.389830508,0.512396694,0.902227202,0.252066116,3.0754738168975244,0.317567567,-0.44522354379296303,55.06196774877668,12.432849410549405,0.40271590594138706,128.1844626779914,"sa3021066","sa3021066","Alfredo Duno",806957,18
"Starlyn Caba","MIA","A+",20,373,0.190348525,0.241286863,0.788888888,0.236486486,0.388739946,0.378378378,0.767118324,0.141891892,7.517707602163134,0.313432835,2.474780465476215,58.143781038658354,4.243234800832008,0.36757070497277594,112.09393075653888,"sa3021070","sa3021070","Starlyn Caba",806965,20
"Angel Cepeda","CHC","A+",20,306,0.143790849,0.27124183,0.530120481,0.26693227,0.388888888,0.442231075,0.831119963,0.175298805,5.758903455612153,0.35,0.39851549826562405,52.20406036733149,7.985381684288971,0.38438419968474147,118.5069158235333,"sa3021080","sa3021080","Angel Cepeda",806980,17
"Esmil Valencia","MIA","A+",20,200,0.05,0.235,0.212765957,0.208791208,0.26,0.384615384,0.644615384,0.175824176,6.192871260862609,0.240601503,-0.7628328772261739,16.979644207611887,-11.921452970847279,0.2864924591779709,62.93637198695369,"sa3021082","sa3021082","Esmil Valencia",806982,20
"Welbyn Francisca","CLE","A+",20,289,0.110726643,0.221453287,0.5,0.276679841,0.356401384,0.537549407,0.893950791,0.260869566,5.8363416734274445,0.302857142,0.46013230830430984,51.178248468541184,9.41616304566769,0.39179245926517103,122.68045198253263,"sa3021087","sa3021087","Welbyn Francisca",806988,5
"Juan Hernandez","DET","A+",20,296,0.070945945,0.334459459,0.212121212,0.213235294,0.273648648,0.279411764,0.553060412,0.06617647,4.221859882950481,0.321637426,-1.012048153206706,19.27157349019866,-23.50205033392091,0.26388621149030894,51.679802833224045,"sa3021152","sa3021152","Juan Hernandez",808037,6
"Eduardo Quintero","LAD","A+",20,501,0.175648702,0.203592814,0.862745098,0.309045226,0.44510978,0.494974874,0.940084654,0.185929648,8.428757411095066,0.386759581,3.455064794048667,106.84242617356799,34.44517774152777,0.4331075540797677,149.05862408411474,"sa3021208","sa3021208","Eduardo Quintero",808234,22
"Luiyin Alastre","MIL","A+",20,279,0.186379928,0.161290322,1.155555555,0.195454545,0.348920863,0.277272727,0.62619359,0.081818182,4.297854581905997,0.235955056,-3.696722931228578,30.70435847648298,-9.612672087467555,0.31522291898727417,74.6303071591982,"sa3021210","sa3021210","Luiyin Alastre",808236,23
"Angel Acosta","KCR","A+",23,215,0.097674418,0.13488372,0.724137931,0.285714285,0.371428571,0.357142857,0.728571428,0.071428572,4.870177717999504,0.331168831,-1.6173763582482934,29.873056236509658,-1.195623230333946,0.34822497367858884,97.66650425636124,"sa3021290","sa3021290","Angel Acosta",808665,7
"Tyler Rodriguez","MIL","A+",20,171,0.14619883,0.204678362,0.714285714,0.242857142,0.380116959,0.335714285,0.715831244,0.092857143,3.904679150885868,0.310679611,-1.7019583359360695,24.264898872356756,-0.4455392152258337,0.3516008480947617,96.6861640723198,"sa3021615","sa3021615","Tyler Rodriguez",808291,23
"Ramon Ramirez","KCR","A+",21,372,0.104838709,0.228494623,0.458823529,0.27863777,0.362162162,0.476780185,0.838942347,0.198142415,6.189008475226661,0.337719298,0.5162728754803538,61.38394683452351,7.6279060825894645,0.3779981851577759,115.7179356693137,"sa3021637","sa3021637","Ramon Ramirez",808675,7
"Asbel Gonzalez","KCR","A+",20,510,0.101960784,0.25490196,0.4,0.262295081,0.358148893,0.31381733,0.671966223,0.051522249,8.045956951716114,0.365771812,5.1497642658650875,62.01919474680671,-11.678603058264164,0.3284210072196945,85.65940376311934,"sa3021639","sa3021639","Asbel Gonzalez",808706,7
"Eduardo Tait","MIN","A+",19,520,0.067307692,0.228846153,0.294117647,0.220806794,0.28076923,0.418259023,0.699028253,0.197452229,3.5709065235409554,0.243323442,-1.083727148361504,54.58875984747592,-20.554092816517922,0.309428361454451,74.25829653254019,"sa3022162","sa3022162","Eduardo Tait",806953,8
"Alfredo Alcantara","CIN","A+",20,433,0.115473441,0.258660508,0.446428571,0.214477211,0.315545243,0.361930294,0.677475537,0.147453083,3.8722301941345223,0.26506024,-1.8299259450286627,48.25269229770187,-14.318183093662231,0.31680674481004684,76.09793076353048,"sa3022184","sa3022184","Alfredo Alcantara",807643,18
"Casey Yamauchi","OAK","A+",25,201,0.084577114,0.094527363,0.894736842,0.296511627,0.386934673,0.430232558,0.817167231,0.133720931,7.367461073490326,0.313333333,1.1660823645070195,33.612118879230614,4.566516214879151,0.38052689609815127,103.22991553601861,"sa3022528","sa3022528","Casey Yamauchi",671748,10
"Nate Nankil","OAK","A+",23,198,0.131313131,0.186868686,0.702702702,0.209580838,0.326530612,0.305389221,0.631919833,0.095808383,3.880168501442692,0.251968503,-0.6611153734847903,20.59674327742931,-8.015342929245266,0.3083381972142628,59.46206914149279,"sa3022532","sa3022532","Nate Nankil",694977,10
"Trevor Werner","KCR","A+",25,156,0.108974358,0.275641025,0.395348837,0.214814814,0.316129032,0.466666666,0.782795698,0.251851852,3.9885531086309522,0.258823529,-1.1172559466212988,21.753959783978676,-0.7888960152194752,0.34880066533242504,98.015544816245,"sa3022592","sa3022592","Trevor Werner",687731,7
"Drew Bowser","CHC","A+",24,218,0.105504587,0.330275229,0.319444444,0.211956521,0.334862385,0.353260869,0.688123254,0.141304348,5.956802201201942,0.317757009,1.226455475203693,26.56667652851085,-4.935519396009643,0.32871709777674546,84.75607665885401,"sa3022594","sa3022594","Drew Bowser",690958,17
"Myles Naylor","OAK","A+",21,314,0.124203821,0.350318471,0.354545454,0.220973782,0.324840764,0.352059925,0.676900689,0.131086143,5.903704416102551,0.341935483,-0.4304273696616292,35.5282157200795,-9.846506850101386,0.31875890246622124,65.78011938816563,"sa3022605","sa3022605","Myles Naylor",802504,10
"Brandon Winokur","MIN","A+",21,331,0.129909365,0.293051359,0.443298969,0.251798561,0.361702127,0.420863309,0.782565436,0.169064748,6.844717582386184,0.346820809,-0.19201653264462948,49.986206105546515,2.1548902751965904,0.3620129948691394,106.14024195599757,"sa3022613","sa3022613","Brandon Winokur",806263,8
"Luke Shliger","DET","A+",24,163,0.153374233,0.202453987,0.757575757,0.253846153,0.392638036,0.384615384,0.77725342,0.130769231,4.069264223731751,0.305263157,-1.0765057606622577,25.947812947398024,2.393418746953802,0.37134868564781237,116.8340601452511,"sa3022694","sa3022694","Luke Shliger",807740,6
"Chase Jaworsky","MIA","A+",21,268,0.119402985,0.208955223,0.571428571,0.24137931,0.335820895,0.362068965,0.69788986,0.120689655,6.5514925295486846,0.290697674,1.5068601975217462,32.57436682628168,-6.153103392853601,0.3283523378977135,88.31592266767774,"sa3022700","sa3022700","Chase Jaworsky",814172,20
"Quinn McDaniel","MIN","A+",23,173,0.104046242,0.213872832,0.486486486,0.287581699,0.364161849,0.450980392,0.815142241,0.163398693,7.6852561809153155,0.359649122,0.6093199402093887,27.493152518389202,2.4937034590220204,0.37104133822325336,111.61410630359406,"sa3022701","sa3022701","Quinn McDaniel",814194,8
"Dillon Head","MIA","A+",21,403,0.094292803,0.208436724,0.452380952,0.247910863,0.322580645,0.378830083,0.701410728,0.13091922,8.67840715606419,0.302583025,4.645243435166776,47.584440725330474,-10.65127008926475,0.3243881489147915,85.91244376909732,"sa3022753","sa3022753","Dillon Head",702977,20
"Blake Mitchell","KCR","A+",21,511,0.221135029,0.340508806,0.649425287,0.2335958,0.41372549,0.459317585,0.873043075,0.225721785,5.293709414237719,0.345549738,0.6432574223726988,95.50090598068631,21.658602689723136,0.4029894541429396,130.8700860620817,"sa3022756","sa3022756","Blake Mitchell",805810,7
"Carter Graham","CIN","A+",24,292,0.154109589,0.188356164,0.818181818,0.321888412,0.450171821,0.613733905,1.063905726,0.291845493,4.03629594207513,0.35582822,0.42396806459873915,71.41571263531233,29.22011075476195,0.46887724506076667,168.2979343515947,"sa3022824","sa3022824","Carter Graham",807728,18
"Eric Bitonti","MIL","A+",20,489,0.165644171,0.329243353,0.50310559,0.27,0.391393442,0.525,0.916393442,0.255,6.54286626429456,0.378995433,2.8936611423268914,93.34097728031954,22.677794678986864,0.40754817570014656,130.60690344948028,"sa3022866","sa3022866","Eric Bitonti",800724,23
"Tai Peete","STL","A+",20,200,0.1,0.285,0.350877192,0.3,0.37,0.611111111,0.981111111,0.311111111,7.8351011696049735,0.38938053,-1.2889073006808758,41.03333278395762,12.13223560549845,0.42386510968208313,141.48291242020667,"sa3022966","sa3022966","Tai Peete",806191,28
"Tommy Hawke","CLE","A+",23,417,0.17266187,0.167865707,1.028571428,0.290801186,0.415865384,0.376854599,0.792719983,0.086053413,7.759656697431671,0.356877323,3.019048591144383,70.34926136618449,10.09047374909713,0.3822159980638669,116.87426501224272,"sa3023055","sa3023055","Tommy Hawke",803142,5
"Josh Adamczewski","MIL","A+",21,211,0.194312796,0.189573459,1.025,0.331325301,0.464454976,0.572289156,1.036744132,0.240963855,6.3977073287953825,0.386554621,0.7175165778025985,50.77715634758474,20.28649882431032,0.4643948109229029,165.07289102015446,"sa3023168","sa3023168","Josh Adamczewski",815304,23
"Jake Cunningham","SDP","A+",23,225,0.128888888,0.333333333,0.386666666,0.269430051,0.368888888,0.559585492,0.92847438,0.290155441,3.7781695109657534,0.35576923,-0.8966301279142499,42.74950169680338,10.235767371036815,0.4065389598740472,132.55116578096,"sa3023269","sa3023269","Jake Cunningham",801507,29
"Jaron Elkins","LAD","A+",21,143,0.139860139,0.237762237,0.588235294,0.254237288,0.377622377,0.288135593,0.66575797,0.033898305,5.5933012807548605,0.352941176,0.8968907650560141,18.22890405070847,-2.4353804318898384,0.3351242092105892,89.65154162161049,"sa3023288","sa3023288","Jaron Elkins",814696,22
"Colby Shade","MIA","A+",24,265,0.098113207,0.271698113,0.361111111,0.278761061,0.37735849,0.455752212,0.833110702,0.176991151,9.25,0.367346938,5.4873300939798355,44.58585647926888,6.291902717810475,0.3816965753177427,120.65841429768052,"sa3023374","sa3023374","Colby Shade",694974,20
"John Michael Faile","CIN","A+",26,362,0.08839779,0.209944751,0.421052631,0.277602523,0.350828729,0.479495268,0.830323997,0.201892745,3.7046872289431416,0.317596566,-0.7357832128182054,57.41252942275193,5.101543529740835,0.3706737623359617,108.75738280044295,"sa3023579","sa3023579","John Michael Faile",702114,18
"Nico Perez","LAD","A+",21,358,0.134078212,0.229050279,0.585365853,0.27,0.379888268,0.45,0.829888268,0.18,9.173506112348214,0.339622641,2.897299478761852,59.95894690011513,8.225982950673222,0.3808222960826405,117.35818930557411,"sa3023603","sa3023603","Nico Perez",703639,22
"Emil Morales","LAD","A+",19,368,0.130434782,0.252717391,0.516129032,0.281150159,0.380434782,0.533546325,0.913981107,0.252396166,3.2843259678426584,0.334975369,-1.1393662700429559,69.50199682458553,16.323978016220664,0.40524407022673153,132.16505625215294,"sa3023887","sa3023887","Emil Morales",815896,22
"Luis Pena","MIL","A+",19,219,0.109589041,0.205479452,0.533333333,0.29787234,0.383561643,0.420212765,0.803774408,0.122340425,9.370792901892315,0.375,1.6595381191000342,35.209335612806754,3.562634202393965,0.3731581691193254,109.75631951033623,"sa3024134","sa3024134","Luis Pena",821270,23
"Jose Cerice","KCR","A+",21,419,0.093078758,0.14319809,0.65,0.272463768,0.39088729,0.371014492,0.761901782,0.098550724,6.290520545891887,0.312056737,-0.6850636033341289,65.1976870186054,4.649888429733444,0.3672527359258071,109.20299387514942,"sa3024375","sa3024375","Jose Cerice",822177,7
"Justin Riemer","OAK","A+",24,161,0.229813664,0.173913043,1.321428571,0.235294117,0.416149068,0.361344537,0.777493605,0.12605042,6.5718929215101785,0.274725274,0.4063310930505395,26.78633597042224,3.520952741762608,0.3795563378689452,102.64146825618663,"sa3025086","sa3025086","Justin Riemer",811312,10
"Cade McGee","STL","A+",23,363,0.132231404,0.256198347,0.516129032,0.219931271,0.366391184,0.426116838,0.792508022,0.206185567,5.515559261355735,0.267379679,-0.6417332570999861,56.70726378458469,4.2517724056813035,0.36795552588034597,107.58505702663274,"sa3025153","sa3025153","Cade McGee",801629,28
"Josh Kross","STL","A+",23,375,0.109333333,0.250666666,0.436170212,0.252279635,0.341333333,0.437689969,0.779023302,0.185410334,3.02010939,0.313901345,-0.9559075860306621,54.183651938993584,-0.005905270617353103,0.35455889876683555,99.46271202285367,"sa3025158","sa3025158","Josh Kross",811339,28
"Ian Petrutz","STL","A+",23,207,0.077294685,0.149758454,0.516129032,0.277777777,0.354679802,0.422222222,0.776902024,0.144444445,6.270154066217259,0.315068493,-1.491896147839725,30.540245411754047,0.6276098320488085,0.35804000922611784,101.57330149488874,"sa3025159","sa3025159","Ian Petrutz",814413,28
"Jacob Jenkins-Cowart","MIA","A+",23,213,0.07511737,0.305164319,0.246153846,0.21761658,0.28169014,0.414507772,0.696197912,0.196891192,6.251131128006503,0.272727272,0.5874504251405597,22.49281049311571,-8.286858001943305,0.3101384376696018,77.27287576761603,"sa3025201","sa3025201","Jacob Jenkins-Cowart",801881,20
"Carter Johnson","MIA","A+",20,214,0.074766355,0.242990654,0.307692307,0.237113402,0.308411214,0.391752577,0.700163791,0.154639175,5.579725995723636,0.294117647,-0.9238278390839696,24.631587766317235,-6.292586214634071,0.3209904443437808,83.85242310025043,"sa3025203","sa3025203","Carter Johnson",815793,20
"Connor Caskenette","MIA","A+",24,145,0.179310344,0.220689655,0.8125,0.313043478,0.455172413,0.556521739,1.011694152,0.243478261,4.734127178227209,0.381578947,0.26137600466609,33.94894028860178,12.995644834218885,0.4569482334728899,166.28332603581043,"sa3025240","sa3025240","Connor Caskenette",683353,20
"Jack Costello","SDP","A+",25,340,0.111764705,0.176470588,0.633333333,0.232638888,0.34218289,0.440972222,0.783155112,0.208333334,5.023799802492171,0.248847926,-1.4659421360120177,49.33995291780892,0.20808771442833895,0.3552759483721129,101.47051676211163,"sa3025242","sa3025242","Jack Costello",694320,29
"Jaime Ferrer","MIN","A+",23,146,0.143835616,0.226027397,0.636363636,0.277310924,0.410958904,0.537815126,0.94877403,0.260504202,2.01785714,0.311688311,-0.4729227004572749,30.24466409792824,9.146863157653044,0.42613648755909644,145.01817190523676,"sa3025246","sa3025246","Jaime Ferrer",695634,8
"Khadim Diaw","MIN","A+",22,247,0.121457489,0.1902834,0.638297872,0.299516908,0.404858299,0.45410628,0.858964579,0.154589372,4.527227334154039,0.363057324,-1.7179982094094157,45.017864225748994,9.325009210351919,0.3976990853243994,127.77663864433806,"sa3025259","sa3025259","Khadim Diaw",813715,8
"Jay Thomason","MIN","A+",24,211,0.156398104,0.25592417,0.611111111,0.293103448,0.407582938,0.471264367,0.878847305,0.178160919,7.191869745693971,0.382608695,1.3624993162229657,39.448535896533194,8.957878373258776,0.40306901960011343,131.03241776436602,"sa3025265","sa3025265","Jay Thomason",823295,8
"Ryan McCrystal","CIN","A+",23,324,0.126543209,0.200617283,0.63076923,0.272727272,0.37037037,0.396363636,0.766734006,0.123636364,1.3024864160879641,0.338095238,-1.961235797032714,48.133652289383065,1.3138748602792194,0.3592087687165649,101.8061828563202,"sa3025334","sa3025334","Ryan McCrystal",701734,18
"Rodney Green Jr.","OAK","A+",23,451,0.141906873,0.352549889,0.402515723,0.227748691,0.342222222,0.366492146,0.708714368,0.138743455,5.987550685393403,0.362790697,-0.8583673406392336,57.413289141781576,-7.758684995643844,0.33492699371443857,75.58279688735229,"sa3025384","sa3025384","Rodney Green Jr.",701587,10
"Ryan Cesarini","CLE","A+",23,142,0.098591549,0.204225352,0.48275862,0.259842519,0.330985915,0.472440944,0.803426859,0.212598425,5.636224554785362,0.282608695,1.0578857269138098,20.91296020529204,0.3931812085860323,0.357739549287608,102.03424895867903,"sa3025440","sa3025440","Ryan Cesarini",825761,5
"Garrett Howe","CLE","A+",23,256,0.13671875,0.28125,0.486111111,0.203703703,0.31640625,0.296296296,0.612702546,0.092592593,4.772755587181863,0.284722222,-1.4227045513689518,24.33850114147863,-12.654903246949104,0.2981134301517159,65.88306651890422,"sa3025441","sa3025441","Garrett Howe",827628,5
"Bennett Thompson","CLE","A+",23,231,0.246753246,0.164502164,1.5,0.30994152,0.484848484,0.526315789,1.011164273,0.216374269,4.184721328506156,0.357142857,-0.7257210277020931,55.594908392763955,22.214141151643613,0.4644183052050603,166.71333965768378,"sa3025451","sa3025451","Bennett Thompson",701750,5
"Marco Dinges","MIL","A+",22,266,0.154135338,0.195488721,0.788461538,0.268181818,0.390977443,0.463636363,0.854613806,0.195454545,3.523244402065825,0.303797468,-0.4351613586768508,47.22934350375437,8.790884256403675,0.39232536971120907,121.37735028508345,"sa3025495","sa3025495","Marco Dinges",701392,23
"Peyton Stovall","CIN","A+",23,324,0.132716049,0.197530864,0.671875,0.241758241,0.350931677,0.428571428,0.779503105,0.186813187,6.61754971667098,0.278606965,0.24175307992845774,46.92256394084353,0.10278651173968262,0.3549392452463508,99.2175803421965,"sa3025512","sa3025512","Peyton Stovall",696510,18
"Jackson Strong","DET","A+",22,435,0.156321839,0.298850574,0.523076923,0.197771587,0.322580645,0.384401114,0.706981759,0.186629527,6.228405912351074,0.247706422,0.7647458976134658,52.335420574862056,-10.524465788286635,0.32694189051329264,89.91031974861376,"sa3025551","sa3025551","Jackson Strong",825924,6
"Cameron Sisneros","CHC","A+",25,158,0.215189873,0.202531645,1.0625,0.268292682,0.424050632,0.43902439,0.863075022,0.170731708,3.3933079800497707,0.32183908,-0.1534201754257083,29.50228057196377,6.670413800981025,0.4027987813494008,129.67163542894707,"sa3025564","sa3025564","Cameron Sisneros",815133,21
"Garrett Pennington","DET","A+",25,252,0.087301587,0.194444444,0.448979591,0.292035398,0.365079365,0.561946902,0.927026267,0.269911504,3.3975710284239677,0.319018404,-1.4191215001046658,47.97190979255899,11.556527347700442,0.4069580804734003,138.42395644515796,"sa3025600","sa3025600","Garrett Pennington",693243,6
"Woody Hadeen","DET","A+",23,263,0.152091254,0.178707224,0.851063829,0.316037735,0.437262357,0.396226415,0.833488772,0.08018868,7.197639075942874,0.398809523,1.198515510186553,48.37957522327707,10.374632433603267,0.3996342268153911,133.98352038140072,"sa3025602","sa3025602","Woody Hadeen",802219,6
"Cam Clayton","MIA","A+",23,273,0.183150183,0.208791208,0.877192982,0.213953488,0.371323529,0.353488372,0.724811901,0.139534884,7.173251645315856,0.264516129,0.9287297036498785,38.52266963488244,-0.927328013714319,0.35069699651178193,101.86343912218105,"sa3025610","sa3025610","Cam Clayton",701784,20
"Braylon Payne","MIL","A+",19,357,0.117647058,0.294117647,0.4,0.277419354,0.369014084,0.561290322,0.930304406,0.283870968,7.233791244948714,0.346153846,-1.07485337741673,67.99954053568784,16.411082072138225,0.40708393228929596,130.32543370961892,"sa3025647","sa3025647","Braylon Payne",815520,23
"Emilio Barreras","MIA","A+",22,230,0.108695652,0.147826086,0.735294117,0.226130653,0.32173913,0.326633165,0.648372295,0.100502512,4.3676641468696555,0.251533742,-1.1570032415911555,24.178722312483035,-9.057539442745005,0.30959569086199223,76.94380959418655,"sa3026631","sa3026631","Emilio Barreras",808903,20
"Bobby Boser","OAK","A+",23,150,0.113333333,0.266666666,0.425,0.291338582,0.386666666,0.456692913,0.843359579,0.165354331,3.6365464805654524,0.38095238,-0.5806178925558925,25.86280904796502,4.186986164120644,0.3864598619937897,106.82705946573438,"sa3027420","sa3027420","Bobby Boser",804119,10
"Daniel Bucciero","OAK","A+",21,192,0.166666666,0.260416666,0.64,0.215189873,0.354166666,0.335443037,0.689609703,0.120253164,6.261672086211622,0.295238095,-1.2966301338747144,24.409493401072712,-3.3355598902480867,0.3347334849337737,75.46547294719159,"sa3027937","sa3027937","Daniel Bucciero",827759,10
"Ali Camarillo","OAK","A+",23,389,0.08226221,0.143958868,0.571428571,0.28362573,0.354922279,0.394736842,0.749659121,0.111111112,5.668945897101679,0.322807017,2.3955266838893294,54.29902244494691,-1.9136115671561726,0.34895796664638223,84.08974433959567,"sa3028297","sa3028297","Ali Camarillo",701548,10
"Luke Cantwell","SDP","A+",23,158,0.164556962,0.272151898,0.604651162,0.25,0.386075949,0.390625,0.776700949,0.140625,2.089565376402521,0.341463414,-1.0208666389808059,24.84710006684847,2.0152332958657286,0.36914545259898224,109.87956610023906,"sa3028378","sa3028378","Luke Cantwell",822877,29
"Brandon Compton","MIA","A+",22,283,0.240282685,0.349823321,0.686868686,0.222748815,0.418439716,0.44549763,0.863937346,0.222748815,6.113372547512354,0.35,0.40324948728084564,53.37168580363415,12.476633296114427,0.4049338527182315,134.74712352247818,"sa3029229","sa3029229","Brandon Compton",703680,20
"Kerrington Cross","SDP","A+",24,211,0.151658767,0.251184834,0.603773584,0.238636363,0.364928909,0.392045454,0.756974363,0.153409091,2.678173773240095,0.307692307,-2.05463626049459,30.948896691848383,0.45823916857396235,0.35705749485729993,102.55066440452572,"sa3029598","sa3029598","Kerrington Cross",701136,29
"Dean Curley","CLE","A+",22,329,0.249240121,0.279635258,0.891304347,0.251063829,0.454268292,0.451063829,0.905332121,0.2,5.421303556602881,0.360294117,0.054656059481203556,68.43640030005906,20.894095441493732,0.4271166709865012,144.09744240528076,"sa3029706","sa3029706","Dean Curley",806053,5
"Michael Dattalo","STL","A+",22,197,0.071065989,0.182741116,0.388888888,0.234285714,0.30964467,0.285714285,0.595358955,0.051428571,2.612123376907652,0.285714285,-0.8510531913489103,17.180138265913005,-11.287442454869277,0.2891316686184878,59.794328973615904,"sa3029852","sa3029852","Michael Dattalo",809633,28
"Charles Davalan","LAD","A+",22,530,0.118867924,0.107547169,1.105263157,0.291571753,0.401886792,0.535307517,0.937194309,0.243735764,6.708617337167006,0.285714285,0.30721357837319374,105.91069783072622,29.322790307809417,0.417771201277951,139.76022774147089,"sa3029860","sa3029860","Charles Davalan",804560,22
"Justin DeCriscio","SDP","A+",23,341,0.096774193,0.155425219,0.622641509,0.258620689,0.35522388,0.403448275,0.758672155,0.144827586,5.007040513716735,0.288209606,-1.9198361188173294,48.99201243953679,-0.28435824973608914,0.35362439653766686,100.46918458518877,"sa3030012","sa3030012","Justin DeCriscio",813664,29
"Daniel Dickinson","MIL","A+",22,499,0.176352705,0.202404809,0.871287128,0.282051282,0.428282828,0.441025641,0.869308469,0.158974359,7.15811302360407,0.352313167,3.6491423938423395,95.8077716309274,23.69953417067178,0.40882540062220407,131.3812820581014,"sa3030286","sa3030286","Daniel Dickinson",823658,23
"Andrew Fischer","MIL","A+",22,246,0.182926829,0.333333333,0.548780487,0.298429319,0.44308943,0.67539267,1.1184821,0.376963351,4.712389505668287,0.402173913,-2.513264232315123,61.965600205432885,26.417250675928116,0.47723636018986604,172.8586935692238,"sa3031366","sa3031366","Andrew Fischer",702652,23
"Jalin Flores","STL","A+",22,492,0.06300813,0.270325203,0.233082706,0.250559284,0.308943089,0.44295302,0.751896109,0.192393736,6.012582818361132,0.314569536,-0.6618576273322105,62.78787955999008,-8.30881949901947,0.3352873039439442,87.77838725974176,"sa3031465","sa3031465","Jalin Flores",703602,28
"Jacob Friend","CIN","A+",23,286,0.188811188,0.339160839,0.55670103,0.206422018,0.38245614,0.449541284,0.831997424,0.243119266,5.626292051850876,0.281818181,1.1494482839480042,48.192801107238196,6.864232142041586,0.3819910189215566,115.61901011197641,"sa3031730","sa3031730","Jacob Friend",701820,18
"Gunner Gouldsmith","OAK","A+",24,334,0.15269461,0.170658682,0.894736842,0.224199288,0.341317365,0.30960854,0.650925905,0.085409252,3.9151225455235084,0.262443438,-2.052389670163393,37.50241516814822,-10.762417119878593,0.3177714517373525,65.18143022363583,"sa3032524","sa3032524","Gunner Gouldsmith",802005,10
"Dylan Grego","SDP","A+",22,155,0.077419354,0.316129032,0.244897959,0.162962962,0.233333333,0.251851851,0.485185184,0.088888889,4.195512479513484,0.24137931,-1.0770072061568499,5.623756017566414,-16.77459429573944,0.2309625279903412,26.099568508854777,"sa3032686","sa3032686","Dylan Grego",834966,29
"Jack Gurevitch","STL","A+",22,273,0.087912087,0.274725274,0.32,0.301652892,0.375,0.566115702,0.941115702,0.26446281,4.981796964548414,0.370860927,-0.34992988873273134,53.49311172970232,14.043114081105553,0.4133324993445593,135.0970143708788,"sa3032859","sa3032859","Jack Gurevitch",813668,28
"Matt Halbach","CHC","A+",23,482,0.095435684,0.199170124,0.479166666,0.250591016,0.332640332,0.371158392,0.703798724,0.120567376,4.607869451427396,0.29906542,-0.4057170571759343,58.81369812410986,-10.83794607597673,0.32889372097975006,84.86316291111142,"sa3032989","sa3032989","Matt Halbach",801561,17
"Luke Hill","CLE","A+",22,164,0.207317073,0.18902439,1.096774193,0.274193548,0.435582822,0.596774193,1.032357015,0.322580645,5.80530055232237,0.282352941,-0.3386240042746067,37.727205689164286,14.02830600282777,0.4522803520863773,159.35412587690954,"sa3033826","sa3033826","Luke Hill",702619,5
"Marek Houston","MIN","A+",22,268,0.119402985,0.18283582,0.653061224,0.324561403,0.406015037,0.460526315,0.866541352,0.135964912,6.975813717231661,0.387640449,2.8991373851895332,48.97501936938601,10.247549150250727,0.39825197538935153,128.11185465196837,"sa3034152","sa3034152","Marek Houston",701339,8
"Tyriq Kemp","KCR","A+",23,448,0.129464285,0.196428571,0.659090909,0.23015873,0.336343115,0.394179894,0.730523009,0.164021164,7.541729576435828,0.264285714,-0.6796801220625639,58.3847935072809,-6.353664172467637,0.3383776385412797,91.69608702556454,"sa3035244","sa3035244","Tyriq Kemp",822743,7
"Kane Kepley","CHC","A+",22,451,0.21286031,0.146341463,1.454545454,0.253776435,0.435267857,0.41389728,0.849165137,0.160120845,9.51284554447969,0.291666666,5.821387984789908,85.2604997659984,20.088525628572977,0.4054537235892245,131.28132096055424,"sa3035293","sa3035293","Kane Kepley",823807,17
"Jace LaViolette","CLE","A+",22,388,0.12113402,0.378865979,0.319727891,0.237951807,0.341968911,0.466867469,0.80883638,0.228915662,6.727607694704295,0.359281437,0.21863986551761627,59.1926332790087,3.1245047527979155,0.3637749841484999,105.69351959244635,"sa3036058","sa3036058","Jace LaViolette",702593,5
"Anthony Martinez","CLE","A+",22,181,0.099447513,0.171270718,0.580645161,0.29032258,0.381215469,0.53548387,0.916699339,0.24516129,1.79058440875,0.313559322,-0.4729227004572749,34.40968670934916,8.254193762843613,0.4066657242853997,131.69807924074786,"sa3037212","sa3037212","Anthony Martinez",814452,5
"Jacob McCombs","MIN","A+",21,284,0.056338028,0.179577464,0.31372549,0.267782426,0.378091872,0.451882845,0.829974717,0.184100419,7.217501151462374,0.313186813,-3.1996841253712773,47.79006464548335,6.7505066520713255,0.38172668472249455,118.09260794556579,"sa3037488","sa3037488","Jacob McCombs",829643,8
"Mason Neville","CIN","A+",22,139,0.136690647,0.446043165,0.306451612,0.181034482,0.297101449,0.48275862,0.779860069,0.301724138,3.1969621307202303,0.239130434,-0.0616168100386858,18.238162264392212,-1.8481002746369097,0.3393903288288393,89.79030715560562,"sa3038799","sa3038799","Mason Neville",702563,18
"Cameron Nickens","STL","A+",22,164,0.097560975,0.323170731,0.301886792,0.216783216,0.298780487,0.342657342,0.641437829,0.125874126,3.5524207917249875,0.303370786,-1.3155108047649264,15.670245316141946,-8.028654370194571,0.2986594169605069,65.57098144646245,"sa3038853","sa3038853","Cameron Nickens",800728,-1
"Luke Pelzer","KCR","A+",23,295,0.101694915,0.213559322,0.476190476,0.33716475,0.404109589,0.505747126,0.909856715,0.168582376,8.422567363282973,0.43076923,2.673684815876186,57.39835407545637,14.7692357372291,0.41176221101251365,136.18898889674318,"sa3038960","sa3038960","Luke Pelzer",804114,7
"Logan Poteet","CHC","A+",22,152,0.118421052,0.34868421,0.339622641,0.255639097,0.342105263,0.503759398,0.845864661,0.248120301,2.1567460274999997,0.364864864,-0.33205210883170366,24.54260982438579,2.5777759687568196,0.3739478023428666,112.17935149790223,"sa3040124","sa3040124","Logan Poteet",804751,17
"Josiah Ragsdale","MIL","A+",22,264,0.166666666,0.242424242,0.6875,0.327102803,0.446564885,0.528037383,0.974602268,0.20093458,8.351469283868187,0.4375,2.8790130149573088,58.670995766696365,20.521547491130256,0.4433649871640533,152.3225559924829,"sa3040392","sa3040392","Josiah Ragsdale",828824,28
"Nolan Sailors","KCR","A+",22,450,0.137777777,0.251111111,0.548672566,0.26344086,0.372146118,0.40860215,0.780748268,0.14516129,8.646016842901867,0.362204724,1.630354454740882,68.58766309480873,3.560194443275605,0.363613584221637,106.99658435043027,"sa3041417","sa3041417","Nolan Sailors",823073,7
"Cody Schrier","MIA","A+",23,296,0.104729729,0.222972972,0.469696969,0.264591439,0.351351351,0.525291828,0.876643179,0.260700389,6.216713120409102,0.292134831,2.3826237013563514,50.81490989190985,8.041286067790278,0.38560692965984344,123.0292533741475,"sa3041782","sa3041782","Cody Schrier",691794,20
"Nolan Schubart","CLE","A+",22,340,0.2,0.335294117,0.596491228,0.242537313,0.397058823,0.522388059,0.919446882,0.279850746,3.1537855547689624,0.330882352,-1.8316710898652673,65.96896481398883,16.837099610608245,0.41114047415116256,134.41111005868305,"sa3041794","sa3041794","Nolan Schubart",702278,5
"Mike Sirota","LAD","A+",23,159,0.201257861,0.226415094,0.888888888,0.325203252,0.477987421,0.601626016,1.079613437,0.276422764,7.282464218207535,0.4125,0.5187602741643786,40.68377868439609,17.70740642752105,0.4817825413350039,178.5701598006583,"sa3042374","sa3042374","Mike Sirota",701527,22
"Kade Snell","CHC","A+",23,359,0.097493036,0.206128133,0.472972972,0.268852459,0.350140056,0.426229508,0.776369564,0.157377049,7.46649295206335,0.316017316,1.7985155191272497,51.5173353076559,-0.3601341276783037,0.3534310603676056,99.74009680606068,"sa3042672","sa3042672","Kade Snell",820835,17
"Jared Sprague-Lott","OAK","A+",24,302,0.149006622,0.17218543,0.865384615,0.25,0.365448504,0.357142857,0.722591361,0.107142857,6.4551610596085265,0.294416243,0.9411312406882644,41.00145488369614,-2.639201855777199,0.3445949618021647,81.44446427785869,"sa3042867","sa3042867","Jared Sprague-Lott",814445,10
"Justin Stransky","CHC","A+",23,312,0.147435897,0.16025641,0.92,0.208661417,0.336538461,0.330708661,0.667247122,0.122047244,6.270365109675415,0.230392156,0.8370190998539329,35.03325688903724,-10.052454709359063,0.31777533485043435,78.1221103116508,"sa3043207","sa3043207","Justin Stransky",833458,17
"Devin Taylor","OAK","A+",22,254,0.188976377,0.228346456,0.827586206,0.292079207,0.42519685,0.435643564,0.860840414,0.143564357,3.6116778342549134,0.375886524,-1.0387444188818336,47.66926492571103,10.964871509067894,0.4038850029153148,117.39188336542783,"sa3043560","sa3043560","Devin Taylor",805127,10
"Kavares Tears","SDP","A+",23,279,0.125448028,0.326164874,0.384615384,0.225,0.326164874,0.470833333,0.796998207,0.245833333,4.03518394780777,0.297101449,-1.93687888327986,40.26655512193192,-0.050475442018617936,0.35437024088316066,100.92138834079746,"sa3043596","sa3043596","Kavares Tears",701837,29
"Kien Vu","CIN","A+",22,348,0.140804597,0.281609195,0.5,0.268817204,0.400576368,0.519713261,0.920289629,0.250896057,9.02860433173872,0.352941176,1.804994652979076,67.95160856619592,17.663699475676964,0.41255325474038246,134.14882521424286,"sa3044590","sa3044590","Kien Vu",809844,18
"Aaron Walton","CLE","A+",22,368,0.125,0.266304347,0.469387755,0.274834437,0.398907103,0.503311258,0.902218361,0.228476821,6.901104666220286,0.357894736,1.5901984758675098,70.79599946613254,17.617980657767667,0.4092604607506528,133.27126214612392,"sa3044756","sa3044756","Aaron Walton",830239,5
"Wilson Weber","MIA","A+",24,267,0.116104868,0.359550561,0.322916666,0.193133047,0.285714285,0.296137339,0.581851624,0.103004292,4.427312040638362,0.293233082,-1.5771276177838445,20.693850118571483,-17.889114614671506,0.2780478616854302,57.81643144734648,"sa3044929","sa3044929","Wilson Weber",701777,20
"Kasen Wells","SDP","A+",22,473,0.114164904,0.20718816,0.551020408,0.256723716,0.346895074,0.308068459,0.654963533,0.051344743,5.0368966377810525,0.332258064,-0.8282735468819737,53.84192015533184,-14.509174671724091,0.31953962392929536,79.80366331966424,"sa3044992","sa3044992","Kasen Wells",703673,29
"Ryan Wideman","SDP","A+",22,202,0.04950495,0.222772277,0.222222222,0.245989304,0.292079207,0.267379679,0.559458886,0.021390375,5.667835640234708,0.319444444,-0.7226768983528018,14.228317334295296,-14.961790815948463,0.2699748528475809,49.752653662687564,"sa3060916","sa3060916","Ryan Wideman",834240,29
"Zach Evans","SDP","A+",23,296,0.077702702,0.192567567,0.403508771,0.222222222,0.281355932,0.314814814,0.596170746,0.092592592,4.265378330178009,0.268867924,-1.0694324197247624,23.209459665656336,-19.56416415846323,0.27908188791598304,55.27422862034823,"sa3066361","sa3066361","Zach Evans",828473,-1
"Bryce Rainer","DET","A+",20,429,0.146853146,0.351981351,0.417218543,0.270718232,0.379953379,0.483425414,0.863378793,0.212707182,4.9154235094952226,0.41025641,-0.6583673376590014,75.28386618118263,13.29101273338772,0.3899643440669942,128.1206921364194,"sa3066592","sa3066592","Bryce Rainer",800614,6
"C.J. Pittaro","OAK","A+",24,354,0.141242937,0.163841807,0.862068965,0.218430034,0.34090909,0.249146757,0.590055847,0.030716723,1.503579152088784,0.265822784,-2.460112509317696,34.56211187168386,-16.592830134188866,0.301038435575637,55.03624001510949,"sa3066821","sa3066821","C.J. Pittaro",694953,10
"Tyson Lewis","CIN","A+",20,227,0.048458149,0.299559471,0.161764705,0.273584905,0.314159292,0.429245283,0.743404575,0.155660378,6.066664687617419,0.369565217,-0.2717717597261071,28.799915303842617,-4.00282999370854,0.3344354753473164,86.78619059110724,"sa3066822","sa3066822","Tyson Lewis",815653,18
"Ty Southisene","CHC","A+",20,213,0.14084507,0.126760563,1.111111111,0.325581395,0.450704225,0.372093023,0.822797248,0.046511628,7.892233625132732,0.383561643,1.0636226069182158,39.938885317701555,9.159216822642541,0.4036933760128111,130.21402616903345,"sa3066842","sa3066842","Ty Southisene",807257,14
"Alex McCoy","SDP","A+",24,427,0.098360655,0.259953161,0.378378378,0.267567567,0.353629976,0.467567567,0.821197543,0.2,5.848668294640087,0.337349397,0.07717506680637598,67.08506041620349,5.381217940193174,0.36897154187372594,109.77412441716312,"sa3067170","sa3067170","Alex McCoy",801932,29
"Chase Harlan","LAD","A+",19,130,0.1,0.238461538,0.419354838,0.238938053,0.33076923,0.38938053,0.72014976,0.150442477,3.898759862076311,0.29113924,-0.14211429096758366,16.41597592977198,-2.3697372362264764,0.333755701321822,88.82181835479275,"sa3067256","sa3067256","Chase Harlan",815792,22
"Dylan Fien","OAK","A+",20,306,0.088235294,0.27124183,0.325301204,0.2,0.274509803,0.294545454,0.569055257,0.094545454,4.416535238622194,0.272251308,-0.9919237829744816,21.457670616548477,-22.76100806649405,0.2696160734478944,35.98493225885973,"sa3067509","sa3067509","Dylan Fien",814504,10
"Stephen Hrustich","DET","A+",24,197,0.177664974,0.228426395,0.777777777,0.229299363,0.375634517,0.407643312,0.783277829,0.178343949,5.359458994845562,0.277777777,-0.9066923130303621,30.264265092336384,1.796684371554106,0.3649941612871326,112.9813262626824,"sa3067530","sa3067530","Stephen Hrustich",812442,6
"Breyson Guedez","OAK","A+",18,134,0.029850746,0.19402985,0.153846153,0.268292682,0.308270676,0.341463414,0.64973409,0.073170732,2.64285714,0.319587628,-0.36223866418004036,13.261313867365528,-6.102421242202115,0.30255980509564395,55.95864294646139,"sa3067688","sa3067688","Breyson Guedez",829052,10
"Miguel Useche","CHC","A+",25,176,0.113636363,0.238636363,0.476190476,0.26,0.369318181,0.446666666,0.815984847,0.186666666,6.570318362501803,0.316831683,-0.02086662407964468,28.28339305777798,2.8504275407339117,0.3730757866586958,111.65065034234057,"sa3068933","sa3068933","Miguel Useche",687766,17
"Andrew Sojka","DET","A+",25,382,0.120418848,0.232984293,0.516853932,0.220125786,0.330708661,0.339622641,0.670331302,0.119496855,8.127131003892233,0.27510917,3.4203850580379367,43.2408414835698,-11.960254127287204,0.3188145698837721,84.98274346019687,"sa3069107","sa3069107","Andrew Sojka",675382,6
"Josiah Hartshorn","CHC","A+",19,370,0.145945945,0.213513513,0.683544303,0.296666666,0.405405405,0.56,0.965405405,0.263333334,6.866334423701688,0.33490566,-0.22992592118680477,75.67428063568613,22.207250855536678,0.42313228486999266,141.99979305626843,"sa3069285","sa3069285","Josiah Hartshorn",815824,17
"Alex Madera","CHC","A+",25,135,0.148148148,0.207407407,0.714285714,0.278260869,0.385185185,0.32173913,0.706924315,0.043478261,5.627345411548349,0.367816091,-0.6983752697706223,18.702737084045882,-0.8055035114140535,0.34776162836286756,96.30273288395013,"sa3075809","sa3075809","Alex Madera",823702,17
"Caleb Shpur","DET","A+",24,173,0.115606936,0.2716763,0.425531914,0.201342281,0.304093567,0.241610738,0.545704305,0.040268457,4.19610918098639,0.287128712,-1.3291560411453247,12.937723679442108,-12.061725379925072,0.27494043007231594,58.38195079251878,"sa3076235","sa3076235","Caleb Shpur",835615,-1
"Jake Reinisch","OAK","A+",24,205,0.2,0.229268292,0.872340425,0.302469135,0.448780487,0.5,0.948780487,0.197530865,4.3422515913494335,0.394495412,-1.3499299036338925,43.84210206506797,14.218477457147324,0.43379925418957116,135.52882689013117,"sa3077705","sa3077705","Jake Reinisch",803152,10
"Michael Hallquist","CHC","A+",24,149,0.134228187,0.308724832,0.434782608,0.191666666,0.322147651,0.425,0.747147651,0.233333334,8.75389889465696,0.236111111,1.5602527288720012,19.274621706935644,-2.256695691016438,0.33727731520697574,89.94611730763596,"sa3077756","sa3077756","Michael Hallquist",827624,17