Name,Team,Level,Age,PA,BABIP,GB/FB,LD%,GB%,FB%,IFFB%,HR/FB,Pull%,Cent%,Oppo%,SwStr%,Balls,Strikes,Pitches,PlayerId,MinorMasterId,NameASCII,MLBAMID,PlayerTeamId
"Julio Carreras","CIN","A+",26,142,0.344086021,1.117647058,0.234042553,0.404255319,0.361702127,0.147058823,0.088235294,0.29896907,0.35051546,0.35051546,0.11050725,226,326,552,"sa3005598","sa3005598","Julio Carreras",679734,18
"Jose Salas","MIN","A+",23,163,0.272727272,0.875,0.210526315,0.368421052,0.421052631,0.325,0.175,0.49473684,0.24210526,0.26315789,0.17666667,201,399,600,"sa3014690","sa3014690","Jose Salas",691191,8
"Yerlin Confidan","CIN","A+",23,316,0.306930693,1.533333333,0.251231527,0.45320197,0.295566502,0.3,0.116666666,0.38942308,0.31730769,0.29326923,0.11048387,510,730,1240,"sa3015176","sa3015176","Yerlin Confidan",691398,18
"Junior Tilien","DET","A+",23,192,0.251908396,1.6,0.20610687,0.488549618,0.305343511,0.275,0.025,0.44274809,0.21374046,0.34351145,0.11526946,240,428,668,"sa3015187","sa3015187","Junior Tilien",691708,16
"Blayberg Diaz","MIL","A+",23,157,0.29906542,2.172413793,0.132075471,0.594339622,0.273584905,0.137931034,0,0.3853211,0.24770642,0.36697248,0.13391304,200,375,575,"sa3015352","sa3015352","Blayberg Diaz",691600,23
"Maick Collado","CLE","A+",23,136,0.311827956,0.95,0.178947368,0.4,0.421052631,0.2,0.075,0.46875,0.20833333,0.32291667,0.10526316,170,324,494,"sa3015534","sa3015534","Maick Collado",691408,5
"Esteban Gonzalez","CLE","A+",23,321,0.303571428,0.734177215,0.234636871,0.324022346,0.441340782,0.151898734,0.164556962,0.45604396,0.23626374,0.30769231,0.1485623,479,773,1252,"sa3015535","sa3015535","Esteban Gonzalez",691416,5
"Jose Meza","LAD","A+",23,423,0.312252964,1.783783783,0.207692307,0.507692307,0.284615384,0.27027027,0.135135135,0.41666667,0.22348485,0.35984848,0.12793572,642,976,1618,"sa3015558","sa3015558","Jose Meza",691561,22
"Miguel Briceno","MIN","A+",22,173,0.327731092,1,0.235772357,0.382113821,0.382113821,0.170212765,0.106382978,0.44715447,0.25203252,0.30081301,0.08995502,250,417,667,"sa3015566","sa3015566","Miguel Briceno",691605,8
"Carlos Franco","OAK","A+",23,163,0.182608695,0.87037037,0.129310344,0.405172413,0.465517241,0.37037037,0.055555555,0.43220339,0.16949153,0.39830508,0.08253968,244,386,630,"sa3015580","sa3015580","Carlos Franco",691863,10
"Oswaldo Linares","SDP","A+",23,145,0.206185567,0.645833333,0.177083333,0.322916666,0.5,0.416666666,0.041666666,0.3877551,0.28571429,0.32653061,0.11918063,188,349,537,"sa3015593","sa3015593","Oswaldo Linares",692021,29
"Carlos Rodriguez","SDP","A+",23,333,0.272727272,1.164556962,0.193396226,0.433962264,0.372641509,0.202531645,0.088607594,0.40092166,0.24423963,0.35483871,0.11806656,477,785,1262,"sa3015594","sa3015594","Carlos Rodriguez",692025,29
"Jose Cordoba","STL","A+",23,156,0.266666666,1,0.238095238,0.38095238,0.38095238,0.3,0.025,0.51886792,0.17924528,0.30188679,0.16697248,180,365,545,"sa3015614","sa3015614","Jose Cordoba",692390,-1
"Cristian Santana","DET","A+",22,354,0.224719101,0.557894736,0.19125683,0.289617486,0.519125683,0.294736842,0.168421052,0.53299492,0.23857868,0.2284264,0.12850308,631,832,1463,"sa3015697","sa3015697","Cristian Santana",694184,6
"Danny De Andrade","MIN","A+",22,446,0.306818181,1.12,0.223443223,0.41025641,0.366300366,0.2,0.15,0.50359712,0.24100719,0.25539568,0.16615003,514,1099,1613,"sa3015698","sa3015698","Danny De Andrade",694185,8
"Pedro Pineda","OAK","A+",22,306,0.357954545,1.537037037,0.230337078,0.466292134,0.303370786,0.24074074,0.129629629,0.40659341,0.26923077,0.32417582,0.13829787,436,786,1222,"sa3015703","sa3015703","Pedro Pineda",694191,10
"Victor Acosta","CIN","A+",22,166,0.301886792,2.037037037,0.226415094,0.518867924,0.254716981,0.185185185,0.148148148,0.47321429,0.25,0.27678571,0.12645591,218,383,601,"sa3015705","sa3015705","Victor Acosta",694193,-1
"Leonel Espinoza","CHC","A+",23,207,0.283582089,1.176470588,0.177777777,0.444444444,0.377777777,0.235294117,0.058823529,0.57971014,0.23188406,0.1884058,0.12694301,278,494,772,"sa3015735","sa3015735","Leonel Espinoza",696083,17
"Jesus Hernandez","MIA","A+",22,261,0.358823529,1.045454545,0.215116279,0.40116279,0.38372093,0.242424242,0.075757575,0.44886364,0.23295455,0.31818182,0.08091908,408,593,1001,"sa3015736","sa3015736","Jesus Hernandez",698929,20
"Luis Castillo","MIL","A+",22,440,0.281124497,1.244680851,0.209737827,0.438202247,0.352059925,0.212765957,0.212765957,0.47037037,0.2037037,0.32592593,0.10566868,778,1039,1817,"sa3015801","sa3015801","Luis Castillo",699127,23
"Derlin Figueroa","KCR","A+",22,452,0.308943089,0.853211009,0.237735849,0.350943396,0.411320754,0.174311926,0.23853211,0.47619048,0.2967033,0.22710623,0.17391304,649,1099,1748,"sa3015851","sa3015851","Derlin Figueroa",700283,7
"Luis Pino","STL","A+",22,165,0.30927835,1,0.252525252,0.373737373,0.373737373,0.351351351,0.108108108,0.45544554,0.27722772,0.26732673,0.13414634,262,394,656,"sa3015866","sa3015866","Luis Pino",700720,28
"Jose Suarez","STL","A+",21,391,0.359307359,1.8,0.228813559,0.495762711,0.275423728,0.169230769,0.153846153,0.43983402,0.19087137,0.36929461,0.18206897,495,955,1450,"sa3016156","sa3016156","Jose Suarez",699027,28
"Anyelo Encarnacion","STL","A+",22,263,0.328125,1.487804878,0.233082706,0.458646616,0.308270676,0.268292682,0.219512195,0.45255474,0.26277372,0.28467153,0.18589133,415,634,1049,"sa3016157","sa3016157","Anyelo Encarnacion",699031,28
"Rayne Doncon","MIN","A+",22,198,0.141791044,0.875,0.222222222,0.362962962,0.414814814,0.446428571,0.089285714,0.57142857,0.22857143,0.2,0.13172043,279,465,744,"sa3016720","sa3016720","Rayne Doncon",699061,-1
"Wilfredo Lara","MIA","A+",22,285,0.316455696,1,0.24691358,0.376543209,0.376543209,0.245901639,0.098360655,0.50920245,0.19631902,0.29447853,0.11744084,476,665,1141,"sa3017123","sa3017123","Wilfredo Lara",702906,20
"Christian Olivo","CHC","A+",22,306,0.265306122,1.25,0.211340206,0.438144329,0.350515463,0.235294117,0.073529411,0.42288557,0.20895522,0.3681592,0.10495382,459,732,1191,"sa3017877","sa3017877","Christian Olivo",700840,17
"Clayton Campbell","DET","A+",22,378,0.336322869,1.11392405,0.270742358,0.384279475,0.344978165,0.215189873,0.11392405,0.39055794,0.21888412,0.39055794,0.14028056,565,932,1497,"sa3018386","sa3018386","Clayton Campbell",693073,6
"Rosman Verdugo","SDP","A+",21,461,0.282352941,0.990566037,0.203773584,0.396226415,0.4,0.198113207,0.141509433,0.53136531,0.23247232,0.23616236,0.14026122,680,1081,1761,"sa3018393","sa3018393","Rosman Verdugo",698916,29
"Andy Lugo","MIN","A+",22,232,0.223140495,1.454545454,0.107438016,0.528925619,0.363636363,0.34090909,0.113636363,0.53174603,0.16666667,0.3015873,0.13465553,380,578,958,"sa3018400","sa3018400","Andy Lugo",702889,8
"Samuel Munoz","LAD","A+",21,368,0.247967479,1.397590361,0.19105691,0.471544715,0.337398373,0.192771084,0.084337349,0.404,0.308,0.288,0.09507042,590,830,1420,"sa3018407","sa3018407","Samuel Munoz",703153,22
"Esmith Pineda","CIN","A+",21,218,0.284552845,1.234042553,0.153225806,0.467741935,0.379032258,0.255319148,0.063829787,0.4609375,0.2734375,0.265625,0.18299882,318,529,847,"sa3018435","sa3018435","Esmith Pineda",703204,18
"Carlos Sanchez","CIN","A+",21,325,0.40625,2.456521739,0.205,0.565,0.23,0.086956521,0.195652173,0.37313433,0.24875622,0.37810945,0.12128326,503,775,1278,"sa3018465","sa3018465","Carlos Sanchez",800176,18
"Jesus  Baez","STL","A+",21,243,0.233918128,0.935897435,0.156424581,0.407821229,0.435754189,0.282051282,0.179487179,0.5,0.22043011,0.27956989,0.11188005,307,560,867,"sa3018507","sa3018507","Jesus  Baez",800305,28
"Victor Rodrigues","LAD","A+",21,308,0.248780487,2.425531914,0.210784313,0.558823529,0.230392156,0.234042553,0.042553191,0.47115385,0.17307692,0.35576923,0.06589786,510,704,1214,"sa3018520","sa3018520","Victor Rodrigues",800332,22
"Juan Baez","MIL","A+",21,309,0.212669683,1.402777777,0.206422018,0.463302752,0.330275229,0.291666666,0.027777777,0.4573991,0.23318386,0.30941704,0.09051724,461,699,1160,"sa3018525","sa3018525","Juan Baez",800345,23
"Eduardo Guerrero","LAD","A+",21,467,0.341935483,1.933333333,0.288025889,0.469255663,0.242718446,0.213333333,0.066666666,0.39808917,0.27388535,0.32802548,0.07941653,762,1089,1851,"sa3018536","sa3018536","Eduardo Guerrero",800370,22
"Juan Matheus","MIA","A+",22,182,0.276422764,0.8,0.22047244,0.346456692,0.433070866,0.181818181,0.127272727,0.49230769,0.27692308,0.23076923,0.09745127,255,412,667,"sa3018611","sa3018611","Juan Matheus",801276,20
"Carlos Sanchez","MIA","A+",21,138,0.175675675,0.916666666,0.126582278,0.417721518,0.455696202,0.138888888,0.138888888,0.43037975,0.29113924,0.27848101,0.10918544,238,339,577,"sa3018613","sa3018613","Carlos Sanchez",801522,20
"Jose Escobar","CHC","A+",21,333,0.327935222,1.876923076,0.245967741,0.491935483,0.262096774,0.184615384,0.076923076,0.38888889,0.23412698,0.37698413,0.0874183,486,738,1224,"sa3018629","sa3018629","Jose Escobar",803241,17
"Erick Torres","KCR","A+",21,361,0.309963099,2.138461538,0.23880597,0.518656716,0.242537313,0.23076923,0.046153846,0.35251799,0.23021583,0.41726619,0.08267717,451,819,1270,"sa3018641","sa3018641","Erick Torres",805075,7
"Jeffrey Mercedes","CLE","A+",21,357,0.279352226,1.215053763,0.192156862,0.443137254,0.364705882,0.225806451,0.118279569,0.41860465,0.23255814,0.34883721,0.11085271,443,847,1290,"sa3018942","sa3018942","Jeffrey Mercedes",800253,5
"Abrahan Ramirez","MIA","A+",21,165,0.271929824,1.113636363,0.198275862,0.422413793,0.379310344,0.204545454,0.045454545,0.4957265,0.24786325,0.25641026,0.12556732,246,415,661,"sa3018943","sa3018943","Abrahan Ramirez",800254,20
"Samuel Gil","DET","A+",21,413,0.28852459,1.550561797,0.245847176,0.45847176,0.295681063,0.191011235,0.011235955,0.39869281,0.2254902,0.37581699,0.10267229,563,859,1422,"sa3018963","sa3018963","Samuel Gil",800510,6
"Ricardo Hurtado","DET","A+",23,427,0.256880733,1.071428571,0.212669683,0.407239819,0.380090497,0.202380952,0.107142857,0.52192982,0.25,0.22807018,0.14070643,696,1031,1727,"sa3019200","sa3019200","Ricardo Hurtado",691452,6
"Won-Bin Cho","STL","A+",22,233,0.346456692,1.666666666,0.218045112,0.488721804,0.293233082,0.256410256,0.205128205,0.5037037,0.23703704,0.25925926,0.15306122,426,554,980,"sa3019526","sa3019526","Won-Bin Cho",800231,28
"Yasser Mercedes","MIN","A+",21,394,0.309090909,1.011235955,0.21491228,0.394736842,0.390350877,0.269662921,0.13483146,0.48275862,0.29741379,0.21982759,0.12760581,610,973,1583,"sa3019557","sa3019557","Yasser Mercedes",703160,8
"Tayden Hall","MIL","A+",23,371,0.329949238,0.9,0.25490196,0.352941176,0.392156862,0.25,0.15,0.44019139,0.24401914,0.31578947,0.10287241,680,817,1497,"sa3019929","sa3019929","Tayden Hall",695554,23
"Logan Wagner","LAD","A+",22,254,0.299319727,0.689189189,0.21875,0.31875,0.4625,0.229729729,0.216216216,0.51234568,0.22839506,0.25925926,0.15154639,346,624,970,"sa3019932","sa3019932","Logan Wagner",702488,22
"Jose Izarra","LAD","A+",24,204,0.311475409,0.882352941,0.213114754,0.368852459,0.418032786,0.333333333,0.039215686,0.528,0.232,0.24,0.1107056,323,499,822,"sa3019998","sa3019998","Jose Izarra",692222,22
"Sammy Hernandez","STL","A+",22,253,0.31081081,0.876923076,0.227848101,0.360759493,0.411392405,0.2,0.169230769,0.55345912,0.21383648,0.2327044,0.07335907,425,611,1036,"sa3020141","sa3020141","Sammy Hernandez",803679,28
"Cameron Decker","LAD","A+",22,181,0.311827956,0.780487804,0.239583333,0.333333333,0.427083333,0.365853658,0.097560975,0.51546392,0.26804124,0.21649485,0.14206897,280,445,725,"sa3020223","sa3020223","Cameron Decker",806306,22
"Lamar King Jr.","SDP","A+",22,376,0.311965811,1.71641791,0.208695652,0.5,0.291304347,0.283582089,0.059701492,0.46638655,0.19747899,0.33613445,0.1166786,512,885,1397,"sa3020279","sa3020279","Lamar King Jr.",702601,29
"Austin Charles","KCR","A+",22,186,0.325203252,0.897959183,0.256,0.352,0.392,0.306122448,0.142857142,0.45454545,0.28030303,0.26515152,0.13274336,219,459,678,"sa3020497","sa3020497","Austin Charles",800051,7
"Alfredo Duno","CIN","A+",20,295,0.317567567,0.924242424,0.220858895,0.374233128,0.404907975,0.272727272,0.242424242,0.56707317,0.25,0.18292683,0.13953488,506,698,1204,"sa3021066","sa3021066","Alfredo Duno",806957,18
"Starlyn Caba","MIA","A+",20,373,0.313432835,1.525423728,0.276699029,0.436893203,0.286407766,0.20338983,0.118644067,0.52631579,0.28229665,0.19138756,0.08859975,699,915,1614,"sa3021070","sa3021070","Starlyn Caba",806965,20
"Angel Cepeda","CHC","A+",20,306,0.35,1.388888888,0.23668639,0.443786982,0.319526627,0.185185185,0.203703703,0.43274854,0.26900585,0.29824561,0.14249578,477,709,1186,"sa3021080","sa3021080","Angel Cepeda",806980,17
"Esmil Valencia","MIA","A+",20,200,0.240601503,0.839285714,0.253623188,0.34057971,0.405797101,0.375,0.107142857,0.48201439,0.31654676,0.20143885,0.15471167,225,486,711,"sa3021082","sa3021082","Esmil Valencia",806982,20
"Welbyn Francisca","CLE","A+",20,289,0.302857142,1.161764705,0.222222222,0.417989417,0.359788359,0.205882352,0.25,0.47916667,0.25,0.27083333,0.13081651,421,718,1139,"sa3021087","sa3021087","Welbyn Francisca",806988,5
"Juan Hernandez","DET","A+",20,296,0.321637426,2.405405405,0.254437869,0.526627218,0.218934911,0.135135135,0.081081081,0.42857143,0.25714286,0.31428571,0.19559695,430,751,1181,"sa3021152","sa3021152","Juan Hernandez",808037,6
"Eduardo Quintero","LAD","A+",20,501,0.386759581,1.16,0.265306122,0.394557823,0.340136054,0.22,0.12,0.43143813,0.26086957,0.30769231,0.0616659,955,1218,2173,"sa3021208","sa3021208","Eduardo Quintero",808234,22
"Luiyin Alastre","MIL","A+",20,279,0.235955056,1.866666666,0.258620689,0.48275862,0.258620689,0.244444444,0.022222222,0.49723757,0.23756906,0.26519337,0.0793072,490,607,1097,"sa3021210","sa3021210","Luiyin Alastre",808236,23
"Angel Acosta","KCR","A+",23,215,0.331168831,1.8,0.176470588,0.529411764,0.294117647,0.2,0.022222222,0.35220126,0.25157233,0.39622642,0.08459596,296,496,792,"sa3021290","sa3021290","Angel Acosta",808665,7
"Tyler Rodriguez","MIL","A+",20,171,0.310679611,1.46875,0.233009708,0.456310679,0.310679611,0.46875,0.0625,0.52830189,0.19811321,0.27358491,0.10703364,282,372,654,"sa3021615","sa3021615","Tyler Rodriguez",808291,23
"Ramon Ramirez","KCR","A+",21,372,0.337719298,1.134146341,0.252136752,0.397435897,0.35042735,0.268292682,0.158536585,0.46938776,0.27346939,0.25714286,0.11752577,521,934,1455,"sa3021637","sa3021637","Ramon Ramirez",808675,7
"Asbel Gonzalez","KCR","A+",20,510,0.365771812,1.971014492,0.297945205,0.465753424,0.236301369,0.231884057,0.04347826,0.33548387,0.28709677,0.37741935,0.12774256,749,1302,2051,"sa3021639","sa3021639","Asbel Gonzalez",808706,7
"Eduardo Tait","MIN","A+",19,520,0.243323442,0.642857142,0.206896551,0.310344827,0.48275862,0.297619047,0.13095238,0.43575419,0.30726257,0.25698324,0.14028436,712,1398,2110,"sa3022162","sa3022162","Eduardo Tait",806953,8
"Alfredo Alcantara","CIN","A+",20,433,0.26506024,1.318181818,0.209302325,0.449612403,0.341085271,0.295454545,0.159090909,0.47169811,0.2754717,0.25283019,0.1489899,598,986,1584,"sa3022184","sa3022184","Alfredo Alcantara",807643,18
"Casey Yamauchi","OAK","A+",25,201,0.313333333,1.704545454,0.201342281,0.503355704,0.295302013,0.227272727,0.09090909,0.48051948,0.2012987,0.31818182,0.05082418,272,456,728,"sa3022528","sa3022528","Casey Yamauchi",671748,10
"Nate Nankil","OAK","A+",23,198,0.251968503,1.6,0.1875,0.5,0.3125,0.35,0.075,0.47368421,0.2481203,0.27819549,0.07530864,340,470,810,"sa3022532","sa3022532","Nate Nankil",694977,10
"Trevor Werner","KCR","A+",25,156,0.258823529,0.704545454,0.15730337,0.348314606,0.494382022,0.272727272,0.159090909,0.4673913,0.18478261,0.34782609,0.11803279,229,381,610,"sa3022592","sa3022592","Trevor Werner",687731,7
"Drew Bowser","CHC","A+",24,218,0.317757009,1.388888888,0.225225225,0.45045045,0.324324324,0.305555555,0.138888888,0.50892857,0.17857143,0.3125,0.19064748,324,510,834,"sa3022594","sa3022594","Drew Bowser",690958,17
"Myles Naylor","OAK","A+",21,314,0.341935483,1.24074074,0.234177215,0.424050632,0.341772151,0.259259259,0.111111111,0.44720497,0.30434783,0.2484472,0.17568627,475,800,1275,"sa3022605","sa3022605","Myles Naylor",802504,10
"Brandon Winokur","MIN","A+",21,331,0.346820809,1.293103448,0.24858757,0.423728813,0.327683615,0.206896551,0.172413793,0.46994536,0.26229508,0.26775956,0.1814759,499,829,1328,"sa3022613","sa3022613","Brandon Winokur",806263,8
"Luke Shliger","DET","A+",24,163,0.305263157,0.976190476,0.161616161,0.414141414,0.424242424,0.238095238,0.095238095,0.47474747,0.24242424,0.28282828,0.07768595,256,349,605,"sa3022694","sa3022694","Luke Shliger",807740,6
"Chase Jaworsky","MIA","A+",21,268,0.290697674,0.944444444,0.195402298,0.390804597,0.413793103,0.291666666,0.083333333,0.41340782,0.22346369,0.36312849,0.10875842,401,638,1039,"sa3022700","sa3022700","Chase Jaworsky",814172,20
"Quinn McDaniel","MIN","A+",23,173,0.359649122,1.119047619,0.239316239,0.401709401,0.358974358,0.261904761,0.071428571,0.28813559,0.27118644,0.44067797,0.10911809,246,423,669,"sa3022701","sa3022701","Quinn McDaniel",814194,8
"Dillon Head","MIA","A+",21,403,0.302583025,1.4,0.214545454,0.458181818,0.327272727,0.344444444,0.077777777,0.46785714,0.19642857,0.33571429,0.10183876,517,897,1414,"sa3022753","sa3022753","Dillon Head",702977,20
"Blake Mitchell","KCR","A+",21,511,0.345549738,0.752941176,0.283653846,0.307692307,0.408653846,0.117647058,0.270588235,0.40654206,0.27570093,0.31775701,0.1583935,1022,1194,2216,"sa3022756","sa3022756","Blake Mitchell",805810,7
"Carter Graham","CIN","A+",24,292,0.35582822,0.954545454,0.262857142,0.36,0.377142857,0.181818181,0.257575757,0.48333333,0.28888889,0.22777778,0.10078878,496,645,1141,"sa3022824","sa3022824","Carter Graham",807728,18
"Eric Bitonti","MIL","A+",20,489,0.378995433,0.927083333,0.232365145,0.369294605,0.398340248,0.135416666,0.260416666,0.46122449,0.28979592,0.24897959,0.15429122,875,1199,2074,"sa3022866","sa3022866","Eric Bitonti",800724,23
"Tai Peete","STL","A+",20,200,0.38938053,1.047619047,0.289256198,0.363636363,0.347107438,0.119047619,0.238095238,0.4796748,0.32520325,0.19512195,0.17414248,274,484,758,"sa3022966","sa3022966","Tai Peete",806191,28
"Tommy Hawke","CLE","A+",23,417,0.356877323,2.015384615,0.254752851,0.498098859,0.247148288,0.138461538,0.03076923,0.3956044,0.22344322,0.38095238,0.06416465,713,939,1652,"sa3023055","sa3023055","Tommy Hawke",803142,5
"Josh Adamczewski","MIL","A+",21,211,0.386554621,1.527777777,0.2890625,0.4296875,0.28125,0.25,0.25,0.4453125,0.2421875,0.3125,0.10596026,404,502,906,"sa3023168","sa3023168","Josh Adamczewski",815304,23
"Jake Cunningham","SDP","A+",23,225,0.35576923,1.097560975,0.258620689,0.387931034,0.353448275,0.097560975,0.365853658,0.39495798,0.28571429,0.31932773,0.15526602,351,570,921,"sa3023269","sa3023269","Jake Cunningham",801507,29
"Jaron Elkins","LAD","A+",21,143,0.352941176,1.708333333,0.197530864,0.506172839,0.296296296,0.125,0,0.47619048,0.27380952,0.25,0.11524823,238,326,564,"sa3023288","sa3023288","Jaron Elkins",814696,22
"Colby Shade","MIA","A+",24,265,0.367346938,0.983333333,0.227272727,0.383116883,0.389610389,0.216666666,0.15,0.4,0.27741935,0.32258065,0.11591356,381,637,1018,"sa3023374","sa3023374","Colby Shade",694974,20
"John Michael Faile","CIN","A+",26,362,0.317596566,1.118279569,0.195918367,0.424489795,0.379591836,0.161290322,0.150537634,0.44129555,0.2388664,0.31983806,0.09577465,542,878,1420,"sa3023579","sa3023579","John Michael Faile",702114,18
"Nico Perez","LAD","A+",21,358,0.339622641,1.038461538,0.267281105,0.373271889,0.359447004,0.256410256,0.115384615,0.39269406,0.26940639,0.33789954,0.09287257,576,813,1389,"sa3023603","sa3023603","Nico Perez",703639,22
"Emil Morales","LAD","A+",19,368,0.334975369,0.797752808,0.262672811,0.32718894,0.410138248,0.202247191,0.224719101,0.53881279,0.26940639,0.19178082,0.13498233,556,859,1415,"sa3023887","sa3023887","Emil Morales",815896,22
"Luis Pena","MIL","A+",19,219,0.375,1.894736842,0.219858156,0.510638297,0.269503546,0.236842105,0.052631578,0.41780822,0.2260274,0.35616438,0.11889862,275,524,799,"sa3024134","sa3024134","Luis Pena",821270,23
"Jose Cerice","KCR","A+",21,419,0.312056737,1.705128205,0.254416961,0.469964664,0.275618374,0.256410256,0.076923076,0.40625,0.21180556,0.38194444,0.08932039,567,978,1545,"sa3024375","sa3024375","Jose Cerice",822177,7
"Justin Riemer","OAK","A+",24,161,0.274725274,1.333333333,0.222222222,0.444444444,0.333333333,0.266666666,0.1,0.37234043,0.22340426,0.40425532,0.04545455,311,393,704,"sa3025086","sa3025086","Justin Riemer",811312,10
"Cade McGee","STL","A+",23,363,0.267379679,0.75,0.186868686,0.348484848,0.464646464,0.217391304,0.152173913,0.52238806,0.19402985,0.28358209,0.12926652,547,830,1377,"sa3025153","sa3025153","Cade McGee",801629,28
"Josh Kross","STL","A+",23,375,0.313901345,1.341772151,0.209401709,0.452991452,0.337606837,0.189873417,0.164556962,0.46835443,0.2278481,0.30379747,0.14851485,554,860,1414,"sa3025158","sa3025158","Josh Kross",811339,28
"Ian Petrutz","STL","A+",23,207,0.315068493,1.4,0.265306122,0.428571428,0.306122448,0.311111111,0.088888888,0.46666667,0.25333333,0.28,0.11657303,264,448,712,"sa3025159","sa3025159","Ian Petrutz",814413,28
"Jacob Jenkins-Cowart","MIA","A+",23,213,0.272727272,1.648648648,0.246153846,0.469230769,0.284615384,0.162162162,0.243243243,0.45384615,0.23076923,0.31538462,0.15802469,291,519,810,"sa3025201","sa3025201","Jacob Jenkins-Cowart",801881,20
"Carter Johnson","MIA","A+",20,214,0.294117647,1.692307692,0.255319148,0.468085106,0.276595744,0.358974358,0.153846153,0.44366197,0.21830986,0.33802817,0.13636364,291,501,792,"sa3025203","sa3025203","Carter Johnson",815793,20
"Connor Caskenette","MIA","A+",24,145,0.381578947,1.583333333,0.253012048,0.457831325,0.289156626,0.208333333,0.291666666,0.42168675,0.28915663,0.28915663,0.09965035,240,332,572,"sa3025240","sa3025240","Connor Caskenette",683353,20
"Jack Costello","SDP","A+",25,340,0.248847926,0.91,0.151111111,0.404444444,0.444444444,0.29,0.13,0.50869565,0.25217391,0.23913043,0.09643436,476,758,1234,"sa3025242","sa3025242","Jack Costello",694320,29
"Jaime Ferrer","MIN","A+",23,146,0.311688311,1.428571428,0.209302325,0.465116279,0.325581395,0.214285714,0.321428571,0.40697674,0.25581395,0.3372093,0.173258,210,321,531,"sa3025246","sa3025246","Jaime Ferrer",695634,8
"Khadim Diaw","MIN","A+",22,247,0.363057324,1.36,0.257861635,0.427672955,0.314465408,0.2,0.1,0.49382716,0.22222222,0.28395062,0.10721649,390,580,970,"sa3025259","sa3025259","Khadim Diaw",813715,8
"Jay Thomason","MIN","A+",24,211,0.382608695,0.955555555,0.260504201,0.361344537,0.37815126,0.155555555,0.155555555,0.42622951,0.29508197,0.27868852,0.14399093,358,524,882,"sa3025265","sa3025265","Jay Thomason",823295,8
"Ryan McCrystal","CIN","A+",23,324,0.338095238,1.23880597,0.275362318,0.400966183,0.323671497,0.179104477,0.059701492,0.35981308,0.24766355,0.39252336,0.1215781,468,774,1242,"sa3025334","sa3025334","Ryan McCrystal",701734,18
"Rodney Green Jr.","OAK","A+",23,451,0.362790697,1.596774193,0.258064516,0.456221198,0.285714285,0.209677419,0.14516129,0.41777778,0.23555556,0.34666667,0.15240642,786,1084,1870,"sa3025384","sa3025384","Rodney Green Jr.",701587,10
"Ryan Cesarini","CLE","A+",23,142,0.282608695,0.906976744,0.154639175,0.402061855,0.443298969,0.302325581,0.162790697,0.42424242,0.29292929,0.28282828,0.12007505,218,315,533,"sa3025440","sa3025440","Ryan Cesarini",825761,5
"Garrett Howe","CLE","A+",23,256,0.284722222,0.738461538,0.226027397,0.328767123,0.445205479,0.461538461,0.046153846,0.41496599,0.19047619,0.39455782,0.09510619,438,645,1083,"sa3025441","sa3025441","Garrett Howe",827628,5
"Bennett Thompson","CLE","A+",23,231,0.357142857,0.807692307,0.282442748,0.320610687,0.396946564,0.365384615,0.153846153,0.5,0.23880597,0.26119403,0.06508264,453,515,968,"sa3025451","sa3025451","Bennett Thompson",701750,5
"Marco Dinges","MIL","A+",22,266,0.303797468,1.109375,0.181818181,0.43030303,0.387878787,0.28125,0.171875,0.42011834,0.31360947,0.26627219,0.14123223,437,618,1055,"sa3025495","sa3025495","Marco Dinges",701392,23
"Peyton Stovall","CIN","A+",23,324,0.278606965,1.164383561,0.236714975,0.410628019,0.352657004,0.219178082,0.136986301,0.51184834,0.23696682,0.25118483,0.08585056,496,762,1258,"sa3025512","sa3025512","Peyton Stovall",696510,18
"Jackson Strong","DET","A+",22,435,0.247706422,1,0.193133047,0.403433476,0.403433476,0.180851063,0.180851063,0.56170213,0.21702128,0.2212766,0.13322368,734,1090,1824,"sa3025551","sa3025551","Jackson Strong",825924,6
"Cameron Sisneros","CHC","A+",25,158,0.32183908,1.117647058,0.217391304,0.413043478,0.369565217,0.205882352,0.147058823,0.41304348,0.2826087,0.30434783,0.08103976,303,351,654,"sa3025564","sa3025564","Cameron Sisneros",815133,21
"Garrett Pennington","DET","A+",25,252,0.319018404,0.94117647,0.245714285,0.365714285,0.388571428,0.19117647,0.205882352,0.33898305,0.27683616,0.38418079,0.1474359,325,611,936,"sa3025600","sa3025600","Garrett Pennington",693243,6
"Woody Hadeen","DET","A+",23,263,0.398809523,1.604651162,0.321212121,0.418181818,0.26060606,0.139534883,0,0.41071429,0.25595238,0.33333333,0.07845084,436,571,1007,"sa3025602","sa3025602","Woody Hadeen",802219,6
"Cam Clayton","MIA","A+",23,273,0.264516129,1,0.153846153,0.423076923,0.423076923,0.348484848,0.075757575,0.49068323,0.1863354,0.32298137,0.09791478,460,643,1103,"sa3025610","sa3025610","Cam Clayton",701784,20
"Braylon Payne","MIL","A+",19,357,0.346153846,1.082352941,0.132352941,0.450980392,0.416666666,0.211764705,0.270588235,0.48792271,0.28019324,0.23188406,0.16642651,525,863,1388,"sa3025647","sa3025647","Braylon Payne",815520,23
"Emilio Barreras","MIA","A+",22,230,0.251533742,1.352941176,0.268292682,0.420731707,0.310975609,0.196078431,0.078431372,0.48809524,0.26785714,0.24404762,0.07709751,329,553,882,"sa3026631","sa3026631","Emilio Barreras",808903,20
"Bobby Boser","OAK","A+",23,150,0.38095238,0.972222222,0.202247191,0.393258426,0.404494382,0.305555555,0.138888888,0.41573034,0.17977528,0.40449438,0.11929825,213,357,570,"sa3027420","sa3027420","Bobby Boser",804119,10
"Daniel Bucciero","OAK","A+",21,192,0.295238095,2,0.235294117,0.509803921,0.25490196,0.115384615,0.115384615,0.42592593,0.21296296,0.36111111,0.11741935,333,442,775,"sa3027937","sa3027937","Daniel Bucciero",827759,10
"Ali Camarillo","OAK","A+",23,389,0.322807017,1.459770114,0.249122807,0.445614035,0.305263157,0.195402298,0.057471264,0.48630137,0.23972603,0.2739726,0.08848921,521,869,1390,"sa3028297","sa3028297","Ali Camarillo",701548,10
"Luke Cantwell","SDP","A+",23,158,0.341463414,1.5,0.345238095,0.392857142,0.261904761,0.045454545,0.181818181,0.22619048,0.36904762,0.4047619,0.1336478,266,370,636,"sa3028378","sa3028378","Luke Cantwell",822877,29
"Brandon Compton","MIA","A+",22,283,0.35,0.977272727,0.223214285,0.383928571,0.392857142,0.227272727,0.272727272,0.5,0.24107143,0.25892857,0.16813451,552,697,1249,"sa3029229","sa3029229","Brandon Compton",703680,20
"Kerrington Cross","SDP","A+",24,211,0.307692307,0.895833333,0.247933884,0.3553719,0.396694214,0.166666666,0.125,0.41129032,0.27419355,0.31451613,0.1331058,367,512,879,"sa3029598","sa3029598","Kerrington Cross",701136,29
"Dean Curley","CLE","A+",22,329,0.360294117,0.877192982,0.262068965,0.344827586,0.393103448,0.210526315,0.175438596,0.45205479,0.28767123,0.26027397,0.0692255,678,781,1459,"sa3029706","sa3029706","Dean Curley",806053,5
"Michael Dattalo","STL","A+",22,197,0.285714285,1.833333333,0.26618705,0.474820143,0.258992805,0.083333333,0.027777777,0.33802817,0.23239437,0.42957746,0.08827586,274,451,725,"sa3029852","sa3029852","Michael Dattalo",809633,28
"Charles Davalan","LAD","A+",22,530,0.285714285,0.898734177,0.208443271,0.374670184,0.416886543,0.246835443,0.151898734,0.50518135,0.23834197,0.25647668,0.07322176,782,1130,1912,"sa3029860","sa3029860","Charles Davalan",804560,22
"Justin DeCriscio","SDP","A+",23,341,0.288209606,1.234567901,0.219827586,0.431034482,0.349137931,0.358024691,0.111111111,0.57438017,0.24380165,0.18181818,0.08267717,464,806,1270,"sa3030012","sa3030012","Justin DeCriscio",813664,29
"Daniel Dickinson","MIL","A+",22,499,0.352313167,1.12037037,0.207612456,0.418685121,0.373702422,0.268518518,0.101851851,0.40740741,0.28282828,0.30976431,0.09328178,869,1200,2069,"sa3030286","sa3030286","Daniel Dickinson",823658,23
"Andrew Fischer","MIL","A+",22,246,0.402173913,0.45614035,0.252252252,0.234234234,0.513513513,0.192982456,0.350877192,0.55855856,0.27027027,0.17117117,0.1559633,482,608,1090,"sa3031366","sa3031366","Andrew Fischer",702652,23
"Jalin Flores","STL","A+",22,492,0.314569536,0.951219512,0.23076923,0.375,0.394230769,0.178861788,0.138211382,0.42902208,0.26182965,0.30914826,0.14652406,607,1263,1870,"sa3031465","sa3031465","Jalin Flores",703602,28
"Jacob Friend","CIN","A+",23,286,0.281818181,0.6,0.154471544,0.31707317,0.528455284,0.292307692,0.215384615,0.34126984,0.32539683,0.33333333,0.15916667,525,675,1200,"sa3031730","sa3031730","Jacob Friend",701820,18
"Gunner Gouldsmith","OAK","A+",24,334,0.262443438,1.983050847,0.210762331,0.524663677,0.264573991,0.355932203,0.084745762,0.42290749,0.22907489,0.34801762,0.08575804,489,817,1306,"sa3032524","sa3032524","Gunner Gouldsmith",802005,10
"Dylan Grego","SDP","A+",22,155,0.24137931,0.945945945,0.172413793,0.40229885,0.425287356,0.27027027,0.027027027,0.42222222,0.24444444,0.33333333,0.13050571,193,420,613,"sa3032686","sa3032686","Dylan Grego",834966,29
"Jack Gurevitch","STL","A+",22,273,0.370860927,1.509803921,0.224242424,0.466666666,0.309090909,0.039215686,0.333333333,0.41071429,0.2797619,0.30952381,0.16748768,373,642,1015,"sa3032859","sa3032859","Jack Gurevitch",813668,28
"Matt Halbach","CHC","A+",23,482,0.29906542,1.49,0.231481481,0.459876543,0.308641975,0.3,0.1,0.51057402,0.24169184,0.24773414,0.11653117,706,1139,1845,"sa3032989","sa3032989","Matt Halbach",801561,17
"Luke Hill","CLE","A+",22,164,0.282352941,1.088235294,0.228260869,0.402173913,0.369565217,0.117647058,0.294117647,0.39583333,0.27083333,0.33333333,0.11544715,280,335,615,"sa3033826","sa3033826","Luke Hill",702619,5
"Marek Houston","MIN","A+",22,268,0.387640449,1.109375,0.262295081,0.387978142,0.349726775,0.1875,0.078125,0.42391304,0.24456522,0.33152174,0.08063021,446,633,1079,"sa3034152","sa3034152","Marek Houston",701339,8
"Tyriq Kemp","KCR","A+",23,448,0.264285714,1.797468354,0.219081272,0.501766784,0.279151943,0.253164556,0.164556962,0.35333333,0.24666667,0.4,0.07851935,751,1032,1783,"sa3035244","sa3035244","Tyriq Kemp",822743,7
"Kane Kepley","CHC","A+",22,451,0.291666666,1.08,0.220973782,0.404494382,0.374531835,0.18,0.07,0.46691176,0.19485294,0.33823529,0.04775125,805,996,1801,"sa3035293","sa3035293","Kane Kepley",823807,17
"Jace LaViolette","CLE","A+",22,388,0.359281437,0.831325301,0.178378378,0.372972972,0.448648648,0.168674698,0.228915662,0.51871658,0.22994652,0.2513369,0.14491018,690,980,1670,"sa3036058","sa3036058","Jace LaViolette",702593,5
"Anthony Martinez","CLE","A+",22,181,0.313559322,0.773584905,0.248,0.328,0.424,0.207547169,0.150943396,0.45238095,0.26984127,0.27777778,0.09131737,268,400,668,"sa3037212","sa3037212","Anthony Martinez",814452,5
"Jacob McCombs","MIN","A+",21,284,0.313186813,1.360655737,0.221621621,0.448648648,0.329729729,0.295081967,0.114754098,0.42857143,0.25396825,0.31746032,0.12843137,346,674,1020,"sa3037488","sa3037488","Jacob McCombs",829643,8
"Mason Neville","CIN","A+",22,139,0.239130434,0.352941176,0.163636363,0.218181818,0.618181818,0.235294117,0.294117647,0.36842105,0.38596491,0.24561404,0.14192496,250,363,613,"sa3038799","sa3038799","Mason Neville",702563,18
"Cameron Nickens","STL","A+",22,164,0.303370786,1.88,0.191011235,0.528089887,0.280898876,0.08,0.16,0.38709677,0.23655914,0.37634409,0.18700475,250,381,631,"sa3038853","sa3038853","Cameron Nickens",800728,-1
"Luke Pelzer","KCR","A+",23,295,0.43076923,1.886792452,0.223350253,0.507614213,0.269035532,0.188679245,0.075471698,0.35960591,0.25123153,0.38916256,0.0874036,453,714,1167,"sa3038960","sa3038960","Luke Pelzer",804114,7
"Logan Poteet","CHC","A+",22,152,0.364864864,1,0.205128205,0.397435897,0.397435897,0.064516129,0.225806451,0.52439024,0.26829268,0.20731707,0.17406143,226,360,586,"sa3040124","sa3040124","Logan Poteet",804751,17
"Josiah Ragsdale","MIL","A+",22,264,0.4375,1.428571428,0.315436241,0.402684563,0.281879194,0,0.166666666,0.44370861,0.31125828,0.24503311,0.09423605,474,619,1093,"sa3040392","sa3040392","Josiah Ragsdale",828824,28
"Nolan Sailors","KCR","A+",22,450,0.362204724,2.448275862,0.209486166,0.561264822,0.229249011,0.120689655,0.103448275,0.36567164,0.26865672,0.36567164,0.11242271,676,1103,1779,"sa3041417","sa3041417","Nolan Sailors",823073,7
"Cody Schrier","MIA","A+",23,296,0.292134831,0.986486486,0.226315789,0.384210526,0.389473684,0.31081081,0.216216216,0.56476684,0.21243523,0.22279793,0.12672176,401,688,1089,"sa3041782","sa3041782","Cody Schrier",691794,20
"Nolan Schubart","CLE","A+",22,340,0.330882352,0.539473684,0.235294117,0.267973856,0.496732026,0.131578947,0.263157894,0.43589744,0.29487179,0.26923077,0.15868673,646,816,1462,"sa3041794","sa3041794","Nolan Schubart",702278,5
"Mike Sirota","LAD","A+",23,159,0.4125,1.666666666,0.356321839,0.40229885,0.24137931,0,0.333333333,0.36781609,0.40229885,0.22988506,0.08583691,325,374,699,"sa3042374","sa3042374","Mike Sirota",701527,22
"Kade Snell","CHC","A+",23,359,0.316017316,1.565217391,0.243589743,0.461538461,0.294871794,0.20289855,0.130434782,0.40833333,0.21666667,0.375,0.1091314,513,834,1347,"sa3042672","sa3042672","Kade Snell",820835,17
"Jared Sprague-Lott","OAK","A+",24,302,0.294416243,1.34375,0.246231155,0.432160804,0.32160804,0.171875,0.078125,0.43564356,0.25247525,0.31188119,0.07548845,475,651,1126,"sa3042867","sa3042867","Jared Sprague-Lott",814445,10
"Justin Stransky","CHC","A+",23,312,0.230392156,1.197368421,0.181372549,0.446078431,0.372549019,0.263157894,0.078947368,0.53333333,0.24285714,0.22380952,0.08043118,504,702,1206,"sa3043207","sa3043207","Justin Stransky",833458,17
"Devin Taylor","OAK","A+",22,254,0.375886524,1.916666666,0.280821917,0.472602739,0.246575342,0.111111111,0.166666666,0.50340136,0.2244898,0.27210884,0.10205909,502,615,1117,"sa3043560","sa3043560","Devin Taylor",805127,10
"Kavares Tears","SDP","A+",23,279,0.297101449,0.982142857,0.25,0.371621621,0.378378378,0.160714285,0.232142857,0.47682119,0.26490066,0.25827815,0.18290441,401,687,1088,"sa3043596","sa3043596","Kavares Tears",701837,29
"Kien Vu","CIN","A+",22,348,0.352941176,1.307692307,0.15730337,0.477528089,0.365168539,0.061538461,0.23076923,0.37096774,0.37096774,0.25806452,0.12663755,579,795,1374,"sa3044590","sa3044590","Kien Vu",809844,18
"Aaron Walton","CLE","A+",22,368,0.357894736,1.239436619,0.208955223,0.437810945,0.35323383,0.28169014,0.211267605,0.57073171,0.2195122,0.2097561,0.10944625,641,894,1535,"sa3044756","sa3044756","Aaron Walton",830239,5
"Wilson Weber","MIA","A+",24,267,0.293233082,1.560975609,0.227941176,0.470588235,0.301470588,0.146341463,0.146341463,0.44285714,0.27857143,0.27857143,0.15691736,409,668,1077,"sa3044929","sa3044929","Wilson Weber",701777,20
"Kasen Wells","SDP","A+",22,473,0.332258064,1.67032967,0.198019801,0.501650165,0.300330033,0.164835164,0.021978021,0.34603175,0.27301587,0.38095238,0.09380054,714,1141,1855,"sa3044992","sa3044992","Kasen Wells",703673,29
"Ryan Wideman","SDP","A+",22,202,0.319444444,2.151515151,0.235294117,0.522058823,0.242647058,0.212121212,0,0.3986014,0.21678322,0.38461538,0.12689655,224,501,725,"sa3060916","sa3060916","Ryan Wideman",834240,29
"Zach Evans","SDP","A+",23,296,0.268867924,1.754385964,0.234146341,0.487804878,0.27804878,0.245614035,0.052631578,0.44651163,0.25581395,0.29767442,0.09350394,354,662,1016,"sa3066361","sa3066361","Zach Evans",828473,-1
"Bryce Rainer","DET","A+",20,429,0.41025641,2.25490196,0.205741626,0.550239234,0.244019138,0.098039215,0.352941176,0.33802817,0.28638498,0.37558685,0.14221473,713,1066,1779,"sa3066592","sa3066592","Bryce Rainer",800614,6
"C.J. Pittaro","OAK","A+",24,354,0.265822784,3.65116279,0.156118143,0.662447257,0.181434599,0.139534883,0.023255813,0.33195021,0.17842324,0.48962656,0.07792208,582,804,1386,"sa3066821","sa3066821","C.J. Pittaro",694953,10
"Tyson Lewis","CIN","A+",20,227,0.369565217,2.964285714,0.212765957,0.588652482,0.19858156,0.142857142,0.25,0.35616438,0.20547945,0.43835616,0.21251476,264,583,847,"sa3066822","sa3066822","Tyson Lewis",815653,18
"Ty Southisene","CHC","A+",20,213,0.383561643,2.678571428,0.284722222,0.520833333,0.194444444,0.107142857,0,0.35616438,0.21917808,0.42465753,0.07416564,338,471,809,"sa3066842","sa3066842","Ty Southisene",807257,14
"Alex McCoy","SDP","A+",24,427,0.337349397,1.25,0.2265625,0.4296875,0.34375,0.204545454,0.170454545,0.45075758,0.21969697,0.32954545,0.16346749,571,1044,1615,"sa3067170","sa3067170","Alex McCoy",801932,29
"Chase Harlan","LAD","A+",19,130,0.29113924,1.357142857,0.164556962,0.481012658,0.354430379,0.214285714,0.142857142,0.53658537,0.23170732,0.23170732,0.10080645,194,302,496,"sa3067256","sa3067256","Chase Harlan",815792,22
"Dylan Fien","OAK","A+",20,306,0.272251308,1.098591549,0.215789473,0.410526315,0.37368421,0.338028169,0.042253521,0.42783505,0.24226804,0.32989691,0.13557929,426,791,1217,"sa3067509","sa3067509","Dylan Fien",814504,10
"Stephen Hrustich","DET","A+",24,197,0.277777777,0.693877551,0.23853211,0.311926605,0.449541284,0.306122448,0.122448979,0.43859649,0.24561404,0.31578947,0.11294416,337,451,788,"sa3067530","sa3067530","Stephen Hrustich",812442,6
"Breyson Guedez","OAK","A+",18,134,0.319587628,2.789473684,0.265306122,0.540816326,0.193877551,0.263157894,0.105263157,0.43434343,0.24242424,0.32323232,0.09961686,159,363,522,"sa3067688","sa3067688","Breyson Guedez",829052,10
"Miguel Useche","CHC","A+",25,176,0.316831683,0.902439024,0.271028037,0.345794392,0.38317757,0.170731707,0.170731707,0.44036697,0.26605505,0.29357798,0.10841655,289,412,701,"sa3068933","sa3068933","Miguel Useche",687766,17
"Andrew Sojka","DET","A+",25,382,0.27510917,0.958333333,0.182608695,0.4,0.417391304,0.270833333,0.072916666,0.43220339,0.25423729,0.31355932,0.13645485,595,900,1495,"sa3069107","sa3069107","Andrew Sojka",675382,6
"Josiah Hartshorn","CHC","A+",19,370,0.33490566,1.175,0.236842105,0.412280701,0.350877192,0.1625,0.225,0.46956522,0.24347826,0.28695652,0.09317585,636,888,1524,"sa3069285","sa3069285","Josiah Hartshorn",815824,17
"Alex Madera","CHC","A+",25,135,0.367816091,5,0.162790697,0.697674418,0.139534883,0.333333333,0,0.18181818,0.23863636,0.57954545,0.07279029,229,348,577,"sa3075809","sa3075809","Alex Madera",823702,17
"Caleb Shpur","DET","A+",24,173,0.287128712,2.583333333,0.156862745,0.607843137,0.235294117,0.291666666,0.041666666,0.34951456,0.22330097,0.42718447,0.12922173,267,414,681,"sa3076235","sa3076235","Caleb Shpur",835615,-1
"Jake Reinisch","OAK","A+",24,205,0.394495412,1.333333333,0.256637168,0.424778761,0.31858407,0.138888888,0.166666666,0.42105263,0.28947368,0.28947368,0.09811321,355,440,795,"sa3077705","sa3077705","Jake Reinisch",803152,10
"Michael Hallquist","CHC","A+",24,149,0.236111111,0.625,0.144736842,0.328947368,0.526315789,0.2,0.15,0.38461538,0.35897436,0.25641026,0.18655462,228,367,595,"sa3077756","sa3077756","Michael Hallquist",827624,17