player_id,player_name,player_team,bip,ground_ball_percent,line_drive_percent,fly_ball_percent,pop_up_percent,pull_percent,straight_percent,oppo_percent,pulled_air_percent
800543,Josue De Paula,TUL,417,0.4149,0.2734,0.2758,0.036,0.4317,0.3957,0.1727,0.1799
813860,Charlie Pagliarini,ARK,324,0.3889,0.2654,0.284,0.0617,0.3827,0.4136,0.2037,0.142
686638,Hunter Fitz-Gerald,ARK,359,0.3788,0.2758,0.3064,0.039,0.3816,0.4039,0.2145,0.1504
699712,Raylin Heredia,REA,398,0.4095,0.2714,0.2412,0.0754,0.3894,0.407,0.201,0.1608
702253,Cam Collier,CHA,368,0.4375,0.2201,0.25,0.0924,0.394,0.4049,0.2011,0.125
800169,Aroon Escobar,REA,400,0.4575,0.2175,0.275,0.05,0.3025,0.4925,0.205,0.0925
814528,Sam Kulasingam,NWA,360,0.4694,0.2444,0.2583,0.0278,0.3389,0.4028,0.2583,0.1222
814307,Zyhir Hope,ERI/TUL,357,0.3922,0.2549,0.2941,0.0588,0.3557,0.4286,0.2157,0.1429
691267,Alex Ramírez,KNX,424,0.5165,0.2217,0.2146,0.0472,0.2453,0.4788,0.2759,0.059
700321,Andy Perez,HFD,441,0.5351,0.229,0.1587,0.0748,0.4014,0.3605,0.2358,0.1134
815908,Jesús Made,BLX,419,0.537,0.2076,0.1981,0.0573,0.327,0.4678,0.2053,0.0859
800198,Cristofer Torin,AMA,443,0.4131,0.2551,0.2483,0.0835,0.3679,0.4447,0.1874,0.1603
701062,Alec Briley,BIR,345,0.4174,0.2464,0.2725,0.0638,0.4377,0.3797,0.1826,0.2
694170,Dyan Jorge,HFD,363,0.5675,0.2287,0.1433,0.0606,0.2948,0.4187,0.2865,0.0634
823795,Nick Rodriguez,RCT,373,0.4879,0.2332,0.2413,0.0349,0.2842,0.4558,0.2574,0.0697
815089,Coby Morales,SOM,339,0.4454,0.2596,0.2537,0.0413,0.3304,0.4248,0.2419,0.0914
694749,Dylan Campbell,BIR/REA,356,0.4017,0.2163,0.2978,0.0843,0.382,0.4157,0.2022,0.1517
687272,Tucker Flint,RCT,299,0.4515,0.214,0.2809,0.0535,0.4247,0.3846,0.1873,0.1171
702662,Dylan Dreiling,FRI,372,0.4032,0.2446,0.3011,0.0511,0.3253,0.422,0.2527,0.1156
808768,Ben McLaughlin,AMA,401,0.404,0.2419,0.2618,0.0923,0.384,0.3965,0.2195,0.1372
804858,Bryan Rincon,REA,317,0.4385,0.2082,0.2902,0.0631,0.4858,0.3186,0.1956,0.1767
814414,Kyle DeBarge,WCH,324,0.3889,0.2037,0.2932,0.1142,0.4012,0.3735,0.2253,0.1821
701778,Jace Avina,SOM,337,0.3412,0.2522,0.3145,0.092,0.3501,0.3917,0.2582,0.1662
801978,Callan Moss,ALT,349,0.5043,0.2436,0.192,0.0602,0.3381,0.4241,0.2378,0.0974
800473,Jefferson Rojas,BNG/KNX,382,0.4084,0.2199,0.2749,0.0942,0.3822,0.4241,0.1885,0.1466
807714,Carter Trice,KNX,327,0.3792,0.1957,0.315,0.1101,0.3639,0.4128,0.2232,0.1529
695372,Jake Gelof,TUL,295,0.278,0.2678,0.3492,0.1051,0.4068,0.4,0.1932,0.261
687730,Caleb Cali,ARK,279,0.3226,0.2294,0.2975,0.1505,0.4624,0.3226,0.2151,0.2545
701682,Braedon Karpathios,SA,288,0.4722,0.2431,0.2535,0.0312,0.3472,0.4514,0.2014,0.0868
804446,Eddie Micheletti Jr.,NH/RCT,353,0.4193,0.221,0.255,0.1048,0.4306,0.3853,0.1841,0.1926
689931,Peyton Graham,ERI,326,0.4202,0.2485,0.2669,0.0644,0.2853,0.454,0.2607,0.1166
690991,Mac Horvath,MTG,342,0.386,0.2515,0.2895,0.0702,0.3421,0.4474,0.2076,0.155
801670,Mike Boeve,BLX,346,0.5202,0.2081,0.2312,0.0405,0.3815,0.4451,0.1734,0.078
687310,Will Simpson,MTG,312,0.3942,0.2372,0.2949,0.0737,0.359,0.4327,0.2083,0.1506
810838,Ryan Jackson,SA,333,0.4655,0.2132,0.2282,0.0931,0.3123,0.4204,0.2673,0.1111
672359,Tirso Ornelas,SA,365,0.4548,0.2466,0.2192,0.0795,0.4575,0.3589,0.1836,0.1918
702258,Druw Jones,AMA,299,0.5385,0.2809,0.1572,0.0234,0.2475,0.4682,0.2843,0.0936
694187,Daniel Vazquez,NWA,329,0.5167,0.2401,0.2036,0.0365,0.2766,0.4407,0.2827,0.0821
680672,Luke Waddell,COL,400,0.3925,0.2525,0.2825,0.0725,0.415,0.3625,0.2225,0.17
800406,Aron Estrada,CHE,381,0.5013,0.2126,0.2415,0.0446,0.3911,0.3885,0.2205,0.1181
669413,Frainyer Chavez,FRI,336,0.4196,0.25,0.2768,0.0536,0.3542,0.4048,0.2411,0.1518
694754,Sabin Ceballos,RIC,329,0.3435,0.2432,0.3161,0.0973,0.3891,0.4225,0.1884,0.2067
811287,Carson Roccaforte,NWA,304,0.3487,0.2105,0.375,0.0658,0.5033,0.3158,0.1809,0.2434
801523,Chris Suero,BNG,262,0.4542,0.1641,0.2939,0.0878,0.4198,0.4313,0.1489,0.1489
696521,Garrett Spain,WCH,298,0.3826,0.2148,0.3255,0.0705,0.4698,0.3289,0.2013,0.198
828335,Titus Dumitru,ALT,320,0.475,0.2531,0.25,0.0219,0.2844,0.4281,0.2875,0.0781
694183,Cristian Hernández,PNS,311,0.4791,0.2219,0.2315,0.0675,0.4309,0.4244,0.1447,0.1222
802474,Cameron Leary,MID,290,0.4103,0.2448,0.2483,0.0966,0.3448,0.4586,0.1966,0.1103
687554,DJ Gladney,SOM,275,0.4218,0.2764,0.2364,0.0655,0.2545,0.4836,0.2618,0.1164
800306,Jansel Luis,AMA,333,0.4925,0.2462,0.2222,0.036,0.4084,0.4174,0.1742,0.1231
803172,Griff O'Ferrall,CHE,325,0.3815,0.2338,0.2892,0.0954,0.3692,0.3908,0.24,0.1323
694214,Samuel Zavala,BIR,274,0.4745,0.208,0.2226,0.0949,0.5036,0.3139,0.1825,0.1533
809338,Trevor Austin,CC,298,0.3893,0.2349,0.2953,0.0805,0.3993,0.4094,0.1913,0.1946
802991,E.J. Exposito,ERI,302,0.3377,0.2152,0.3543,0.0927,0.3377,0.4503,0.2119,0.1325
805126,Charlie Szykowny,RIC,339,0.3805,0.2655,0.2655,0.0885,0.4395,0.3864,0.174,0.1976
696513,Andy Garriola,KNX,321,0.3988,0.2243,0.2586,0.1153,0.3956,0.3769,0.2274,0.162
681323,Alex Binelas,REA,263,0.4259,0.2053,0.3042,0.0646,0.4487,0.3574,0.1939,0.1369
809944,Elijah Hainline,TUL,265,0.4792,0.2264,0.2151,0.0792,0.3887,0.4264,0.1811,0.1434
701481,Ryan Campos,SPR,287,0.4948,0.2334,0.2439,0.0279,0.3449,0.4495,0.2056,0.0871
698945,Anderson De Los Santos,CHE,282,0.4043,0.1986,0.266,0.1312,0.3369,0.4255,0.2376,0.1135
700931,Seth Stephenson,ERI,335,0.5134,0.2239,0.1761,0.0866,0.3493,0.4,0.2507,0.0716
702140,Ruben Ibarra,CHA,286,0.4406,0.2133,0.2343,0.1119,0.4231,0.4231,0.1538,0.1503
689302,Karson Simas,KNX,286,0.5035,0.2483,0.1923,0.0559,0.2692,0.4091,0.3217,0.0734
814455,Nick Mitchell,AKR/HBG,319,0.5423,0.2132,0.1912,0.0533,0.4295,0.3668,0.2038,0.1003
686499,Clark Elliott,MID,237,0.4177,0.2363,0.2743,0.0717,0.4557,0.3713,0.173,0.173
681355,Andrew Cossetti,WCH,241,0.3485,0.1784,0.3444,0.1286,0.3651,0.4149,0.2199,0.166
814431,Jackson Castillo,SOM,308,0.4123,0.2565,0.2532,0.0779,0.3896,0.3831,0.2273,0.1591
694757,Maui Ahuna,RIC,267,0.5094,0.2434,0.2285,0.0187,0.3446,0.3783,0.2772,0.0861
695612,Alex Mooney,AKR,306,0.4346,0.2222,0.2778,0.0654,0.4183,0.3725,0.2092,0.1699
696142,Will Taylor,ALT,283,0.4912,0.1767,0.2403,0.0919,0.3781,0.3922,0.2297,0.1025
811289,Spencer Nivens,NWA,320,0.3875,0.2938,0.2625,0.0563,0.4031,0.4281,0.1688,0.1094
700731,Keiner Delgado,ALT,301,0.5282,0.1927,0.2259,0.0498,0.4585,0.3488,0.1894,0.1561
695524,Jacob Cozart,AKR/RCT,276,0.3804,0.2391,0.3116,0.0688,0.4058,0.4457,0.1486,0.1775
800449,Thomas Sosa,CHE,282,0.3936,0.2518,0.2411,0.1135,0.383,0.3936,0.2234,0.1454
687543,Andrew Jenkins,ERI,308,0.4188,0.2792,0.2532,0.0487,0.2955,0.3571,0.3474,0.1006
699114,Leo Balcazar,CHA,303,0.4323,0.2541,0.2409,0.0726,0.2574,0.4752,0.264,0.0858
686984,Marcus Lee Sang,FRI,287,0.5366,0.2648,0.1707,0.0279,0.3101,0.4007,0.2892,0.1185
813666,Ariel Armas,KNX,295,0.5661,0.2034,0.1559,0.0746,0.3356,0.3831,0.2814,0.1017
699126,Gregory Barrios,MTG,359,0.5014,0.2145,0.1978,0.0864,0.2201,0.4345,0.3454,0.0501
802506,Dylan O'Rae,BLX,281,0.5836,0.2171,0.1851,0.0142,0.2811,0.395,0.3238,0.0498
677954,Jordan Groshans,COL,313,0.3099,0.2652,0.3259,0.099,0.3994,0.3834,0.2173,0.2013
683546,Albert Fabian,SA,311,0.4148,0.2058,0.3119,0.0675,0.4405,0.3601,0.1994,0.1833
701771,Billy Amick,BNG/WCH,238,0.2983,0.2017,0.3697,0.1303,0.395,0.3571,0.2479,0.2311
695501,Blake Burke,BLX,278,0.3885,0.2626,0.295,0.054,0.3993,0.3849,0.2158,0.1475
815888,Leo De Vries,MID,282,0.4326,0.2411,0.2518,0.0745,0.4326,0.4113,0.156,0.156
695930,Frederick Bencosme,CHE,302,0.4272,0.2053,0.2483,0.1192,0.457,0.3278,0.2152,0.1589
696264,Tyler Whitaker,CC,244,0.4795,0.2336,0.2254,0.0615,0.3566,0.4467,0.1967,0.1066
682775,Kervin Pichardo,HBG,265,0.5245,0.1774,0.2377,0.0604,0.3245,0.4453,0.2302,0.0868
694444,Tavian Josenberger,CHE,254,0.3307,0.2244,0.2913,0.1535,0.5157,0.3228,0.1614,0.2323
827294,Edgar Alvarez,KNX,235,0.4085,0.2043,0.3234,0.0638,0.3617,0.366,0.2723,0.1106
800060,Xavier Isaac,MTG,222,0.4279,0.1937,0.3198,0.0586,0.4234,0.4234,0.1532,0.1216
702693,Jaison Chourio,AKR,278,0.4784,0.2626,0.2374,0.0216,0.3094,0.4281,0.2626,0.0719
813844,Will Bush,CC,202,0.5396,0.2475,0.1832,0.0297,0.3663,0.4455,0.1881,0.104
695763,Sam Petersen,HBG,221,0.3846,0.2217,0.3348,0.0543,0.3394,0.4027,0.2579,0.1357
815697,Arturo Disla,FRI,265,0.4717,0.2566,0.1962,0.0755,0.3019,0.4,0.2981,0.1321
683006,Chris Newell,TUL,215,0.4047,0.2233,0.3023,0.0698,0.4698,0.3395,0.1907,0.1953
804558,Raudi Rodriguez,RCT,258,0.4884,0.2558,0.1899,0.0659,0.2519,0.4031,0.345,0.0736
695069,Keith Jones II,FRI,243,0.4609,0.2634,0.2346,0.0412,0.3416,0.3868,0.2716,0.1029
814444,Will Turner,POR,219,0.3242,0.2192,0.3242,0.1324,0.4384,0.3973,0.1644,0.21
703804,Romeo Sanabria,SA,261,0.4483,0.2797,0.2261,0.046,0.318,0.433,0.249,0.1073
686810,Brennan Milone,MID,218,0.2569,0.2661,0.3532,0.1239,0.3991,0.367,0.2339,0.2018
823787,Rainiel Rodriguez,SPR,274,0.354,0.2664,0.2883,0.0912,0.3577,0.4343,0.208,0.1533
703477,Brooks Brannon,POR,240,0.375,0.2792,0.2667,0.075,0.3417,0.3875,0.2708,0.1125
822501,Jon Jon Gazdar,SPR,289,0.4913,0.2388,0.1903,0.0796,0.3529,0.391,0.2561,0.1488
677338,GJ Hill,HFD,240,0.4167,0.1917,0.2792,0.1125,0.4792,0.3,0.2208,0.2125
699043,Yamal Encarnacion,CC,284,0.5563,0.2359,0.1585,0.0458,0.3662,0.3768,0.257,0.0986
701333,Colby Shelton,BIR,255,0.4157,0.2275,0.298,0.0588,0.4863,0.3216,0.1922,0.2039
703766,Dakota Harris,SPR,265,0.4151,0.2377,0.2415,0.1057,0.3358,0.4453,0.2189,0.1396
677605,Luis Verdugo,SA,248,0.4073,0.2177,0.3105,0.0645,0.3427,0.4516,0.2056,0.1331
834962,Anthony DePino,BIR,238,0.3445,0.2479,0.3277,0.0798,0.3613,0.4202,0.2185,0.1807
687783,Matthew Wood,BLX,258,0.3333,0.2597,0.3566,0.0504,0.4225,0.4147,0.1628,0.2209
682947,Jose Ramos,BNG,208,0.5192,0.2115,0.25,0.0192,0.3846,0.4279,0.1875,0.1154
815067,Aidan Longwell,HFD,269,0.3866,0.2268,0.3123,0.0743,0.3829,0.3755,0.2379,0.1561
691792,Roc Riggio,HFD,219,0.484,0.1644,0.2877,0.0639,0.5251,0.3105,0.1644,0.1598
696145,Lonnie White Jr.,ALT,204,0.4118,0.2157,0.2745,0.098,0.4902,0.3725,0.1373,0.2108
807511,Nelly Taylor,POR,208,0.3702,0.2019,0.2692,0.1587,0.5048,0.3365,0.1587,0.1923
694425,Justice Bigbie,ERI,274,0.5219,0.2591,0.1788,0.0401,0.2263,0.4599,0.3139,0.073
694966,Brayden Taylor,MTG,238,0.3613,0.1891,0.3487,0.1008,0.4832,0.3403,0.1765,0.2059
686960,Nate Baez,POR,254,0.4055,0.2126,0.2835,0.0984,0.3425,0.3976,0.2598,0.1181
691789,Izaac Pacheco,ERI,194,0.3866,0.1804,0.3814,0.0515,0.4639,0.3351,0.201,0.1856
691285,Junior Franco,AMA,253,0.4704,0.2055,0.1858,0.1383,0.4466,0.3597,0.1937,0.1383
695481,Jay Allen II,CHA,247,0.4737,0.1903,0.2591,0.0769,0.3401,0.3644,0.2915,0.1093
814458,Fenwick Trimble,PNS,251,0.3865,0.255,0.2789,0.0797,0.3825,0.3944,0.2231,0.1713
702690,Cutter Coffey,NH,208,0.4712,0.2548,0.2212,0.0529,0.3125,0.4279,0.2596,0.1106
802959,Max Holy,CC,198,0.3586,0.2525,0.2828,0.1061,0.3939,0.3636,0.2424,0.1667
694848,Sam Brown,HBG,234,0.4487,0.235,0.2906,0.0256,0.3675,0.3547,0.2778,0.1453
827665,Dillon Lewis,PNS,228,0.4474,0.193,0.2719,0.0877,0.3728,0.4123,0.2149,0.1579
701783,Cole Messina,HFD,218,0.4633,0.2202,0.2569,0.0596,0.2523,0.4862,0.2615,0.1284
813386,Justin Johnson,NWA,233,0.3777,0.2017,0.309,0.1116,0.3348,0.3777,0.2876,0.1631
687751,Cortland Lawson,HBG,206,0.3592,0.2913,0.2961,0.0534,0.4175,0.3981,0.1845,0.1893
699073,Thayron Liranzo,ERI,199,0.3869,0.2111,0.3417,0.0603,0.4623,0.3869,0.1508,0.1709
699157,Ahbram Liendo,POR,201,0.4378,0.2338,0.204,0.1194,0.3184,0.4478,0.2338,0.0945
800957,Brendan Jones,PNS,221,0.2851,0.2036,0.3846,0.1267,0.4208,0.4118,0.1674,0.2217
669002,Connor Scott,NWA,226,0.385,0.2124,0.292,0.1106,0.4469,0.3584,0.1947,0.1637
694194,Miguel Bleis,POR,244,0.4467,0.2049,0.2131,0.1352,0.4877,0.3893,0.123,0.1926
694838,Joe Vetrano,TUL,195,0.4872,0.1795,0.2974,0.0308,0.3744,0.4154,0.2051,0.1077
692478,Victor Arias,NH,245,0.5061,0.1714,0.2449,0.0776,0.3224,0.4612,0.2163,0.0816
801590,Aaron Parker,NH,193,0.456,0.2073,0.2539,0.0829,0.4508,0.3834,0.1658,0.1969
692657,Omar Alfonzo,ALT/SOM,190,0.5,0.2421,0.2053,0.0526,0.4105,0.4105,0.1789,0.1105
700681,Nick Lorusso,BNG,227,0.3304,0.2159,0.3656,0.0881,0.4141,0.3789,0.207,0.2026
803175,Ethan Anderson,CHE,235,0.4298,0.217,0.2723,0.0766,0.4213,0.3702,0.2043,0.1362
702544,Jacob Reimer,BNG,214,0.3832,0.2523,0.3178,0.0467,0.3551,0.4346,0.2103,0.1682
801887,Kole Myers,TUL,203,0.4729,0.2266,0.2512,0.0493,0.3498,0.399,0.2512,0.0887
703190,Johanfran Garcia,POR,218,0.3716,0.2339,0.3119,0.0826,0.3945,0.4037,0.2018,0.1789
701616,Caleb Lomavita,HBG,236,0.4576,0.2246,0.2712,0.0466,0.3051,0.4873,0.2076,0.1144
825927,Rafe Perich,FRI,233,0.3734,0.279,0.2575,0.0901,0.3777,0.3391,0.2833,0.1588
814791,Jared Sundstrom,ARK,209,0.3923,0.2105,0.2775,0.1196,0.4593,0.3301,0.2057,0.1722
813896,Joseph Sullivan,CC,189,0.4392,0.2434,0.2804,0.037,0.4815,0.3757,0.1429,0.1905
804241,Zach Levenson,SPR,205,0.3561,0.2585,0.2829,0.1024,0.3561,0.4439,0.2,0.1659
687144,Corey Joyce,FRI,223,0.3812,0.2422,0.3049,0.0673,0.3767,0.3857,0.2377,0.1614
801276,Juan Matheus,PNS,252,0.4127,0.254,0.2302,0.1032,0.4127,0.4087,0.1786,0.1587
703155,Lazaro Montes,ARK,176,0.3409,0.2557,0.3239,0.0795,0.4545,0.3523,0.1932,0.2159
694175,Pedro León,REA,207,0.3816,0.285,0.2222,0.1111,0.4348,0.4106,0.1546,0.1884
828395,Jason Schiavone,CC,172,0.4884,0.1977,0.2558,0.0581,0.4128,0.3488,0.2384,0.1279
804119,Bobby Boser,MID,168,0.369,0.3036,0.2857,0.0417,0.2857,0.4762,0.2381,0.131
813851,Colton Becker,NWA,214,0.3785,0.2196,0.2757,0.1262,0.3318,0.4159,0.2523,0.1308
701546,Duce Gourson,ALT,189,0.418,0.2011,0.2963,0.0847,0.4603,0.3439,0.1958,0.1587
686793,J.T. Arruda,ARK/MTG,198,0.4545,0.2374,0.2576,0.0505,0.3182,0.4444,0.2374,0.1162
691292,Angel Ortiz,AMA,218,0.3991,0.2431,0.2936,0.0642,0.4771,0.344,0.1789,0.2018
694196,Diego Velasquez,RIC,236,0.5127,0.2542,0.1907,0.0424,0.3983,0.3475,0.2542,0.1229
815151,Mac McCroskey,RCT,184,0.4891,0.212,0.25,0.0489,0.2935,0.4402,0.2663,0.0652
808265,Franklin Arias,POR,241,0.4025,0.2116,0.3154,0.0705,0.332,0.4855,0.1826,0.1369
692568,Miguel Ugueto,SPR,244,0.4795,0.2377,0.209,0.0738,0.3115,0.4672,0.2213,0.0902
701527,Mike Sirota,TUL,185,0.3622,0.3243,0.2541,0.0595,0.2703,0.5027,0.227,0.1189
686404,Wuilfredo Antunez,AKR/REA,198,0.399,0.1919,0.3535,0.0556,0.4293,0.3636,0.2071,0.1566
805956,Kai Roberts,SA,180,0.6278,0.25,0.1056,0.0167,0.3333,0.4111,0.2556,0.0333
672696,Francisco Acuna,SA,194,0.4175,0.2629,0.2165,0.1031,0.3505,0.4072,0.2371,0.1443
805127,Devin Taylor,MID,189,0.3862,0.3704,0.2116,0.0317,0.4021,0.4021,0.1958,0.1799
694484,Max Wagner,FRI,174,0.3621,0.2414,0.2874,0.1092,0.4598,0.3448,0.1954,0.2126
691410,Jose Devers,AKR,197,0.6294,0.2335,0.0914,0.0457,0.2944,0.4061,0.2944,0.0305
696281,Wyatt Young,BNG,212,0.4104,0.2736,0.2736,0.0425,0.3396,0.4151,0.2453,0.0991
687192,Cade Hunter,CHA,178,0.4551,0.2921,0.2247,0.0281,0.4551,0.3596,0.1854,0.1573
681098,Bill Knight,ARK,212,0.4387,0.2217,0.1981,0.1415,0.2453,0.4387,0.316,0.0708
691024,Cayden Wallace,HBG,242,0.405,0.2231,0.2975,0.0744,0.3388,0.4256,0.2355,0.1488
701401,Canyon Brown,NWA,206,0.4709,0.2379,0.1942,0.0971,0.4126,0.4078,0.1796,0.1359
692633,Manuel Palencia,SOM,244,0.5164,0.2705,0.1844,0.0287,0.332,0.377,0.291,0.0984
804240,Jacob Burke,BIR,222,0.3829,0.2838,0.2523,0.0811,0.3964,0.3874,0.2117,0.1757
687918,Braylen Wimmer,HFD,176,0.5227,0.1932,0.2557,0.0284,0.2898,0.4943,0.2159,0.0739
680960,Caleb Bartolero,RCT,242,0.5,0.2521,0.2025,0.0455,0.2686,0.4711,0.2603,0.095
815352,Caleb Bonemer,BIR,186,0.2957,0.1935,0.3978,0.1129,0.4516,0.4194,0.129,0.2419
815589,Bo Davidson,RIC,212,0.4434,0.2264,0.2972,0.033,0.3396,0.3585,0.3019,0.1509
821296,Connor McGinnis,SOM,204,0.4412,0.2402,0.2647,0.0539,0.3725,0.4559,0.1716,0.0882
702652,Andrew Fischer,BLX,152,0.2039,0.1974,0.4803,0.1184,0.5461,0.2632,0.1908,0.3421
695634,Jaime Ferrer,WCH,203,0.4532,0.2463,0.197,0.0985,0.3153,0.4187,0.2611,0.1084
691922,Javier Rivas,ALT,213,0.4742,0.23,0.2207,0.0751,0.4648,0.3756,0.1596,0.1596
691385,Ronald Rosario,POR,221,0.4751,0.2398,0.2443,0.0407,0.3529,0.4208,0.2262,0.1176
695521,Gavin Conticello,AMA,207,0.4734,0.2271,0.2319,0.0676,0.3768,0.3961,0.2271,0.0918
813833,Cole Conn,MID,200,0.43,0.255,0.24,0.075,0.425,0.395,0.18,0.175
800959,Nick Goodwin,NH,203,0.399,0.2463,0.3005,0.0542,0.3202,0.4236,0.2562,0.1626
683494,Euribiel Angeles,MID,241,0.4938,0.2365,0.1743,0.0954,0.4149,0.3983,0.1867,0.1369
813883,Ryan Ignoffo,PNS,230,0.5087,0.2652,0.1435,0.0826,0.3174,0.4478,0.2348,0.1217
691020,Carson Tucker,SA,197,0.4315,0.2792,0.2132,0.0761,0.2234,0.467,0.3096,0.0457
806401,Dayson Croes,RIC,244,0.5123,0.2336,0.2172,0.0369,0.2336,0.4385,0.3279,0.0615
694812,Tyler McDonough,POR,167,0.4371,0.1976,0.3054,0.0599,0.4311,0.3533,0.2156,0.1617
800421,Marvin Alcantara,POR,228,0.4649,0.2193,0.2325,0.0833,0.3158,0.4737,0.2105,0.1053
807276,Dante Nori,REA,226,0.469,0.2876,0.1947,0.0487,0.2832,0.4248,0.292,0.0664
681400,Danny Serretti,AMA,174,0.3736,0.2126,0.3621,0.0517,0.3621,0.4368,0.2011,0.1379
691797,Ryan Spikes,MTG,181,0.4917,0.221,0.1989,0.0884,0.2652,0.442,0.2928,0.0608
699130,Jadher Areinamo,MTG,226,0.3982,0.208,0.3142,0.0796,0.3363,0.4425,0.2168,0.1283
694310,Bryson Ware,REA,179,0.4302,0.2346,0.2458,0.0894,0.3799,0.3799,0.2402,0.1564
687201,Kevin Kilpatrick Jr.,COL,187,0.5722,0.2193,0.1765,0.0321,0.2246,0.4171,0.3583,0.0428
806956,Ethan Salas,SA,217,0.4654,0.2488,0.1935,0.0922,0.3917,0.3825,0.2258,0.1475
681377,Josh Hood,ARK,165,0.3636,0.2364,0.3091,0.0909,0.4667,0.3697,0.1576,0.2667
802117,Patrick Clohisy,COL,201,0.3881,0.2687,0.3134,0.0299,0.3731,0.3582,0.2687,0.1542
692238,Parks Harber,RIC,188,0.3617,0.2606,0.3351,0.0426,0.3723,0.4521,0.1755,0.1702
802469,Travis Honeyman,SPR,208,0.5337,0.1731,0.2019,0.0913,0.274,0.4423,0.2837,0.0865
703197,Michael Arroyo,ARK,215,0.3628,0.2605,0.3209,0.0558,0.2977,0.386,0.3163,0.1349
694552,Jack Payton,RIC,203,0.4532,0.2808,0.1921,0.0739,0.3547,0.4138,0.2315,0.1429
680273,Chris Meyers,ERI,182,0.4505,0.2253,0.2308,0.0934,0.4231,0.3791,0.1978,0.0989
694808,Zach Kokoska,HFD,177,0.4011,0.1751,0.322,0.1017,0.452,0.3898,0.1582,0.1638
681286,JT Schwartz,BNG,184,0.3098,0.2717,0.3804,0.038,0.3424,0.4348,0.2228,0.1739
666386,Archer Brookman,COL,195,0.4667,0.2462,0.2154,0.0718,0.3487,0.4,0.2513,0.1128
693819,Kyle Nevin,TUL,206,0.4951,0.2476,0.2282,0.0291,0.3058,0.432,0.2621,0.0922
684222,Jorge Burgos,NH,206,0.4175,0.267,0.2282,0.0874,0.3592,0.4369,0.2039,0.1068
801957,Dub Gleed,NH,207,0.4203,0.2367,0.2802,0.0628,0.3333,0.4589,0.2077,0.1353
694222,Ambioris Tavarez,COL,149,0.604,0.2483,0.1477,0,0.2819,0.443,0.2752,0.0201
682003,Garrett Martin,SOM,194,0.3763,0.1649,0.3196,0.1392,0.4485,0.3866,0.1649,0.1959
696501,Mark Coley II,BLX,156,0.391,0.2372,0.2628,0.109,0.391,0.4231,0.1859,0.1667
684976,Johnathon Thomas,HBG,183,0.5027,0.1858,0.1694,0.1421,0.3989,0.3989,0.2022,0.1311
694304,Cole Fontenelle,RCT,167,0.3473,0.3054,0.2695,0.0778,0.3413,0.3533,0.3054,0.1198
810891,Jay Beshears,PNS,178,0.3539,0.2584,0.2753,0.1124,0.3596,0.4213,0.2191,0.1798
695744,Ian Moller,FRI,154,0.3636,0.2403,0.2662,0.1299,0.3117,0.474,0.2143,0.1364
680998,Branden Boissiere,HBG,176,0.3693,0.2614,0.2955,0.0739,0.3864,0.4432,0.1705,0.1477
701339,Marek Houston,WCH,194,0.4124,0.2577,0.2835,0.0464,0.3402,0.4175,0.2423,0.1186
702501,Eli Serrano III,BNG,173,0.3931,0.2081,0.3006,0.0983,0.3931,0.3815,0.2254,0.1503
806210,Alfonsin Rosario,AKR,163,0.3558,0.2699,0.2638,0.1104,0.5031,0.3006,0.1963,0.2577
815304,Josh Adamczewski,BLX,187,0.3743,0.2727,0.2995,0.0535,0.492,0.3316,0.1765,0.2353
683427,Omar Hernandez,NWA,193,0.4663,0.2435,0.2383,0.0466,0.3264,0.4663,0.2021,0.114
702556,Austin Overn,MTG,158,0.4684,0.1646,0.3038,0.0633,0.4367,0.3797,0.1835,0.1582
688394,Jordan Sprinkle,BIR,190,0.4632,0.1947,0.2263,0.1158,0.2895,0.4368,0.2684,0.0684
680996,Luke Mann,MID,163,0.4233,0.2331,0.2761,0.0613,0.4417,0.3988,0.1534,0.1472
805782,Ryan Lasko,MID,178,0.5281,0.2191,0.1966,0.0562,0.3539,0.427,0.2191,0.0843
694211,Manuel Pena,AMA,193,0.3834,0.2073,0.3731,0.0363,0.4249,0.3212,0.2539,0.1917
701860,Carter Cunningham,NH,145,0.2759,0.2552,0.4138,0.0552,0.469,0.3517,0.1793,0.2414
689196,Owen Ayers,KNX,163,0.3681,0.2761,0.2945,0.0613,0.4601,0.3804,0.1595,0.1963
827719,Jake Munroe,RCT,186,0.3817,0.2742,0.3065,0.0376,0.4194,0.3602,0.2204,0.2043
700652,Kenny Piper,MTG,165,0.2727,0.2485,0.3455,0.1333,0.4667,0.3515,0.1818,0.2667
803849,Devin Fitz-Gerald,HBG,180,0.4056,0.2556,0.2611,0.0778,0.3111,0.4611,0.2278,0.1278
701337,Ethan Petry,HBG,157,0.3885,0.2357,0.2611,0.1146,0.3949,0.3949,0.2102,0.1592
684491,Frank Rodriguez,TUL,188,0.3936,0.2447,0.2553,0.1064,0.3032,0.4734,0.2234,0.1277
678636,Orlando Martinez,FRI,194,0.3918,0.2526,0.2938,0.0619,0.3196,0.3969,0.2835,0.1237
691588,Ian Lewis Jr.,PNS,201,0.4876,0.1443,0.2736,0.0945,0.398,0.408,0.194,0.1095
694387,Christian Knapczyk,AKR,158,0.4241,0.2468,0.2405,0.0886,0.3987,0.3544,0.2468,0.1203
683610,Leandro Pineda,HBG,190,0.4684,0.2158,0.2632,0.0526,0.3789,0.4053,0.2158,0.1
815394,Theo Gillen,MTG,176,0.5057,0.267,0.2102,0.017,0.3693,0.4148,0.2159,0.0682
700164,Bryant Betancourt,HFD,201,0.3433,0.1891,0.3632,0.1045,0.4925,0.3184,0.1891,0.2537
686540,Owen Cobb,SOM,195,0.5026,0.1744,0.2256,0.0923,0.2821,0.441,0.2769,0.1128
823702,Alex Madera,KNX,167,0.5449,0.2934,0.1257,0.0359,0.2515,0.3413,0.4072,0.024
691913,Jesus Castillo,ALT,182,0.4176,0.2418,0.2912,0.0495,0.2637,0.4396,0.2967,0.0879
814430,Brett Callahan,ERI,171,0.4269,0.2164,0.2865,0.0702,0.4503,0.3626,0.1871,0.1813
811765,Deniel Ortiz,SPR,172,0.3953,0.2616,0.3081,0.0349,0.3663,0.5116,0.1221,0.2093
805796,Arjun Nimmala,NH/RCT,166,0.3855,0.3072,0.259,0.0482,0.3855,0.4036,0.2108,0.1747
828824,Josiah Ragsdale,BLX/SPR,144,0.3611,0.2292,0.3819,0.0278,0.4167,0.3819,0.2014,0.1458
683341,David Calabrese,RCT,185,0.4216,0.2,0.2973,0.0811,0.3622,0.4757,0.1622,0.1243
699115,Carlos Jorge,CHA,179,0.5363,0.2291,0.1955,0.0391,0.4246,0.3575,0.2179,0.1453
671748,Casey Yamauchi,MID,215,0.5535,0.2186,0.1721,0.0558,0.3209,0.4558,0.2233,0.1116
805117,Jean Carlos Sió,RIC,168,0.3512,0.244,0.2857,0.119,0.4048,0.3452,0.25,0.1845
807728,Carter Graham,CHA,158,0.4114,0.2152,0.2975,0.0759,0.3734,0.4177,0.2089,0.1582
807726,John Peck,ERI,177,0.5254,0.2203,0.226,0.0282,0.2881,0.3955,0.3164,0.0565
700243,Payton Green,PNS,139,0.3237,0.2662,0.295,0.1151,0.4245,0.3885,0.1871,0.223
694742,Josh Moylan,SOM,160,0.375,0.2437,0.2938,0.0875,0.5,0.35,0.15,0.2
806077,Kendall George,TUL,175,0.6114,0.2743,0.1029,0.0114,0.2229,0.3943,0.3829,0.0171
800305,Jesús  Báez,SPR,199,0.3467,0.2312,0.3417,0.0804,0.4623,0.3769,0.1608,0.2513
806273,Adam Retzbach,CHE,131,0.5038,0.1832,0.2595,0.0534,0.313,0.5038,0.1832,0.0992
668843,Conner Capel,HFD,180,0.3278,0.2667,0.3056,0.1,0.35,0.4611,0.1889,0.1444
800176,Carlos Sanchez,CHA,145,0.6,0.1448,0.2207,0.0345,0.4207,0.3793,0.2,0.069
815734,Dylan Jasso,PNS,162,0.3457,0.3148,0.3148,0.0247,0.3704,0.4198,0.2099,0.1914
815074,Derek Berg,ALT,153,0.4248,0.2614,0.2614,0.0523,0.3268,0.3856,0.2876,0.1307
691006,Kevin Parada,BNG,158,0.4304,0.2278,0.2848,0.057,0.2658,0.4747,0.2595,0.0886
695692,Cooper Kinney,MTG,165,0.3939,0.2727,0.2667,0.0667,0.4061,0.3333,0.2606,0.1394
800683,Blake Rambusch,ARK,175,0.5429,0.2171,0.2,0.04,0.1771,0.48,0.3429,0.0514
694896,Caden Rose,POR,141,0.4397,0.2199,0.1986,0.1418,0.4184,0.2979,0.2837,0.1418
805891,Taylor Young,TUL,174,0.546,0.2069,0.2126,0.0345,0.2529,0.454,0.2931,0.0575
693850,Kala'i Rosario,WCH,126,0.3889,0.254,0.2778,0.0794,0.4048,0.4683,0.127,0.2381
813852,Trey Paige,SPR,151,0.4503,0.2583,0.2583,0.0331,0.3377,0.4636,0.1987,0.106
800419,Jeral Perez,BIR,148,0.4527,0.25,0.25,0.0473,0.3378,0.4122,0.25,0.1216
695722,Boston Smith,ARK/BIR,119,0.3613,0.2101,0.3529,0.0756,0.4958,0.4118,0.0924,0.1933
806263,Brandon Winokur,WCH,159,0.4025,0.239,0.2642,0.0943,0.3522,0.4151,0.2327,0.1635
701618,Damon Keith,BLX,150,0.4333,0.2333,0.2867,0.0467,0.32,0.44,0.24,0.1133
800607,Kehden Hettiger,REA,121,0.2893,0.3223,0.281,0.1074,0.3554,0.4298,0.2149,0.157
801075,Walker Janek,CC,143,0.4406,0.2098,0.2797,0.0699,0.3287,0.4545,0.2168,0.0979
693832,Tre Richardson III,SPR,151,0.4106,0.2914,0.2318,0.0662,0.3113,0.5033,0.1854,0.1391
814408,Jackson Hornung,NH,150,0.58,0.2267,0.1733,0.02,0.2733,0.48,0.2467,0.08
700845,Adam Zebrowski,COL,138,0.3913,0.2246,0.3261,0.058,0.3551,0.4348,0.2101,0.1232
801442,Jack Pineda,NWA,181,0.5525,0.232,0.1878,0.0276,0.2541,0.4586,0.2873,0.0552
804614,Marco Vargas,BNG,142,0.4648,0.2324,0.2606,0.0423,0.3873,0.4155,0.1972,0.1197
694563,Harold Coll,RCT,148,0.4189,0.2027,0.2905,0.0878,0.2973,0.473,0.2297,0.1216
686445,Sammy Siani,ARK,166,0.4819,0.2169,0.2289,0.0723,0.4759,0.3855,0.1386,0.1205
701831,Carson DeMartini,REA,134,0.3955,0.2537,0.306,0.0448,0.4403,0.3806,0.1791,0.1642
595751,Jorge Alfaro,NWA,114,0.4474,0.2368,0.2719,0.0439,0.3333,0.4386,0.2281,0.0965
695604,T.J. White,HBG,145,0.3724,0.2414,0.3241,0.0552,0.3793,0.3931,0.2207,0.1448
678099,Gavin Logan,AMA,137,0.3504,0.2117,0.365,0.073,0.3796,0.3504,0.2701,0.1241
681132,Max Ferguson,POR,137,0.3066,0.2482,0.2847,0.1606,0.4526,0.3504,0.1971,0.1971
691710,Vincent Perozo,BNG,129,0.4341,0.2248,0.3023,0.0388,0.4729,0.3101,0.2171,0.1783
822578,Brandon Butterworth,CHE,143,0.3427,0.2378,0.3217,0.0979,0.4406,0.3566,0.2028,0.1888
690988,Austin Hendrick,CHA,144,0.3333,0.2569,0.3125,0.0972,0.4444,0.4028,0.1528,0.2431
813715,Khadim Diaw,WCH,164,0.4085,0.25,0.2683,0.0732,0.2988,0.4573,0.2439,0.0915
677356,Carter Young,CHE,111,0.4595,0.2342,0.2432,0.0631,0.4324,0.4414,0.1261,0.1171
668776,Devin Ortiz,HBG/KNX,144,0.5069,0.1597,0.25,0.0833,0.3681,0.3819,0.25,0.1181
800569,Alberto Barriga,AMA,162,0.4012,0.2654,0.2222,0.1111,0.3642,0.4753,0.1605,0.1543
674976,Griffin Lockwood-Powell,TUL,141,0.3759,0.2908,0.2908,0.0426,0.2908,0.4397,0.2695,0.1206
686912,Maxwell Romero Jr.,HBG,115,0.3565,0.2609,0.3217,0.0609,0.5217,0.3304,0.1478,0.2522
701906,Trevor Cohen,RIC,192,0.5885,0.1771,0.1979,0.0365,0.3125,0.3906,0.2969,0.0469
804109,Aiva Arquette,PNS,166,0.4578,0.259,0.2289,0.0542,0.253,0.5241,0.2229,0.1145
686541,Drew Compton,COL,164,0.4634,0.1951,0.2805,0.061,0.4634,0.3476,0.189,0.1341
701750,Bennett Thompson,AKR,151,0.3642,0.3046,0.245,0.0861,0.351,0.4636,0.1854,0.1523
687152,Darrien Miller,BLX,119,0.2605,0.2353,0.3529,0.1513,0.4874,0.3697,0.1429,0.3025
680518,Zavier Warren,CHA,130,0.2923,0.2846,0.3385,0.0846,0.3923,0.4,0.2077,0.2077
681080,Caleb Ricketts,REA,153,0.5033,0.1765,0.2614,0.0588,0.4771,0.3791,0.1438,0.2026
678173,David McCabe,COL,135,0.4593,0.2519,0.2889,0,0.4444,0.3778,0.1704,0.1333
800231,Won-Bin Cho,SPR,140,0.4929,0.2357,0.2071,0.0643,0.4571,0.3857,0.1571,0.1643
814442,Ivan Brethowr,ALT,113,0.4513,0.1858,0.2832,0.0796,0.292,0.4602,0.2478,0.0885
696286,Davis Diaz,MID,153,0.4641,0.2614,0.1895,0.085,0.2484,0.4967,0.2549,0.085
686958,Jose Torres,HFD,124,0.4919,0.1532,0.2581,0.0968,0.4355,0.3145,0.25,0.1613
689456,Austin Murr,REA,163,0.3926,0.2331,0.2699,0.1043,0.4356,0.319,0.2454,0.184
687262,Jorge Corona,BIR,126,0.3492,0.246,0.3571,0.0476,0.3651,0.3968,0.2381,0.1508
691942,Jack O'Dowd,HFD,129,0.3488,0.2713,0.3178,0.062,0.4651,0.3566,0.1783,0.2481
806071,Jonny Farmelo,ARK,117,0.4103,0.2222,0.3162,0.0513,0.4615,0.3248,0.2137,0.1709
703680,Brandon Compton,PNS,119,0.3866,0.1933,0.3697,0.0504,0.4454,0.3782,0.1765,0.1765
689822,Matt Rudick,BNG,133,0.2932,0.2406,0.3308,0.1353,0.4436,0.3985,0.1579,0.2331
823153,Matt King,ALT,154,0.5974,0.1883,0.1104,0.0974,0.3247,0.3831,0.2857,0.0714
687521,Eric Brown Jr.,BLX,126,0.4841,0.1746,0.2222,0.119,0.381,0.3651,0.254,0.1349
695596,Nick Raposo,ARK,128,0.3906,0.1953,0.2656,0.1484,0.3516,0.4531,0.1953,0.1797
806464,Connor Charping,ARK,138,0.4275,0.2971,0.2246,0.0507,0.3551,0.3696,0.2754,0.1304
702708,Emaarion Boyd,PNS,138,0.5797,0.1522,0.1884,0.0797,0.3696,0.442,0.1884,0.0725
691398,Yerlin Confidan,CHA,141,0.5603,0.2128,0.1844,0.0426,0.3404,0.4397,0.2199,0.0567
800643,Ty Hanchey,RIC,123,0.561,0.122,0.2764,0.0407,0.4065,0.3415,0.252,0.0813
657675,Rudy Martin Jr.,NWA,122,0.5902,0.1885,0.1639,0.0574,0.3525,0.4016,0.2459,0.0902
815873,Sean Keys,NH,121,0.3636,0.2231,0.2727,0.1405,0.5289,0.2727,0.1983,0.2727
692150,Émilien Pitre,BNG/MTG,153,0.549,0.2026,0.2353,0.0131,0.3268,0.4248,0.2484,0.0784
682692,Miguel Palma,SOM,138,0.4348,0.2029,0.2681,0.0942,0.3913,0.4348,0.1739,0.1594
683169,Sean McLain,TUL,120,0.3333,0.275,0.2667,0.125,0.375,0.3833,0.2417,0.2333
696160,Jake Rucker,WCH,134,0.3582,0.2612,0.3433,0.0373,0.4403,0.4552,0.097,0.2388
702270,Malcolm Moore,FRI,130,0.3077,0.2231,0.3923,0.0769,0.3077,0.4308,0.2615,0.1692
687553,Kamren James,MTG,129,0.4574,0.2791,0.1938,0.0698,0.3566,0.3798,0.2636,0.1628
683149,Julian Brock,FRI,111,0.4414,0.2342,0.2613,0.0631,0.2973,0.4324,0.2703,0.1261
828599,Lucas Spence,CC,132,0.447,0.2273,0.2652,0.0606,0.3939,0.4773,0.1288,0.0985
808129,Juan Flores,RCT,130,0.4077,0.2692,0.2308,0.0923,0.2846,0.5308,0.1846,0.1231
814522,Caden Kendle,WCH,134,0.3209,0.2985,0.2761,0.1045,0.403,0.3507,0.2463,0.291
830239,Aaron Walton,AKR,116,0.3793,0.2586,0.2586,0.1034,0.4828,0.3276,0.1897,0.1983
800387,Fernando Peguero,CHE,124,0.5645,0.1613,0.2097,0.0645,0.3226,0.3871,0.2903,0.0726
702331,Noah Mendlinger,SPR,145,0.4483,0.2828,0.2345,0.0345,0.3379,0.4552,0.2069,0.1172
806053,Dean Curley,AKR,106,0.3491,0.3113,0.2642,0.0755,0.2925,0.4057,0.3019,0.1226
690957,Jace Bohrofen,NH,103,0.3981,0.1553,0.3301,0.1165,0.5049,0.301,0.1942,0.1748
687071,Shane Sasaki,CHA,115,0.4783,0.2609,0.2174,0.0435,0.2609,0.4957,0.2435,0.0522
683353,Connor Caskenette,PNS,130,0.4538,0.2077,0.2615,0.0769,0.4308,0.3462,0.2231,0.1692
827636,Trent Youngblood,AMA,133,0.4737,0.3008,0.188,0.0376,0.2782,0.4361,0.2782,0.0752
682633,Eduardo Garcia,BLX,123,0.4634,0.187,0.2358,0.1138,0.3577,0.4959,0.1463,0.1301
702278,Nolan Schubart,AKR,95,0.3053,0.1579,0.4737,0.0632,0.4947,0.2947,0.2105,0.2421
809092,Murf Gray,ALT,115,0.3652,0.287,0.2522,0.0957,0.3913,0.4435,0.1652,0.1913
679754,Alberto Rodriguez,NWA,116,0.6207,0.1724,0.1466,0.0603,0.4138,0.3362,0.25,0.1207
806368,Maddux Houghton,WCH,105,0.3714,0.2286,0.2857,0.1143,0.4,0.4571,0.1429,0.2095
672569,Gustavo Campero,RCT,142,0.4296,0.2042,0.3028,0.0634,0.4225,0.4225,0.1549,0.169
683233,Douglas Hodo III,CHE,118,0.4068,0.2034,0.2797,0.1102,0.4153,0.322,0.2627,0.1695
695078,Jean Walters,AMA,128,0.5469,0.1953,0.1875,0.0703,0.3359,0.375,0.2891,0.0625
815133,Cameron Sisneros,CC/KNX,115,0.487,0.1826,0.2435,0.087,0.4522,0.3217,0.2261,0.1652
677601,Keyber Rodriguez,FRI,131,0.4275,0.2748,0.2366,0.0611,0.2901,0.4733,0.2366,0.1679
694218,Yeison Morrobel,FRI,143,0.5385,0.2378,0.1818,0.042,0.3706,0.3916,0.2378,0.1119
695048,Garret Guillemette,CC,112,0.4018,0.25,0.25,0.0982,0.4643,0.3482,0.1875,0.2143
691191,Jose Salas,WCH,106,0.4717,0.2075,0.2264,0.0943,0.3679,0.3585,0.2736,0.1132
804114,Luke Pelzer,NWA,128,0.4062,0.3516,0.1875,0.0547,0.3281,0.3438,0.3281,0.1406
815299,Will Verdung,COL,125,0.464,0.264,0.232,0.04,0.264,0.424,0.312,0.112
825761,Ryan Cesarini,AKR,138,0.3913,0.2174,0.2899,0.1014,0.5072,0.3696,0.1232,0.2101
822966,John Taylor,FRI,105,0.4952,0.3048,0.1619,0.0381,0.3238,0.3619,0.3143,0.1238
687766,Miguel Useche,KNX,126,0.4048,0.254,0.2778,0.0635,0.3254,0.4286,0.246,0.127
687625,Kai Murphy,SA,129,0.5039,0.2558,0.1783,0.062,0.4341,0.3256,0.2403,0.1163
813841,Jonah Cox,RIC,135,0.4889,0.1926,0.2741,0.0444,0.237,0.4074,0.3556,0.037
691442,Wilfred Veras,BIR,108,0.537,0.213,0.2407,0.0093,0.3056,0.4167,0.2778,0.1204
813400,Jack Winnay,POR,121,0.3636,0.2149,0.3388,0.0826,0.3554,0.4628,0.1818,0.157
700939,Bennett Lee,ERI,103,0.534,0.1553,0.233,0.0777,0.3107,0.4466,0.2427,0.0874
682239,Luke Ritter,REA,99,0.4242,0.2424,0.2828,0.0505,0.3434,0.4545,0.202,0.1414
805207,Caden Bodine,MTG,144,0.4167,0.2639,0.2847,0.0347,0.2778,0.5208,0.2014,0.1319
803385,Jay Harry,NH,129,0.4186,0.2558,0.2403,0.0853,0.3798,0.4264,0.1938,0.1473
809844,Kien Vu,CHA,102,0.4314,0.1961,0.2549,0.1176,0.4412,0.3627,0.1961,0.1471
691437,Adrian Pinto,NH,121,0.5207,0.2066,0.1983,0.0744,0.4132,0.3471,0.2397,0.124
687567,Jorel Ortega,WCH,95,0.3579,0.2632,0.2947,0.0842,0.3263,0.4737,0.2,0.1368
807751,Ethan O'Donnell,PNS,110,0.4727,0.2727,0.2364,0.0182,0.4273,0.3636,0.2091,0.1182
692222,Jose Izarra,TUL,117,0.4359,0.1795,0.265,0.1197,0.3675,0.4615,0.1709,0.1538
691616,Hedbert Perez,NH,99,0.404,0.202,0.2828,0.1111,0.4444,0.4141,0.1414,0.202
814154,Scott Bandura,RIC,116,0.4828,0.2672,0.2414,0.0086,0.319,0.4224,0.2586,0.069
691621,Jheremy Vargas,BLX,119,0.4706,0.2437,0.2437,0.042,0.2437,0.3866,0.3697,0.084
827637,Dalton McIntyre,COL,100,0.59,0.22,0.15,0.04,0.47,0.39,0.14,0.11
687616,Jimmy Obertop,HFD,72,0.4722,0.2222,0.2639,0.0278,0.3611,0.4028,0.2361,0.0972
806964,Sebastian Walcott,FRI,113,0.3186,0.3363,0.1858,0.1593,0.3805,0.4071,0.2124,0.2124
690985,Colby Halter,MID,95,0.4632,0.2105,0.3158,0.0105,0.3684,0.3895,0.2421,0.1263
695780,Jake Fox,AKR,111,0.4054,0.3514,0.2072,0.036,0.3964,0.3874,0.2162,0.1532
806252,Ralphy Velazquez,AKR,114,0.3947,0.2895,0.2456,0.0702,0.3158,0.3596,0.3246,0.1316
672018,Dasan Brown,BLX,88,0.4205,0.2159,0.2955,0.0682,0.25,0.4545,0.2955,0.0795
676205,Tyler Hardman,SOM,105,0.3143,0.2571,0.3238,0.1048,0.4286,0.3238,0.2476,0.2095
808864,Raider Tello,REA,104,0.5,0.2981,0.1731,0.0288,0.25,0.3654,0.3846,0.0673
681371,Dom Keegan,CHE,97,0.3814,0.2577,0.3196,0.0412,0.3608,0.4124,0.2268,0.1649
703430,Anthony Scull,RCT,111,0.3964,0.2523,0.2703,0.0811,0.3784,0.3243,0.2973,0.1171
690970,Corey Collins,BNG,94,0.4043,0.1596,0.3404,0.0957,0.3936,0.4362,0.1702,0.1383
683490,J.J. D'Orazio,RCT,115,0.4348,0.2087,0.2609,0.0957,0.2696,0.4261,0.3043,0.113
690443,Mike Antico,HFD,78,0.4487,0.1667,0.2179,0.1667,0.3718,0.4359,0.1923,0.0385
801507,Jake Cunningham,SA,103,0.4466,0.3301,0.1845,0.0388,0.3107,0.4078,0.2816,0.1165
814409,Seaver King,HBG,109,0.422,0.3119,0.2294,0.0367,0.1743,0.4587,0.367,0.055
802407,Joe Lampe,AKR,99,0.4747,0.2323,0.1717,0.1212,0.4848,0.303,0.2121,0.1616
657051,Nicholas Torres,SOM,105,0.3619,0.2952,0.2762,0.0667,0.3048,0.5048,0.1905,0.1524
695603,Benny Montgomery,HFD,88,0.5682,0.2386,0.1705,0.0227,0.3636,0.3864,0.25,0.1023
691405,Juan Benjamin,AKR,111,0.5225,0.1351,0.2793,0.0631,0.3784,0.4324,0.1892,0.0991
802018,Ryan Burrowes,BIR,106,0.4434,0.3396,0.1981,0.0189,0.1604,0.5094,0.3302,0.066
686944,Grant Magill,BIR,87,0.3563,0.3103,0.2644,0.069,0.2759,0.4828,0.2414,0.1494
808535,John Gil,COL,117,0.453,0.2222,0.1966,0.1282,0.4444,0.3419,0.2137,0.1538
702679,Demetrio Crisantes,AMA,108,0.4444,0.1944,0.287,0.0741,0.25,0.5,0.2407,0.1204
691252,Jhon Diaz,MTG,94,0.5638,0.1596,0.2021,0.0745,0.3404,0.4255,0.234,0.0851
683090,Matthew Lugo,RCT,92,0.3043,0.2717,0.3261,0.0978,0.3261,0.3478,0.3261,0.1848
807080,Eric Hartman,COL,84,0.4881,0.131,0.2381,0.1429,0.4286,0.4048,0.1667,0.0952
813842,Chase Call,CC,74,0.3378,0.1892,0.3919,0.0676,0.3514,0.3919,0.2568,0.1757
700083,John Bay,BNG,85,0.4471,0.2471,0.2353,0.0706,0.3294,0.4941,0.1765,0.1059
814450,Wehiwa Aloy,CHE,98,0.4796,0.2449,0.2245,0.051,0.3367,0.3571,0.3061,0.1224
690971,Chase Davis,SPR,92,0.4674,0.1522,0.3261,0.0543,0.3804,0.413,0.1957,0.1087
692371,Lizandro Espinoza,COL,90,0.3667,0.2111,0.3333,0.0889,0.4,0.4111,0.1889,0.1778
676463,Hayden Cantrelle,KNX,94,0.3936,0.2553,0.2234,0.1277,0.4043,0.4043,0.1915,0.1277
703149,Roderick Arias,SOM,89,0.3596,0.3258,0.2584,0.0562,0.4157,0.3708,0.2135,0.191
701805,Josh Caron,ARK,86,0.4884,0.2093,0.1628,0.1395,0.3837,0.3605,0.2558,0.1279
681941,Jaylen Palmer,BNG,75,0.3867,0.28,0.2667,0.0667,0.3867,0.3733,0.24,0.2
702619,Luke Hill,AKR,100,0.43,0.22,0.28,0.07,0.37,0.31,0.32,0.13
815268,Patrick Lee,ERI,77,0.4805,0.2468,0.2468,0.026,0.3636,0.4156,0.2208,0.0779
661733,Max Burt,ERI,100,0.42,0.25,0.21,0.12,0.54,0.33,0.13,0.24
826928,Owen Carey,COL,95,0.3895,0.3158,0.2737,0.0211,0.4211,0.4526,0.1263,0.1579
680846,Pablo Aliendo,CHA,81,0.3457,0.2963,0.3333,0.0247,0.4444,0.4691,0.0864,0.1975
685087,Jordan Nwogu,KNX,97,0.3505,0.299,0.299,0.0515,0.2577,0.4845,0.2577,0.0928
689688,Ethan Workinger,COL,94,0.4574,0.2021,0.2872,0.0532,0.4255,0.3298,0.2447,0.1596
703448,Cam Cannarella,PNS,104,0.5,0.2308,0.2692,0,0.3077,0.4519,0.2404,0.0769
811965,Joshua Kuroda-Grauer,MID,129,0.4264,0.2481,0.2326,0.093,0.3256,0.4031,0.2713,0.155
809372,Victor Figueroa,CHE,86,0.4186,0.3372,0.2442,0,0.3837,0.3837,0.2326,0.1047
691941,Calvin Harris,BIR,99,0.3333,0.2323,0.3232,0.1111,0.4545,0.3838,0.1616,0.2222
823185,Zane Zielinski,RIC,87,0.5517,0.1609,0.1609,0.1264,0.2529,0.4253,0.3218,0.0575
702695,Easton Carmichael,ALT,111,0.3694,0.2523,0.2883,0.0901,0.3333,0.4324,0.2342,0.1712
679734,Julio Carreras,CHA,84,0.5,0.2381,0.1548,0.1071,0.3214,0.381,0.2976,0.1071
700081,Jake Thompson,RCT,106,0.4057,0.2736,0.2453,0.0755,0.3302,0.4434,0.2264,0.1415
680713,P.J. Hilson,ALT,87,0.5632,0.1724,0.2069,0.0575,0.4598,0.3793,0.1609,0.1379
823807,Kane Kepley,KNX,90,0.3667,0.2222,0.2778,0.1333,0.4667,0.3111,0.2222,0.1778
694930,Carson Taylor,COL,88,0.4205,0.1705,0.3182,0.0909,0.3977,0.375,0.2273,0.1364
692405,Jeremy Rivas,SPR,93,0.4624,0.1935,0.2258,0.1183,0.2043,0.4516,0.3441,0.043
702264,Gavin Kilen,RIC,110,0.4,0.2545,0.2636,0.0818,0.3909,0.3636,0.2455,0.1455
694939,Marcus Brown,CC/HBG,90,0.5444,0.1889,0.2,0.0667,0.4222,0.4222,0.1556,0.1111
813668,Jack Gurevitch,SPR,78,0.4744,0.2821,0.2308,0.0128,0.3462,0.5128,0.141,0.1282
803745,Adrian Santana,PNS,107,0.5421,0.2336,0.1869,0.0374,0.2804,0.4953,0.2243,0.0467
801938,Avery Owusu-Asiedu,AMA,84,0.4048,0.1786,0.3333,0.0833,0.2857,0.3929,0.3214,0.119
691392,Johnny Ascanio,CHA,89,0.6067,0.2472,0.1348,0.0112,0.4157,0.3708,0.2135,0.1461
687394,Jack Brannigan,ALT,71,0.338,0.2535,0.338,0.0704,0.5352,0.3099,0.1549,0.2817
689531,Brett Squires,NWA,87,0.3333,0.2989,0.2989,0.069,0.4483,0.3793,0.1724,0.2414
824742,Logan Braunschweig,COL,86,0.5233,0.2093,0.1977,0.0698,0.3023,0.4419,0.2442,0.0814
677319,Cameron Barstad,AKR,68,0.4853,0.1912,0.2647,0.0588,0.3529,0.4706,0.1765,0.0441
806611,Jancel Villarroel,RIC,97,0.4433,0.2474,0.2784,0.0309,0.2371,0.4433,0.3196,0.0309
806957,Alfredo Duno,CHA,98,0.4286,0.2041,0.2347,0.1327,0.3673,0.4592,0.1735,0.1224
679788,Jack Rogers,HBG,70,0.5429,0.2571,0.2,0,0.4714,0.3857,0.1429,0.1286
691627,Ricardo Olivar,WCH,94,0.3298,0.234,0.3723,0.0638,0.4149,0.3404,0.2447,0.2447
692368,Adrián Sugastey,RIC,109,0.4862,0.2752,0.1835,0.055,0.3119,0.4587,0.2294,0.1009
702491,Mitch Voit,BNG,94,0.3404,0.3511,0.2234,0.0851,0.3511,0.4468,0.2021,0.1489
823295,Jay Thomason,WCH,87,0.4138,0.3218,0.1839,0.0805,0.4138,0.4023,0.1839,0.1954
685313,Elijah Dunham,RCT,79,0.4051,0.2532,0.3165,0.0253,0.4177,0.3671,0.2152,0.1646
805168,Alejandro Nuñez,CC,94,0.5851,0.1489,0.2128,0.0532,0.383,0.3936,0.2234,0.1064
815104,Graysen Tarlow,SPR,79,0.3165,0.2405,0.3797,0.0633,0.3671,0.3797,0.2532,0.2152
806958,Felnin Celesten,ARK,78,0.359,0.2564,0.359,0.0256,0.3718,0.4231,0.2051,0.1667
702068,Cole Gabrielson,SOM,87,0.3103,0.2874,0.3448,0.0575,0.2989,0.5057,0.1954,0.1724
691938,Willy Vasquez,CHE,87,0.5402,0.2874,0.1034,0.069,0.2989,0.4483,0.2529,0.0575
681134,Caleb Roberts,WCH,68,0.3529,0.2647,0.2794,0.1029,0.3824,0.4706,0.1471,0.1618
681581,Andy Weber,BIR,93,0.4516,0.2043,0.2688,0.0753,0.4301,0.3011,0.2688,0.1398
702488,Logan Wagner,TUL,63,0.3175,0.1905,0.2698,0.2222,0.4762,0.3175,0.2063,0.2063
826545,Brendan Durfee,SA,75,0.52,0.12,0.2667,0.0933,0.3867,0.36,0.2533,0.1067
694689,Dominic Pitelli,CHA,76,0.4079,0.2368,0.25,0.1053,0.4342,0.3684,0.1974,0.1842
694266,D'Andre Smith,BNG,87,0.4138,0.2299,0.3218,0.0345,0.3333,0.5172,0.1494,0.1609
695046,Drew Brutcher,CC,73,0.4932,0.274,0.2055,0.0274,0.411,0.3973,0.1918,0.0959
702517,Mason White,POR,69,0.3478,0.1884,0.3333,0.1304,0.5072,0.3188,0.1739,0.1594
683103,Cade Doughty,NH,79,0.481,0.1772,0.2405,0.1013,0.3165,0.481,0.2025,0.0886
695731,Braden Montgomery,BIR,71,0.3944,0.2676,0.3239,0.0141,0.2676,0.5493,0.1831,0.0704
805301,Jordan Dissin,REA,79,0.5696,0.1519,0.2025,0.0759,0.3291,0.3924,0.2785,0.0633
703715,Wyatt Hoffman,SA,65,0.4154,0.2308,0.2308,0.1231,0.3692,0.4615,0.1692,0.2154
680868,Patrick Winkel,NH,74,0.3649,0.2973,0.3108,0.027,0.3649,0.4189,0.2162,0.1486
702593,Jace LaViolette,AKR,61,0.3443,0.1803,0.3934,0.082,0.5082,0.2951,0.1967,0.2459
703606,Jared Thomas,HFD,66,0.5,0.2576,0.2121,0.0303,0.4242,0.3485,0.2273,0.1515
814194,Quinn McDaniel,WCH,71,0.507,0.169,0.2254,0.0986,0.2254,0.507,0.2676,0.0845
701734,Ryan McCrystal,CHA,85,0.2941,0.3294,0.3529,0.0235,0.3412,0.4588,0.2,0.2
702463,Aaron McKeithan,ARK,75,0.48,0.2667,0.1867,0.0667,0.28,0.48,0.24,0.1467
680890,Jax Biggers,CC,67,0.3582,0.209,0.2388,0.194,0.5075,0.3433,0.1493,0.1791
677347,Kyren Paris,RCT,68,0.5735,0.1471,0.1912,0.0882,0.2059,0.4412,0.3529,0.0294
685133,Wade Meckler,RCT,83,0.4458,0.3133,0.2048,0.0241,0.494,0.2651,0.2289,0.1928
695462,Cal Conley,COL,67,0.4478,0.2239,0.2836,0.0448,0.4478,0.3881,0.1642,0.1642
701327,Elijah Green,HBG,56,0.3393,0.2857,0.2857,0.0893,0.3036,0.4464,0.25,0.125
811312,Justin Riemer,MID,74,0.5541,0.2432,0.1486,0.0541,0.1757,0.473,0.3514,0.0811
814299,Pascanel Ferreras,CC,76,0.4605,0.1579,0.3026,0.0789,0.3553,0.4211,0.2237,0.0789
802219,Woody Hadeen,ERI,80,0.4875,0.25,0.2625,0,0.3125,0.4375,0.25,0.0625
702526,Eric Snow,NH,85,0.6824,0.1647,0.0941,0.0588,0.2353,0.3882,0.3765,0.0235
682617,Marco Luciano,SOM,70,0.2857,0.2857,0.3857,0.0429,0.3,0.4571,0.2429,0.2
688617,Michael Snyder,PNS,65,0.4615,0.1846,0.2923,0.0615,0.2462,0.4769,0.2769,0.0769
678962,Daniel Vellojin,MTG,76,0.4079,0.1579,0.3026,0.1316,0.4211,0.3684,0.2105,0.1316
690053,Chris Sargent,SA,74,0.3378,0.2162,0.3243,0.1216,0.2838,0.5541,0.1622,0.0676
689577,Aaron Antonini,ERI,64,0.5,0.1875,0.2188,0.0938,0.3906,0.2656,0.3438,0.0781
690992,Ed Howard,KNX,64,0.3438,0.2031,0.3125,0.1406,0.2344,0.375,0.3906,0.0781
678854,Viandel Pena,ERI,72,0.4167,0.25,0.2222,0.1111,0.3194,0.5556,0.125,0.0833
678232,Jesus Valdez,AMA,70,0.3714,0.3143,0.2714,0.0286,0.4714,0.3857,0.1429,0.2
701540,J.R. Freethy,NH,78,0.4744,0.2308,0.2692,0.0256,0.2051,0.4615,0.3333,0.0385
696510,Peyton Stovall,CHA,74,0.5,0.2027,0.2162,0.0811,0.5,0.2703,0.2297,0.1622
694974,Colby Shade,PNS,71,0.338,0.2958,0.2676,0.0986,0.2676,0.4648,0.2676,0.1972
801932,Alex McCoy,SA,75,0.4933,0.24,0.24,0.0267,0.3733,0.4533,0.1733,0.1467
683001,Ethan Hearn,KNX,64,0.4219,0.2188,0.3125,0.0469,0.4688,0.3438,0.1875,0.2031
676038,Skyler Messinger,HFD,65,0.4769,0.2154,0.2154,0.0923,0.3385,0.4,0.2615,0.1077
824615,Connor Hujsak,MTG,69,0.5797,0.1739,0.1739,0.0725,0.3913,0.4493,0.1594,0.1159
814269,Kevin Verde,SOM,76,0.4605,0.3421,0.1053,0.0921,0.3684,0.4605,0.1711,0.1579
694197,Angel Genao,AKR,67,0.5672,0.2687,0.1493,0.0149,0.4328,0.403,0.1642,0.0746
691408,Maick Collado,AKR,86,0.4535,0.1977,0.2791,0.0698,0.3488,0.4186,0.2326,0.0698
815520,Braylon Payne,BLX,71,0.3239,0.2817,0.3099,0.0845,0.3239,0.4225,0.2535,0.1268
694661,Riley Tirotta,REA,63,0.3651,0.2698,0.1905,0.1746,0.381,0.381,0.2381,0.1905
800516,Alberto Hernandez,CC,76,0.4211,0.1842,0.2368,0.1579,0.2895,0.5263,0.1842,0.1053
692944,Kevin Villavicencio,BNG,79,0.519,0.2278,0.2152,0.038,0.3418,0.481,0.1772,0.0886
806985,Yoeilin Cespedes,POR,71,0.4225,0.1972,0.1831,0.1972,0.493,0.4085,0.0986,0.1408
660681,Leandro Cedeño,SA,66,0.3485,0.303,0.3333,0.0152,0.3636,0.3939,0.2424,0.1364
842249,Graham Brown,WCH,64,0.3594,0.2031,0.3281,0.1094,0.375,0.3906,0.2344,0.1562
824028,Gage Miller,PNS,73,0.3973,0.137,0.274,0.1918,0.3288,0.3836,0.2877,0.1096
676063,Shane McGuire,MID,67,0.5821,0.2239,0.1493,0.0448,0.4627,0.3582,0.1791,0.1194
701548,Ali Camarillo,MID,77,0.4156,0.3117,0.2078,0.0649,0.3117,0.4416,0.2468,0.1039
693243,Garrett Pennington,ERI,67,0.4776,0.2239,0.2537,0.0448,0.2836,0.4478,0.2687,0.0448
800232,Luis Baez,CC,73,0.5616,0.2192,0.1233,0.0959,0.3151,0.4795,0.2055,0.0685
692110,Core Jackson,SOM,80,0.6125,0.1375,0.1875,0.0625,0.4875,0.3375,0.175,0.0625
684081,Erick Brito,REA,70,0.4714,0.2,0.2714,0.0571,0.2857,0.4,0.3143,0.0571
692562,Alexis Hernandez,NH,76,0.4737,0.2368,0.2237,0.0658,0.1974,0.4211,0.3816,0.0658
694977,Nate Nankil,MID,75,0.56,0.2267,0.1333,0.08,0.32,0.36,0.32,0.1067
694230,Hendry Mendez,WCH,70,0.5429,0.2,0.2,0.0571,0.5143,0.2857,0.2,0.1571
822676,Alex Lodise,COL,72,0.4444,0.3056,0.2083,0.0417,0.2778,0.5417,0.1806,0.0833
688449,TT Bowens,BNG,54,0.463,0.1667,0.2593,0.1111,0.2778,0.4074,0.3148,0.1111
675430,CJ Rodriguez,MID,74,0.527,0.2432,0.1757,0.0541,0.2973,0.473,0.2297,0.0946
806005,Ryan McCarty,ALT/NH,61,0.4262,0.2131,0.3443,0.0164,0.3443,0.3934,0.2623,0.082
690958,Drew Bowser,KNX,57,0.4386,0.2281,0.2456,0.0877,0.2807,0.4211,0.2982,0.0877
806191,Tai Peete,SPR,71,0.4085,0.2958,0.2535,0.0423,0.4085,0.4366,0.1549,0.1831
814445,Jared Sprague-Lott,MID,65,0.5538,0.3077,0.1385,0,0.2769,0.4615,0.2615,0.0615
674441,Jacob Hurtubise,BLX,67,0.3881,0.3433,0.2239,0.0448,0.4627,0.2985,0.2388,0.2537
695000,Poncho Ruiz,WCH,66,0.4242,0.2273,0.2576,0.0909,0.4394,0.3333,0.2273,0.1364
687930,Tyresse Turner,AKR,55,0.5273,0.2727,0.1455,0.0545,0.3455,0.4,0.2545,0.1091
686981,Brenden Dixon,BIR,61,0.3115,0.2459,0.2787,0.1639,0.5082,0.3934,0.0984,0.2787
804995,Henry Godbout,POR,66,0.303,0.303,0.2879,0.1061,0.3636,0.4394,0.197,0.197
807720,Garret Forrester,PNS,59,0.4407,0.2034,0.2542,0.1017,0.3729,0.3898,0.2373,0.1017
690914,Brody Moore,SPR,76,0.4605,0.2368,0.25,0.0526,0.2237,0.5263,0.25,0.1184
690474,Tommy Sacco Jr.,CC,52,0.4038,0.1923,0.3462,0.0577,0.5192,0.2885,0.1923,0.1923
815464,Lisbel Diaz,RIC,67,0.4328,0.1343,0.2687,0.1642,0.3433,0.4328,0.2239,0.1343
695720,Tommy White,MID,71,0.5634,0.2817,0.0986,0.0563,0.3239,0.4366,0.2394,0.0986
694320,Jack Costello,SA,75,0.4533,0.2133,0.2667,0.0667,0.3467,0.48,0.1733,0.12
683569,Jose Colmenares,BIR,56,0.375,0.1964,0.3214,0.1071,0.4286,0.3571,0.2143,0.2143
701852,Drew Cavanaugh,RIC,47,0.383,0.2979,0.2979,0.0213,0.3404,0.4043,0.2553,0.1277
687148,Adam Fogel,BIR,58,0.4655,0.1724,0.2586,0.1034,0.4483,0.3621,0.1897,0.1552
702520,Justin Thomas Jr.,CC,45,0.4,0.2667,0.2667,0.0667,0.4889,0.3778,0.1333,0.2444
663536,Tristin English,COL,65,0.4308,0.2769,0.2308,0.0615,0.3846,0.3846,0.2308,0.1538
806146,George Lombard Jr.,SOM,59,0.339,0.322,0.3051,0.0339,0.3729,0.3898,0.2373,0.1864
702597,Dom Krupinski,KNX,41,0.4146,0.2683,0.2439,0.0732,0.439,0.3659,0.1951,0.0976
702607,Dakota Jordan,RIC,53,0.6038,0.0755,0.2075,0.1132,0.3019,0.4151,0.283,0.0189
702283,Tucker Toman,NH,55,0.5818,0.1818,0.2,0.0364,0.4182,0.4364,0.1455,0.0545
685744,Kenedy Corona,SOM,56,0.4643,0.25,0.1964,0.0893,0.3571,0.4643,0.1786,0.0893
690523,Joe Campagna,ERI,51,0.4706,0.2157,0.1765,0.098,0.451,0.3137,0.2353,0.1765
694842,JT Benson,BNG,58,0.4655,0.1897,0.1724,0.1724,0.3793,0.3448,0.2759,0.0862
670208,Matt Fraizer,POR,60,0.4,0.2667,0.3,0.0333,0.2333,0.4667,0.3,0.1
700369,Adrian De Leon,AMA,40,0.5,0.225,0.175,0.1,0.225,0.4,0.375,0.125
805834,Javi Vaz,NWA,54,0.4259,0.2778,0.1667,0.1296,0.3148,0.3148,0.3704,0.0926
681879,Nick Lucky,BNG,48,0.4792,0.2083,0.2917,0.0208,0.3542,0.4583,0.1875,0.0625
671956,Noah Myers,MTG,45,0.4222,0.2222,0.2889,0.0667,0.4222,0.3333,0.2444,0.1778
821100,Justin Gonzales,POR,50,0.46,0.26,0.24,0.04,0.32,0.42,0.26,0.04
691449,Roberto Campos,ERI,52,0.5192,0.1923,0.2308,0.0577,0.4231,0.4231,0.1538,0.1346
701689,Vance Honeycutt,CHE,52,0.4423,0.1731,0.2885,0.0962,0.4423,0.4808,0.0769,0.0962
813664,Justin DeCriscio,SA,53,0.4717,0.2264,0.1887,0.1132,0.4906,0.3774,0.1321,0.1509
683104,Trey Faltine,CHA,36,0.4167,0.25,0.25,0.0833,0.25,0.4722,0.2778,0.0556
694815,Jack Hurley,AMA,51,0.5098,0.1176,0.3137,0.0588,0.4706,0.2941,0.2353,0.1373
814410,Jacob Humphrey,HFD,56,0.6607,0.1607,0.1429,0.0357,0.2143,0.5714,0.2143,0.0536
805999,A.J. Ewing,BNG,49,0.551,0.2245,0.2245,0,0.4694,0.4082,0.1224,0.0816
815152,Theo Hardy,FRI,42,0.619,0.2619,0.119,0,0.3095,0.4286,0.2619,0.0952
677342,Brock Jones,MTG,36,0.3889,0.1667,0.2778,0.1667,0.6389,0.25,0.1111,0.2222
805865,Guy Lipscomb,AKR,55,0.5273,0.2,0.2727,0,0.3455,0.3636,0.2909,0.0727
700795,Mathieu Vallee,NH,56,0.8036,0.125,0.0714,0,0.2679,0.4464,0.2857,0.0179
676566,Shawn Ross,ALT,29,0.2414,0.2414,0.3793,0.1379,0.5862,0.3103,0.1034,0.3448
691411,Luis Durango,SOM,60,0.7,0.1667,0.0833,0.05,0.35,0.4,0.25,0
805763,Drake Logan,BIR,38,0.3947,0.2105,0.2368,0.1579,0.3947,0.3158,0.2895,0.1579
692348,Aeverson Arteaga,RIC,46,0.2826,0.3696,0.2609,0.087,0.4565,0.3913,0.1522,0.3043
815039,Dustin Dickerson,NWA,45,0.3556,0.4,0.1778,0.0667,0.4444,0.3333,0.2222,0.1778
800522,Josue Briceño,ERI,50,0.3,0.2,0.42,0.08,0.46,0.44,0.1,0.28
681114,Michael Trautwein,CHA,31,0.4516,0.2581,0.2581,0.0323,0.3548,0.3871,0.2581,0.0968
807740,Luke Shliger,ERI,50,0.28,0.18,0.5,0.04,0.34,0.46,0.2,0.18
805346,Ben Ross,WCH,49,0.3265,0.2857,0.3265,0.0612,0.3673,0.3265,0.3061,0.2245
681495,Cade Fergus,REA,33,0.4545,0.1515,0.2121,0.1818,0.303,0.5152,0.1818,0.0909
699232,Anderdson Rojas,AMA,46,0.6522,0.1522,0.087,0.1087,0.5,0.3913,0.1087,0.0652
827504,Hector Salas,CC,42,0.5714,0.2381,0.1667,0.0238,0.2857,0.381,0.3333,0.0476
801406,Jared Dickey,MID,50,0.4,0.22,0.36,0.02,0.38,0.44,0.18,0.14
703198,Kenni Gomez,CC,43,0.5581,0.2326,0.186,0.0233,0.3256,0.4651,0.2093,0.0465
696020,Raudelis Martinez,POR,49,0.5918,0.1429,0.1837,0.0816,0.5306,0.2857,0.1837,0.102
702630,Luke Hanson,FRI,48,0.4583,0.1458,0.3125,0.0833,0.1042,0.3958,0.5,0.0208
665998,Ismael Munguia,NH,53,0.5472,0.1698,0.2075,0.0755,0.2453,0.434,0.3208,0.0755
687248,Keshawn Ogans,COL,41,0.2927,0.3415,0.2683,0.0976,0.2195,0.561,0.2195,0.0732
698973,Jose Astudillo,RIC,51,0.549,0.1765,0.2157,0.0588,0.2353,0.4314,0.3333,0.0392
808665,Angel Acosta,NWA,50,0.54,0.24,0.1,0.12,0.4,0.38,0.22,0.12
694281,Tomas Frick,SOM,48,0.375,0.2292,0.2917,0.1042,0.25,0.5625,0.1875,0.1458
690841,Matt O'Neill,AMA,40,0.45,0.2,0.275,0.075,0.125,0.675,0.2,0.05
694186,Shalin Polanco,ALT,32,0.3438,0.3125,0.1562,0.1875,0.4688,0.3438,0.1875,0.2188
690996,T.J. McCants,BIR,31,0.5161,0.2258,0.2581,0,0.3548,0.5161,0.129,0.0645
700784,Jeron Williams,CC,39,0.4615,0.2821,0.2564,0,0.1795,0.5128,0.3077,0.0513
694991,Mitch Jebb,ALT,44,0.4091,0.3636,0.2045,0.0227,0.4318,0.3409,0.2273,0.1136
683061,Alexander Vargas,CHA,51,0.5098,0.2353,0.1176,0.1373,0.451,0.3725,0.1765,0.098
801039,John Garcia,CC,35,0.4857,0.0857,0.2571,0.1714,0.4,0.3714,0.2286,0.1143
686744,Jake Snider,FRI,31,0.6774,0.2258,0.0968,0,0.1935,0.6452,0.1613,0.0323
821270,Luis Peña,BLX,45,0.3333,0.3111,0.2444,0.1111,0.2,0.5111,0.2889,0.0667
670868,Abrahan Gutierrez,SOM,49,0.4082,0.2857,0.2245,0.0816,0.2245,0.4898,0.2857,0.1224
823173,James Taussig,BIR,35,0.3714,0.1429,0.3143,0.1714,0.3429,0.4571,0.2,0.1143
699305,Diego Mosquera,BNG,31,0.4516,0.3548,0.0968,0.0968,0.1935,0.6129,0.1935,0.0645
671272,David García,BLX,39,0.4872,0.1795,0.2564,0.0769,0.3333,0.3333,0.3333,0.0513
681172,Tyler Tolve,COL,34,0.5,0.1176,0.3235,0.0588,0.3824,0.3824,0.2353,0.0882
699167,Samuel Escudero,ALT,37,0.5135,0.1622,0.2162,0.1081,0.4324,0.3784,0.1892,0.1622
685716,Nelson Quiroz,TUL,43,0.5581,0.2791,0.1163,0.0465,0.4186,0.3721,0.2093,0.1628
701392,Marco Dinges,BLX,34,0.5588,0.1471,0.2059,0.0882,0.4706,0.5,0.0294,0.0294
694206,Daniel Guilarte,BLX,40,0.575,0.125,0.25,0.05,0.25,0.55,0.2,0.05
800281,Roynier Hernandez,HFD,43,0.4884,0.2791,0.186,0.0465,0.2326,0.5116,0.2558,0.0465
695494,Kevin Bazzell,HBG,46,0.413,0.2609,0.2609,0.0652,0.4348,0.413,0.1522,0.2391
687072,Jamari Baylor,BNG,32,0.3438,0.3438,0.25,0.0625,0.25,0.4062,0.3438,0.0625
807747,Rikuu Nishida,BIR,36,0.6389,0.3056,0.0556,0,0.1944,0.4722,0.3333,0
692446,Miguel Villarroel,HBG/SPR,39,0.6154,0.2308,0.1282,0.0256,0.3333,0.4103,0.2564,0.0769
694399,Elijah Nunez,HBG,34,0.5588,0.1765,0.2647,0,0.2941,0.4118,0.2941,0.0588
806534,Ben Gobbel,RCT,36,0.5278,0.1667,0.25,0.0556,0.2222,0.4167,0.3611,0.0833
814436,Ryan Galanie,BIR,30,0.4,0.2,0.2667,0.1333,0.5,0.3333,0.1667,0.1667
702239,Colin Tuft,CHE,27,0.3704,0.2222,0.3333,0.0741,0.2593,0.2963,0.4444,0.1481
669234,Justyn-Henry Malloy,MTG,29,0.3448,0.1379,0.4483,0.069,0.2759,0.4138,0.2759,0.1379
815874,Nick Roselli,BNG,33,0.5152,0.1515,0.2121,0.1212,0.3333,0.4545,0.2121,0.0303
828600,Hayden Gilliland,TUL,30,0.5,0.3,0.2,0,0.3333,0.5,0.1667,0.1333
698927,Edward Duran,NH,35,0.3429,0.2857,0.3714,0,0.2857,0.4857,0.2286,0.1714
677941,Jordyn Adams,BLX,28,0.3571,0.1071,0.4286,0.1071,0.5714,0.2857,0.1429,0.3214
693822,Murphy Stehly,WCH,28,0.4643,0.1429,0.3571,0.0357,0.5,0.3929,0.1071,0.1429
681036,Anthony Vilar,SA,25,0.64,0.12,0.2,0.04,0.48,0.36,0.16,0.12
683454,Brayan Buelvas,MID,26,0.2692,0.2692,0.3077,0.1538,0.5769,0.3462,0.0769,0.4231
703194,Randy De Jesus,RCT,24,0.3333,0.3333,0.2917,0.0417,0.25,0.5,0.25,0.125
804645,Caden Connor,BIR,32,0.5,0.25,0.2188,0.0312,0.375,0.4375,0.1875,0.0625
679602,Drew Ehrhard,POR,30,0.4,0.2333,0.3,0.0667,0.4667,0.3333,0.2,0.1667
701800,Carlos Linarez,SPR,24,0.5,0.25,0.2083,0.0417,0.4167,0.375,0.2083,0.1667
703483,Dixon Williams,COL,24,0.3333,0.25,0.375,0.0417,0.4583,0.25,0.2917,0.2083
801346,Luis Hernandez,WCH,23,0.3478,0.087,0.4783,0.087,0.4348,0.3478,0.2174,0.1739
814816,Johnny Tincher,CHE,29,0.5172,0.1379,0.2759,0.069,0.4483,0.3448,0.2069,0.1379
702461,Kay-Lan Nicasia,BLX,17,0.3529,0.1765,0.2941,0.1765,0.3529,0.4706,0.1765,0.1765
801629,Cade McGee,SPR,28,0.2857,0.2143,0.3571,0.1429,0.4286,0.3571,0.2143,0.2143
806367,Turner Hill,RIC,28,0.4643,0.3571,0.1429,0.0357,0.3571,0.3929,0.25,0.1071
693073,Clayton Campbell,ERI,31,0.5161,0.2903,0.1613,0.0323,0.3226,0.2903,0.3871,0.0645
800149,Carlos Pacheco,MID,26,0.3846,0.2692,0.2308,0.1154,0.3462,0.5,0.1538,0.0769
815044,Sam Mongelli,TUL,23,0.4348,0.1304,0.3043,0.1304,0.3913,0.3913,0.2174,0.087
699213,Gleider Figuereo,FRI,25,0.32,0.36,0.32,0,0.56,0.24,0.2,0.32
702524,Logan Sauve,MID,21,0.381,0.2857,0.3333,0,0.2857,0.5238,0.1905,0.0952
703637,Max Williams,PNS,33,0.3333,0.2424,0.3636,0.0606,0.4242,0.303,0.2727,0.1515
668974,Maverick Handley,CHE/COL,22,0.4091,0.3636,0.1364,0.0909,0.4091,0.3182,0.2727,0.1818
805870,Hyungchan Um,NWA,25,0.44,0.16,0.36,0.04,0.32,0.52,0.16,0.04
680994,Nick Biddison,REA,17,0.4118,0.1176,0.2941,0.1765,0.2353,0.4706,0.2941,0.1765
702333,Haydn McGeary,KNX,21,0.3333,0.1429,0.4286,0.0952,0.2857,0.2857,0.4286,0.0952
691276,Luis Caicuto,REA,27,0.5185,0.1111,0.2222,0.1481,0.3333,0.3333,0.3333,0.0741
685712,Geovanny Planchart,NH,19,0.5789,0.1579,0.1579,0.1053,0.2632,0.5789,0.1579,0.0526
686683,Tevin Tucker,HFD,20,0.55,0.1,0.3,0.05,0.4,0.3,0.3,0.05
691783,Jordan Lawlar,AMA,23,0.3913,0.1739,0.3913,0.0435,0.3478,0.4783,0.1739,0.1304
805957,Caleb Farmer,HBG,25,0.32,0.16,0.36,0.16,0.44,0.44,0.12,0.12
702574,David Mershon,RCT,24,0.5417,0.0833,0.2917,0.0833,0.2917,0.3333,0.375,0.0417
809945,Jonah Advincula,AKR,27,0.3704,0.2222,0.3333,0.0741,0.6296,0.2222,0.1481,0.3333
692390,Jose Cordoba,SPR,27,0.4815,0.1852,0.2222,0.1111,0.4815,0.3704,0.1481,0.1481
681439,Zach Morgan,RIC,20,0.25,0.45,0.25,0.05,0.4,0.5,0.1,0.25
800444,Nikau Pouaka-Grego,REA,13,0.5385,0.3077,0.0769,0.0769,0.3077,0.2308,0.4615,0.0769
800414,Alfredo Velásquez,CHE,25,0.68,0.04,0.24,0.04,0.24,0.32,0.44,0.04
688367,Tucker Mitchell,FRI,29,0.3793,0.3793,0.1724,0.069,0.2069,0.4828,0.3103,0.1034
683011,Anthony Volpe,SOM,25,0.44,0.36,0.2,0,0.44,0.44,0.12,0.16
692366,Onil Perez,RIC,25,0.48,0.32,0.12,0.08,0.2,0.6,0.2,0.08
691605,Miguel Briceno,WCH,24,0.4167,0.3333,0.2083,0.0417,0.25,0.3333,0.4167,0.125
691183,Kevin Made,HBG,21,0.381,0.2857,0.2381,0.0952,0.2381,0.4762,0.2857,0.1429
814411,Matt Scannell,COL,17,0.2941,0.2941,0.2941,0.1176,0.3529,0.5294,0.1176,0.1176
694191,Pedro Pineda,MID,19,0.7368,0,0.2632,0,0.3158,0.2632,0.4211,0
812518,Camden Janik,ALT,21,0.5714,0.1905,0.1429,0.0952,0.1429,0.5238,0.3333,0.0476
809860,Mason Lytle,CC,24,0.625,0.125,0.1667,0.0833,0.5833,0.2917,0.125,0.125
804603,Duncan Pastore,SOM,22,0.5455,0.2727,0.1818,0,0.2727,0.4545,0.2727,0.0909
699111,Diego Omana,CHA,18,0.5556,0.1667,0.1111,0.1667,0.1667,0.5,0.3333,0
801592,Zander Darby,RIC,16,0.3125,0.25,0.375,0.0625,0.1875,0.625,0.1875,0.0625
800724,Eric Bitonti,BLX,16,0.0625,0.3125,0.5625,0.0625,0.25,0.4375,0.3125,0.1875
694185,Danny De Andrade,WCH,19,0.5789,0.1579,0.1579,0.1053,0.4211,0.4737,0.1053,0.1053
814435,Jacob Sharp,NH,19,0.4211,0.1053,0.3158,0.1579,0.2105,0.6316,0.1579,0.1053
814413,Ian Petrutz,SPR,21,0.2857,0.3333,0.2381,0.1429,0.4286,0.381,0.1905,0.2857
676509,Josh Crouch,RCT,15,0.6,0.2667,0.1333,0,0.2667,0.6,0.1333,0.0667
694380,Jack Moss,CC,16,0.5625,0.375,0.0625,0,0.3125,0.3125,0.375,0.0625
669219,Je'Von Ward,NH,12,0.3333,0.4167,0.25,0,0.5833,0.25,0.1667,0.25
822162,Brandon Forrester,CC,12,0.5833,0.25,0.0833,0.0833,0.1667,0.5,0.3333,0
699293,Yohairo Cuevas,BNG,21,0.5238,0.1905,0.2381,0.0476,0.2857,0.4762,0.2381,0.1429
667240,Jason Matthews,BIR,9,0.3333,0.1111,0.3333,0.2222,0.3333,0.4444,0.2222,0.1111
690987,Robert Hassell III,ALT,14,0.5714,0.2857,0.1429,0,0.4286,0.4286,0.1429,0.0714
690469,Kyle Hayes,HBG,12,0.25,0.3333,0.4167,0,0.3333,0.5,0.1667,0.1667
802541,Bryan Broecker,MTG,12,0.5,0.1667,0.25,0.0833,0.4167,0.4167,0.1667,0
812442,Stephen Hrustich,ERI,15,0.4667,0.3333,0.2,0,0.5333,0.2,0.2667,0.2
700720,Luis Pino,SPR,13,0.4615,0.0769,0.2308,0.2308,0.3846,0.3846,0.2308,0.0769
656627,Mark Kolozsvary,REA,8,0.25,0.25,0.375,0.125,0.5,0.375,0.125,0.375
571657,Kyle Farmer,COL,16,0.4375,0,0.5625,0,0.3125,0.3125,0.375,0.125
692021,Oswaldo Linares,SA,14,0.5,0.0714,0.4286,0,0.5714,0.2143,0.2143,0.2143
800621,Logun Clark,AKR,10,0.6,0.2,0.2,0,0.3,0.5,0.2,0.1
691558,Yeiner Fernandez,TUL,17,0.4706,0.2353,0.0588,0.2353,0.1765,0.6471,0.1765,0
802355,Tanner Schobel,WCH,11,0.5455,0.1818,0.1818,0.0909,0.4545,0.3636,0.1818,0
702265,Paxton Kling,FRI,14,0.5714,0.2143,0.2143,0,0.2143,0.5714,0.2143,0.0714
701305,Zach Dezenzo,CC,14,0.6429,0.2143,0.1429,0,0.2143,0.5,0.2857,0.0714
681357,Cody Morissette,WCH,13,0.3846,0.3077,0.1538,0.1538,0.6154,0.3846,0,0.2308
701136,Kerrington Cross,SA,15,0.3333,0.3333,0.2667,0.0667,0.3333,0.5333,0.1333,0.2667
800840,Chase Heath,SPR,13,0.5385,0.2308,0.1538,0.0769,0.3846,0.5385,0.0769,0.0769
806988,Welbyn Francisca,AKR,12,0.1667,0.4167,0.25,0.1667,0.3333,0.5,0.1667,0.25
694565,Alex Stone,NH,19,0.5789,0.2632,0.1053,0.0526,0.1579,0.6316,0.2105,0
687526,Marcus Smith,CHA,5,0.6,0.2,0.2,0,0.4,0.2,0.4,0
694943,Juan Gonzalez,BIR,11,0.4545,0.1818,0.3636,0,0.3636,0.3636,0.2727,0.1818
694318,Austin St. Laurent,ARK,14,0.5,0.2857,0.2143,0,0.4286,0.2857,0.2857,0.0714
823658,Daniel Dickinson,BLX,13,0.5385,0.3077,0.1538,0,0.2308,0.6154,0.1538,0.0769
691422,Kevin Rivas,AKR,11,0.3636,0.1818,0.3636,0.0909,0.3636,0.3636,0.2727,0.0909
808024,Carlos Virahonda,AMA,14,0.2143,0.2143,0.4286,0.1429,0.2143,0.3571,0.4286,0.1429
694227,Danyer Cueva,FRI,13,0.6154,0.1538,0.0769,0.1538,0.3846,0.3077,0.3077,0
665833,Oneil Cruz,ALT,13,0.5385,0.2308,0.1538,0.0769,0.6154,0.3077,0.0769,0.2308
801187,Chase Adkison,SPR,15,0.4,0.2667,0.2667,0.0667,0.2,0.5333,0.2667,0.2
816113,Eli Willits,HBG,10,0.4,0.3,0.2,0.1,0.4,0.6,0,0.2
682796,Eddinson Paulino,BNG,11,0.5455,0.0909,0.3636,0,0.4545,0.2727,0.2727,0.1818
805964,Stanley Tucker,POR,12,0.4167,0.25,0.3333,0,0.5,0.25,0.25,0.25
691720,Kyle Karros,HFD,12,0.3333,0.3333,0.3333,0,0.1667,0.6667,0.1667,0
663445,James Nelson,CC,11,0.4545,0.2727,0.1818,0.0909,0.1818,0.6364,0.1818,0.0909
663457,Lars Nootbaar,SPR,10,0.5,0.1,0.3,0.1,0.3,0.4,0.3,0
666211,Taylor Trammell,CC,13,0.4615,0.2308,0.3077,0,0.6154,0.3846,0,0.3077
673548,Seiya Suzuki,KNX,12,0.3333,0.1667,0.3333,0.1667,0.5833,0.25,0.1667,0.25
805365,Isaiah Jackson,POR,10,0.6,0.1,0.2,0.1,0.4,0.6,0,0.1
676694,Jake Meyers,CC,12,0.3333,0.1667,0.25,0.25,0.3333,0.4167,0.25,0.1667
672580,Maikel Garcia,NWA,11,0.6364,0.2727,0.0909,0,0.2727,0.1818,0.5455,0
695023,Eddie Park,BIR,8,0.875,0,0.125,0,0.625,0.25,0.125,0
694420,Tatem Levins,MTG,6,0.3333,0.5,0.1667,0,0.6667,0.1667,0.1667,0.5
805268,Peyton Williams,NH,6,0.3333,0.1667,0.3333,0.1667,0.8333,0.1667,0,0.3333
676560,Hemmanuel Rosario,CC,6,0.5,0.3333,0.1667,0,0.6667,0.3333,0,0.3333
702025,Harry Genth,WCH,6,0.3333,0.1667,0.1667,0.3333,0.3333,0.6667,0,0
827629,Austin Machado,COL,10,0.6,0.3,0.1,0,0.6,0.4,0,0.2
701100,Ben McCabe,HFD,7,0.8571,0,0.1429,0,0.4286,0.4286,0.1429,0.1429
815824,Josiah Hartshorn,KNX,9,0.4444,0.1111,0.3333,0.1111,0.1111,0.4444,0.4444,0
811278,Connor Rasmussen,NWA,6,0.5,0,0.5,0,0.5,0.3333,0.1667,0
695554,Tayden Hall,BLX,6,0.1667,0,0.3333,0.5,0.3333,0.5,0.1667,0.1667
836055,Zach Daudet,CC,6,0.5,0.1667,0.3333,0,0.3333,0.5,0.1667,0.1667
673490,Ha-Seong Kim,COL,9,0.6667,0.2222,0.1111,0,0.6667,0.2222,0.1111,0.1111
805953,Anthony Huezo,CC,8,0.375,0.125,0.375,0.125,0.375,0.375,0.25,0.25
669707,Jared Triolo,ALT,10,0.4,0.4,0.2,0,0.4,0.3,0.3,0.2
673357,Luis Robert Jr.,BNG,9,0.3333,0.3333,0.3333,0,0.4444,0.2222,0.3333,0.3333
701350,Roman Anthony,POR,8,0.5,0.125,0.375,0,0.375,0.625,0,0.25
702112,Hogan Windish,ARK,11,0.3636,0.1818,0.3636,0.0909,0.0909,0.6364,0.2727,0.0909
671217,Sam Praytor,PNS,8,0.375,0.375,0.25,0,0.75,0.25,0,0.375
691186,Arol Vera,RCT,6,0.1667,0.1667,0.3333,0.3333,0.3333,0.6667,0,0
803475,Colby Jones,COL,5,0.4,0.2,0.4,0,0.2,0.6,0.2,0
806980,Angel Cepeda,KNX,10,0.4,0.2,0.1,0.3,0.2,0.5,0.3,0.1
831240,Colin Hynek,KNX,5,0.4,0.2,0.4,0,0.6,0.4,0,0.4
686976,Silas Ardoin,CHE,3,1,0,0,0,0.3333,0.6667,0,0
687637,Dylan Beavers,CHE,9,0.5556,0,0.3333,0.1111,0.4444,0.3333,0.2222,0
686765,Nick Sogard,POR,5,0.4,0.2,0.4,0,0.6,0.2,0.2,0.2
687069,Josh Rivera,NH,8,0.625,0.125,0.25,0,0.375,0.375,0.25,0
667690,C.J. Stubbs,NH,7,0.4286,0.4286,0,0.1429,0.4286,0.4286,0.1429,0.2857
665161,Jeremy Peña,CC,8,0.5,0.5,0,0,0.375,0.625,0,0.125
683227,Cody Freeman,FRI,11,0.5455,0.1818,0.1818,0.0909,0.3636,0.4545,0.1818,0.0909
691793,Charlie Saum,NH,5,0.4,0.4,0,0.2,0.2,0.4,0.4,0.2
805795,Aidan Miller,REA,10,0.3,0.2,0.5,0,0.4,0.4,0.2,0.2
608369,Corey Seager,FRI,8,0.625,0,0.375,0,0.25,0.5,0.25,0
808220,Raimundo De Los Santos,NH,5,0.8,0.2,0,0,0.4,0.4,0.2,0.2
814362,Alberto Rios,RCT,3,1,0,0,0,0.6667,0.3333,0,0
702616,Jackson Holliday,CHE,3,0.3333,0.3333,0.3333,0,0.3333,0.3333,0.3333,0
687084,Joshua Mears,SA,3,0.3333,0,0.3333,0.3333,0.3333,0.6667,0,0.3333
701980,Nestor Rios,PNS,8,0.5,0.125,0.125,0.25,0.5,0.25,0.25,0.125
808094,Jhorvic Abreus,AKR,4,0.75,0.25,0,0,1,0,0,0.25
801726,Santiago Gomez,SOM,6,0.1667,0.3333,0.3333,0.1667,0.3333,0.5,0.1667,0.1667
814261,Carlos Caro,ALT,4,0.75,0.25,0,0,0.75,0.25,0,0.25
643565,Mike Tauchman,BNG,5,0.4,0.2,0.4,0,0.6,0.2,0.2,0.2
682657,Angel Martínez,AKR,8,0.25,0.125,0.375,0.25,0.625,0.125,0.25,0.375
694953,C.J. Pittaro,MID,7,0.7143,0,0.2857,0,0.2857,0.5714,0.1429,0
663853,Romy Gonzalez,POR,6,0.8333,0,0.1667,0,0.8333,0.1667,0,0.1667
669397,Nick Allen,CC,4,0.75,0.25,0,0,0.25,0.25,0.5,0
694204,Maikol Hernández,CHE,5,0.2,0.8,0,0,0.2,0.4,0.4,0.2
666971,Lourdes Gurriel Jr.,AMA,8,0.25,0.125,0.5,0.125,0.25,0,0.75,0.125
823703,Anthony Donofrio,ARK,4,0.75,0,0,0.25,0.5,0.25,0.25,0
826163,Carter Dorighi,ARK,5,0.6,0.2,0.2,0,0.2,0.6,0.2,0
694671,Wyatt Langford,FRI,3,0.6667,0,0.3333,0,0.6667,0.3333,0,0.3333
807999,David Guzman,NH,6,0.3333,0.3333,0,0.3333,0.1667,0.8333,0,0
650968,Yohel Pozo,CHE,8,0.75,0.125,0,0.125,0.125,0.25,0.625,0
675382,Andrew Sojka,ERI,4,0.5,0,0.5,0,0.5,0.25,0.25,0
680753,Adam Hackenberg,NH,4,0.5,0,0.5,0,0.5,0.5,0,0.25
694181,Carlos Colmenarez,MTG,4,0,1,0,0,0,0.75,0.25,0
804606,Konnor Griffin,ALT,3,0.3333,0.3333,0.3333,0,0.6667,0.3333,0,0.3333
695426,Spencer Bramwell,PNS,4,0,0.25,0.75,0,0,0.25,0.75,0
699228,Jakey Josepha,AMA,4,0.5,0.25,0.25,0,0.25,0.5,0.25,0
695578,James Wood,HBG,4,0.5,0.25,0.25,0,0.5,0,0.5,0
593871,Jorge Polanco,BNG,2,0,0.5,0.5,0,1,0,0,1
699166,Edgardo Ordonez,BLX,4,0.5,0.25,0.25,0,0.75,0.25,0,0.25
808067,Branny De Oleo,BNG,1,0,0,1,0,0,1,0,0
806212,Stone Russell,NWA,4,0.75,0,0,0.25,0,0,1,0
669701,Josh Smith,FRI,3,0.3333,0.3333,0.3333,0,0.3333,0.6667,0,0.3333
575929,Willson Contreras,POR,4,0.5,0.25,0.25,0,0.25,0.5,0.25,0
668901,Mark Vientos,BNG,2,0,0.5,0.5,0,0.5,0,0.5,0.5
695742,Hudson White,POR,3,0.3333,0.3333,0.3333,0,1,0,0,0.6667
821697,Reyli Mariano,TUL,3,0.3333,0.3333,0,0.3333,0.6667,0,0.3333,0.3333
677008,Heston Kjerstad,CHE,6,0.6667,0.3333,0,0,0.3333,0.5,0.1667,0
680977,Brendan Donovan,ARK,3,1,0,0,0,0.3333,0.3333,0.3333,0
694212,Samuel Basallo,CHE,3,0.3333,0,0.3333,0.3333,0.6667,0.3333,0,0
804560,Charles Davalan,TUL,5,0.4,0.4,0.2,0,0.8,0,0.2,0.4
808234,Eduardo Quintero,TUL,2,0.5,0,0.5,0,0,0.5,0.5,0
802528,Agustin Acosta,TUL,1,1,0,0,0,0,1,0,0
800179,Nolan Beltran,REA,2,0.5,0,0,0.5,0.5,0.5,0,0
800438,Andrés Nolaya,CHE,3,1,0,0,0,0,0.6667,0.3333,0
690448,Mike Jarvis,ALT,3,0,0,0.3333,0.6667,0.3333,0.3333,0.3333,0
663757,Trent Grisham,SOM,3,0,0.3333,0.3333,0.3333,0,1,0,0
806518,Guillermo Rosario,REA,2,0,0,1,0,0.5,0,0.5,0.5
805587,Drew Wyers,CC,4,0.25,0.5,0.25,0,0.5,0.5,0,0.5
671925,Matt Coutney,RCT,1,1,0,0,0,1,0,0,0
596019,Francisco Lindor,BNG,3,0.3333,0,0.6667,0,0,0.6667,0.3333,0
808118,Félix Amparo,CHE,2,0.5,0,0.5,0,0.5,0,0.5,0
685076,Jack Blomgren,FRI,2,0,0.5,0.5,0,0,0.5,0.5,0
805692,Ricson Gonzalez,NWA,3,1,0,0,0,0.3333,0.3333,0.3333,0
800348,Edwin Amparo,CHE,2,1,0,0,0,0.5,0.5,0,0
543760,Marcus Semien,BNG,2,0,0.5,0.5,0,0.5,0.5,0,0.5
694497,Evan Carter,FRI,2,0.5,0,0.5,0,1,0,0,0.5
681317,Jeremiah Boyd,AMA,1,0,0,0,1,1,0,0,0
836276,August Cuneo,CC,0,,,,,,,,
701816,John Cristino,SOM,0,,,,,,,,
621438,Tyrone Taylor,BNG,3,0,0.3333,0.6667,0,0.3333,0.3333,0.3333,0.3333
694388,Joey Loperfido,CC,0,,,,,,,,
702632,Michael Gupton,KNX,2,0.5,0,0,0.5,0.5,0,0.5,0
641857,Ryan McMahon,SOM,1,1,0,0,0,1,0,0,0
681974,Onix Vega,BNG,3,0.3333,0.3333,0.3333,0,0.3333,0.6667,0,0.3333
805145,Jake Bold,SA,2,0,0.5,0,0.5,0,0.5,0.5,0
666931,Jared Oliva,MTG,0,,,,,,,,
816111,Tate Southisene,COL,0,,,,,,,,
830412,Renyel Campos,NH,0,,,,,,,,
827412,Gabriel Flores,REA,1,0,1,0,0,1,0,0,1
829702,Edgardo Figueroa,HBG,1,0,1,0,0,0,1,0,0
808233,Alfredo Rodriguez,MTG,1,1,0,0,0,0,0,1,0
683176,Nate Rombach,HBG,1,1,0,0,0,0,1,0,0
694294,Colton Vincent,SA,1,0,1,0,0,1,0,0,1