Name,Team,WPA,-WPA,+WPA,RE24,REW,pLI,inLI,gmLI,exLI,Pulls,WPA/LI,Clutch,SD,MD,NameASCII,PlayerId,MLBAMID
"Brent Headrick","NYY",2.531172275543213,-3.5299978256225586,6.0611701011657715,21.347999572753906,2.213834762573242,1.234925627708435,1.1347906589508057,1.3837299346923828,1.270211100578308,54,1.2651079893112183,0.784547648850678,24,5,"Brent Headrick",27702,687396
"Dylan Lee","ATL",2.3860223293304443,-3.1407251358032227,5.526747226715088,17.187999725341797,1.7299726009368896,1.3526109457015991,1.308438777923584,1.4577854871749878,1.1762263774871826,53,2.115875005722046,-0.3518627175523572,25,5,"Dylan Lee",19996,669276
"Sean Newcomb","CHW",2.2528884410858154,-4.280378341674805,6.533266544342041,13.696000099182129,1.392960548400879,1.421148657798767,1.1980078220367432,1.4719268083572388,1.3395886421203613,35,0.9606761336326599,0.624582684100975,16,4,"Sean Newcomb",16943,656794
"Jacob Latz","TEX",2.1488780975341797,-4.176782131195068,6.325660228729248,9.420000076293945,0.9513007402420044,1.7656211853027344,1.7891333103179932,1.7963268756866455,1.948533296585083,9,1.7064385414123535,-0.4893722106378211,23,5,"Jacob Latz",21306,656641
"Tanner Scott","LAD",1.883188009262085,-3.9465980529785156,5.8297858238220215,7.7820000648498535,0.7958353757858276,1.5893311500549316,1.5469383001327515,1.6443519592285156,1.2033333778381348,27,0.963704526424408,0.2211888856231674,24,7,"Tanner Scott",17586,656945
"Daniel Lynch IV","KCR",1.7950328588485718,-2.6907620429992676,4.485795021057129,10.901999473571777,1.0662329196929932,1.24867844581604,1.2917762994766235,1.4123477935791016,1.410131812095642,44,1.3267518281936646,0.11079429496014437,21,5,"Daniel Lynch IV",21537,663738
"Brock Burke","CIN",1.7385540008544922,-4.024673938751221,5.763227939605713,7.941000461578369,0.7711370587348938,1.290412187576294,1.0770394802093506,1.180896520614624,1.0648127794265747,47,0.44051381945610046,0.9067719684439015,21,6,"Brock Burke",17968,656271
"Aroldis Chapman","BOS",1.7100499868392944,-5.164006233215332,6.874055862426758,8.963000297546387,0.9488191604614258,2.296267032623291,1.9387750625610352,1.9520950317382812,2.882575035095215,8,0.3603886067867279,0.384320071491733,24,5,"Aroldis Chapman",10233,547973
"Adrian Morejon","SDP",1.6529351472854614,-6.0967817306518555,7.7497172355651855,5.593999862670898,0.643667995929718,1.6430776119232178,1.5900155305862427,1.8256258964538574,1.6164000034332275,47,0.8480750322341919,0.15792440156656773,30,12,"Adrian Morejon",20039,670970
"Ian Seymour","TBR",1.6522222757339478,-3.108140230178833,4.760362148284912,4.564000129699707,0.4482576549053192,1.2221475839614868,1.1017487049102783,1.3228620290756226,1.8639999628067017,23,0.7424508333206177,0.6094499497079022,12,2,"Ian Seymour",27932,693855
"Alex Vesia","LAD",1.4101121425628662,-3.0972418785095215,4.507354259490967,11.34999942779541,1.16420578956604,1.5119872093200684,1.0210235118865967,1.3591960668563843,1.360654592514038,44,0.9814766645431519,-0.04885492418002724,13,6,"Alex Vesia",25007,681911
"Steven Okert","HOU",1.3682502508163452,-3.206848621368408,4.575098991394043,13.265999794006348,1.3538753986358643,1.067768931388855,1.063297152519226,1.2037856578826904,1.1907672882080078,55,1.3936996459960938,-0.11228921102806,22,6,"Steven Okert",13580,595345
"Mason Montgomery","PIT",1.2698999643325806,-3.780900239944458,5.050800323486328,5.934000492095947,0.6368640661239624,1.5564911365509033,1.3375033140182495,1.5786857604980469,1.481483817100525,31,0.6031445860862732,0.21272897368651633,19,6,"Mason Montgomery",29770,682254
"John King","MIA",1.2325584888458252,-1.5996731519699097,2.8322315216064453,12.770999908447266,1.294358253479004,0.7242245674133301,0.7522152662277222,0.9365174174308777,0.8703882098197937,34,0.9364501237869263,0.7654508394019934,12,4,"John King",22051,667463
"Gregory Soto","PIT",1.1827219724655151,-6.3920416831970215,7.574763774871826,3.1490001678466797,0.337583065032959,2.0363619327545166,1.7329424619674683,1.8401836156845093,1.5550880432128906,25,0.7615482807159424,-0.18074682619960902,25,6,"Gregory Soto",19677,642397
"Brandyn Garcia","ARI",1.0822244882583618,-1.7646903991699219,2.846914768218994,10.986000061035156,1.1734187602996826,1.1063040494918823,0.9912745952606201,1.3291436433792114,1.1145931482315063,29,0.9374569654464722,0.040777262978724305,12,4,"Brandyn Garcia",33568,805299
"Garrett Cleavinger","TBR",1.042768120765686,-3.097491979598999,4.140260219573975,7.7729997634887695,0.748053789138794,1.4927135705947876,1.1970674991607666,1.541614294052124,1.5926789045333862,38,0.24785488843917847,0.45071725648356376,15,8,"Garrett Cleavinger",17897,664076
"Dylan Dodd","ATL",0.9886282682418823,-1.372022032737732,2.3606503009796143,11.14900016784668,1.1298682689666748,0.8913739323616028,1.0225363969802856,1.308806300163269,1.318921446800232,28,0.7839321494102478,0.32517395337044963,14,5,"Dylan Dodd",29928,689266
"Hogan Harris","ATH",0.742533266544342,-4.9743266105651855,5.716859817504883,2.3809995651245117,0.2867390513420105,1.4028542041778564,1.1611357927322388,1.4711629152297974,1.566713571548462,37,-0.1221456378698349,0.6514474458075344,17,8,"Hogan Harris",21520,663687
"Kody Funderburk","MIN",0.6814302802085876,-2.081738233566284,2.7631683349609375,7.520999908447266,0.7770631909370422,1.0218349695205688,0.8968083262443542,1.047789216041565,1.129372239112854,36,0.5338749885559082,0.13299422274961747,9,2,"Kody Funderburk",24993,681892
"Gabe Speier","SEA",0.5938238501548767,-2.6969618797302246,3.290785789489746,6.505999565124512,0.7101393938064575,1.3851861953735352,1.2244747877120972,1.3880054950714111,1.3582515716552734,31,0.1889352947473526,0.2397607550243127,11,7,"Gabe Speier",17170,642100
"JoJo Romero","STL",0.5673701763153076,-5.159388065338135,5.726758003234863,4.627999782562256,0.5092936158180237,1.730046272277832,1.4807300567626953,1.6924272775650024,1.6506949663162231,40,0.13991132378578186,0.1880395440070724,19,11,"JoJo Romero",19574,668941
"Brooks Raley","- - -",0.5653920471668243,-4.1678749322891235,4.733266860246658,7.45099949836731,0.7481405436992645,1.5143729834943205,1.3418238747794673,1.561451052097564,1.4854047298431396,42,0.6297289133071899,-0.25637832310964315,20,10,"Brooks Raley",10061,548384
"Jovani Morán","BOS",0.4727639853954315,-1.3186019659042358,1.7913659811019897,12.057999610900879,1.1921827793121338,0.5505611300468445,0.5870413184165955,0.66999351978302,0.9079833030700684,24,1.063786268234253,-0.20509145744147794,8,2,"Jovani Moran",20422,663558
"Erik Miller","- - -",0.458526074886322,-2.6847399920225143,3.143265888094902,3.2519997358322144,0.28106892108917236,1.1636727578712232,1.0155708715319633,1.1328550040721894,1.3281310282904526,29,0.4194893017411232,-0.025455780044584153,12,6,"Erik Miller",26252,669062
"Bryan Hudson","CHW",0.43962159752845764,-4.171115398406982,4.610736846923828,2.560999631881714,0.26287195086479187,1.463797926902771,1.3404120206832886,1.6412091255187988,1.2949657440185547,35,0.38563746213912964,-0.08530803179306634,15,9,"Bryan Hudson",19924,663542
"Cionel Pérez","- - -",0.43568819761276245,-2.2280076444149017,2.6636959314346313,-2.159000426530838,-0.20461740344762802,0.8040435790349652,0.7797823190689087,0.8656823652632096,1.2106740827913638,27,0.12962893396615982,0.41224243839861574,10,3,"Cionel Perez",19614,672335
"Taylor Rogers","MIN",0.4335295557975769,-3.8938472270965576,4.327376842498779,-1.1039998531341553,-0.08865297585725784,1.2457566261291504,1.0978580713272095,1.4186807870864868,1.2337610721588135,36,-0.5238978266716003,0.8719028436263582,16,9,"Taylor Rogers",13449,573124
"Cade Gibson","MIA",0.4158240854740143,-1.4797019958496094,1.8955260515213013,-1.8879998922348022,-0.12220090627670288,0.7011033296585083,0.7579891085624695,0.8197629451751709,1.0544700622558594,20,-0.04028698056936264,0.6333865536045569,6,3,"Cade Gibson",31815,806188
"Yuki Matsui","SDP",0.388694167137146,-2.199798822402954,2.5884928703308105,13.824999809265137,1.416247010231018,0.7832081913948059,0.7391367554664612,0.9495394229888916,0.7788714170455933,28,0.09255947917699814,0.4037251248500937,7,4,"Yuki Matsui",33826,673513
"Tyler Alexander","TEX",0.37619203329086304,-3.186105966567993,3.562298059463501,6.299999713897705,0.6572799682617188,1.0568088293075562,0.9464834928512573,1.1646791696548462,1.3739081621170044,37,0.4233633279800415,-0.06739352260156817,10,8,"Tyler Alexander",17735,641302
"Hoby Milner","CHC",0.3240077495574951,-2.104602336883545,2.42861008644104,1.7990000247955322,0.1809418946504593,0.9370610117912292,0.8467119932174683,1.0595736503601074,1.1941806077957153,31,0.38769254088401794,-0.04192236639117308,8,3,"Hoby Milner",13346,571948
"Mason Fluharty","TOR",0.31979021430015564,-2.870150089263916,3.1899402141571045,-3.6559996604919434,-0.38142192363739014,0.9773604273796082,0.8918916583061218,1.1032137870788574,1.2580509185791016,51,-0.06604696065187454,0.393244794062771,11,14,"Mason Fluharty",31553,689254
"Jack Dreyer","LAD",0.31756025552749634,-2.630929946899414,2.9484901428222656,9.566999435424805,0.9402475953102112,0.8519229888916016,0.7993627190589905,0.9951786994934082,0.9308705925941467,34,1.1646754741668701,-0.7919184765647047,11,9,"Jack Dreyer",30249,676263
"Erik Sabrowski","CLE",0.2757960259914398,-3.7674560546875,4.043251991271973,0.7229996919631958,0.06189226359128952,1.7211874723434448,1.27329421043396,1.6149238348007202,1.5154051780700684,39,0.18242256343364716,-0.022186662102146176,15,10,"Erik Sabrowski",24978,681870
"Brennan Bernardino","COL",0.2164621204137802,-4.297614097595215,4.514076232910156,12.90999984741211,1.185725212097168,1.3799365758895874,1.047363519668579,1.2800301313400269,1.4847956895828247,46,1.0300235748291016,-0.873159756450901,12,9,"Brennan Bernardino",16835,657514
"Bryan King","HOU",0.14006613194942474,-5.950197696685791,6.090263843536377,0.10399999469518661,0.001901683397591114,1.798178791999817,1.622545599937439,1.7644435167312622,1.7414363622665405,33,0.20695577561855316,-0.12906244678351983,19,9,"Bryan King",25890,687911
"David Peterson","NYM",0.023868119344115257,-1.6701198816299438,1.6939879655838013,-3.1810004711151123,-0.33955147862434387,0.6856071949005127,0.627739429473877,0.6185250282287598,1.2031000852584839,6,-0.24639153480529785,0.2812046457551891,2,3,"David Peterson",20302,656849
"DL Hall","MIL",0.016636256128549576,-1.445199966430664,1.4618362188339233,5.028000354766846,0.5327019691467285,0.5913827419281006,0.5644245743751526,0.7980615496635437,0.8192899823188782,20,0.08683523535728455,-0.058704120008348334,4,6,"DL Hall",22207,669084
"Tim Hill","NYY",-0.029110027477145195,-3.6705379486083984,3.641427993774414,2.4779999256134033,0.2617780864238739,1.1532292366027832,0.9849818348884583,1.2476845979690552,1.1458532810211182,45,-0.06203605234622955,0.036793865837935355,17,11,"Tim Hill",16814,657612
"Ryan Rolison","CHC",-0.03715195879340172,-3.025250196456909,2.98809814453125,8.848999977111816,0.9023672938346863,0.9934400320053101,0.8491961359977722,1.104738473892212,1.093584656715393,26,0.9549703598022461,-0.9923676435803204,8,6,"Ryan Rolison",22200,669020
"Grant Wolfram","BAL",-0.03824593126773834,-3.027708053588867,2.98946213722229,-3.8580000400543213,-0.4450811743736267,1.2311184406280518,1.0417163372039795,1.159972071647644,1.383589506149292,38,-0.1727873682975769,0.1417213635935719,11,10,"Grant Wolfram",21623,664991
"José Alvarado","PHI",-0.07878574728965759,-4.646467208862305,4.567681789398193,-8.769999504089355,-0.8653261065483093,1.2927021980285645,1.0316228866577148,1.139639973640442,1.3849999904632568,46,-0.15520821511745453,0.09426165881871086,14,8,"Jose Alvarado",17780,621237
"Caleb Thielbar","CHC",-0.11941400170326233,-3.9053900241851807,3.7859761714935303,-0.2279999852180481,-0.047950614243745804,1.3776565790176392,1.1533875465393066,1.3332428932189941,1.364400029182434,35,-0.21343781054019928,0.1267587328063184,12,10,"Caleb Thielbar",10078,573204
"Sean Manaea","NYM",-0.1293998807668686,-1.8730242252349854,1.743624210357666,-8.522000312805176,-0.8534078598022461,0.5822120308876038,0.6310067176818848,0.9326000213623047,1.2431750297546387,8,-0.3554425835609436,0.13318698954720656,4,3,"Sean Manaea",15873,640455
"Aaron Ashby","MIL",-0.14171354472637177,-6.833835601806641,6.692121982574463,1.2499994039535522,0.14726056158542633,1.384361743927002,1.1877648830413818,1.3257735967636108,1.4740166664123535,48,0.25162848830223083,-0.3539959116639706,20,10,"Aaron Ashby",23550,676879
"Enmanuel De Jesus","DET",-0.1725139319896698,-1.1631639003753662,0.990649938583374,1.6749999523162842,0.15981996059417725,0.3545204997062683,0.4147989749908447,0.414900004863739,0.6262000203132629,11,0.22064253687858582,-0.7072545441746467,2,3,"Enmanuel De Jesus",18554,646241
"Justin Bruihl","STL",-0.18056248128414154,-3.3794033527374268,3.198841094970703,-2.738999843597412,-0.24929650127887726,0.7785341143608093,0.698271632194519,0.9450588226318359,1.013244390487671,45,-0.2197824865579605,-0.01214374243251426,13,13,"Justin Bruihl",23779,677865
"José A. Ferrer","SEA",-0.1949118971824646,-4.765924453735352,4.571012496948242,1.211999773979187,0.14011463522911072,1.36387038230896,1.062430500984192,1.2191922664642334,1.056795597076416,45,0.22477708756923676,-0.3676879533748928,17,12,"Jose A. Ferrer",24017,678606
"Tyler Holton","DET",-0.35757994651794434,-3.733098268508911,3.375518321990967,3.9629998207092285,0.42167168855667114,0.8747813105583191,0.865471363067627,1.0493173599243164,0.8214684128761292,38,0.32037854194641113,-0.7291435009162399,14,9,"Tyler Holton",26231,663947
"Mitch Farris","LAA",-0.42461591958999634,-3.113502025604248,2.6888861656188965,-0.2990005612373352,-0.051230013370513916,0.7452130317687988,0.6582044959068298,0.7579538226127625,0.9313647150993347,17,-0.15286844968795776,-0.41692287371677406,5,4,"Mitch Farris",33628,815083
"Anthony Banda","MIN",-0.45192787051200867,-3.429905891418457,2.977978229522705,-4.815999984741211,-0.5150993466377258,1.1468390226364136,1.1450611352920532,1.347933292388916,1.2544000148773193,34,-0.21091045439243317,-0.18315345657659998,11,7,"Anthony Banda",14706,607455
"Kyle Hart","SDP",-0.5079640746116638,-2.6516458988189697,2.143681764602661,-3.079000234603882,-0.3286241292953491,0.9286913275718689,0.8343849182128906,1.0705922842025757,1.138266682624817,21,0.2641702890396118,-0.8111378976849654,7,4,"Kyle Hart",19646,606996
"Brent Suter","- - -",-0.5642519094981253,-2.3487372854724526,1.7844851966947317,-2.938000664114952,-0.33859206549823284,0.3788824948819231,0.44419133018201856,0.5773743486557251,0.8955749869346619,24,0.1547434851527214,-1.6439965309393094,3,6,"Brent Suter",13942,608718
"Ryan Yarbrough","NYY",-0.5772038102149963,-1.3340460062026978,0.7568421959877014,-3.183000087738037,-0.32725709676742554,0.30673402547836304,0.37622004747390747,0.5302444696426392,0.8601636290550232,11,0.15444110333919525,-2.036214112756151,0,5,"Ryan Yarbrough",16502,642232
"Tim Herrin","CLE",-0.6743958592414856,-3.9274120330810547,3.253016233444214,-1.5750001668930054,-0.14162400364875793,1.2360374927520752,0.9882737994194031,1.3233872652053833,1.2179299592971802,40,-0.21954844892024994,-0.32606271837526846,10,11,"Tim Herrin",25139,682120
"José Suarez","- - -",-0.7292058989405632,-2.9910549810156226,2.2618490513414145,-5.907999873161316,-0.5878305062651634,0.546734980493784,0.5679768662131022,0.8126307662862998,0.501368008852005,25,-0.10599474981427193,-1.2277518092260524,4,6,"Jose Suarez",19911,660761
"Evan Sisk","PIT",-0.7925938963890076,-2.836519956588745,2.0439260005950928,5.354000091552734,0.5292306542396545,0.7086314558982849,0.7242310047149658,0.8421705961227417,0.8739928603172302,28,0.4017215669155121,-1.5202069090377992,3,6,"Evan Sisk",24995,681895
"Tim Mayza","PHI",-0.8215879201889038,-2.640807867050171,1.8192200660705566,1.3109995126724243,0.09277904033660889,0.6107622385025024,0.501885712146759,0.7350333333015442,0.6279687285423279,32,0.48083341121673584,-1.8260179501353735,3,7,"Tim Mayza",15042,641835
"Sam Moll","CIN",-1.0348478555679321,-4.187446117401123,3.1525981426239014,0.6529998779296875,0.07841070741415024,1.0160703659057617,0.8504193425178528,1.109318494796753,0.9360204339027405,49,0.013843949884176254,-1.032324451129217,12,13,"Sam Moll",14874,594580
"Wandy Peralta","SDP",-1.1708619594573975,-3.560364007949829,2.3895020484924316,5.310999870300293,0.5779988169670105,0.6021538972854614,0.5515527129173279,0.7371208071708679,0.6216999888420105,32,0.03703827038407326,-1.9814946041148673,3,7,"Wandy Peralta",14295,593974
"Matt Strahm","KCR",-1.8718819618225098,-5.326702117919922,3.454820156097412,-12.619999885559082,-1.2788487672805786,1.2582790851593018,1.2532463073730469,1.4100439548492432,1.5881999731063843,37,-1.180482268333435,-0.3071701800782971,14,11,"Matt Strahm",13799,621381
"Mitchell Parker","WSN",-2.2257137298583984,-5.583069801330566,3.357356309890747,-11.734000205993652,-1.2137125730514526,1.2482751607894897,1.1300361156463623,1.2057181596755981,1.7842315435409546,19,-0.9712373614311218,-0.8117939763475723,6,9,"Mitchell Parker",27636,680730