Name,Team,IP,Stf+ FA,Stf+ SI,Stf+ FC,Stf+ FS,Stf+ SL,Stf+ CU,Stf+ CH,Stf+ KC,Stf+ FO,Stuff+,Location+,Pitching+,NameASCII,PlayerId,MLBAMID
"Adrian Morejon","SDP",62.1,126.71500000000002,129.62663656884877,,,126.88169491525423,,130.81440000000003,,,128.94622448979595,106.58677551020406,133.27836734693878,"Adrian Morejon",20039,670970
"Aroldis Chapman","BOS",38.2,106.31210526315787,114.8308597285068,,139.35969696969698,127.69381818181817,,,,,116.515456,108.63203199999997,121.77174399999997,"Aroldis Chapman",10233,547973
"Tanner Scott","LAD",46.2,118.42631921824108,,,,121.74935828877005,,,,,120.25952871870405,105.83961708394696,120.75620029455084,"Tanner Scott",17586,656945
"Steven Okert","HOU",56.2,93.348132780083,91.63909090909092,,,125.46267123287664,,76.25,,,114.78565517241378,106.38190804597706,117.17059770114942,"Steven Okert",13580,595345
"José Alvarado","PHI",43.2,111.98470588235296,117.73575187969927,113.39532374100719,,,151.0961538461538,,,,117.10676850763807,94.4978848413631,116.0259224441833,"Jose Alvarado",17780,621237
"Brandyn Garcia","ARI",33,,104.27794392523366,91.46774193548387,,143.00862068965515,,,,,115.81912500000004,101.79687500000003,114.8345833333333,"Brandyn Garcia",33568,805299
"Aaron Ashby","MIL",62.1,87.35769230769232,119.68820069204148,,,133.5533757961783,118.27372727272724,115.00496,,,119.86838301716352,92.13214092140925,114.82162601626018,"Aaron Ashby",23550,676879
"Tim Hill","NYY",43.2,102.04153846153847,131.5270325203252,,,106.9277777777778,,,,,126.83417085427129,93.25658291457289,114.77993299832492,"Tim Hill",16814,657612
"Tim Mayza","PHI",47,83.33021276595747,101.57345454545454,,92.41578947368421,94.64181069958846,,,,,97.90351206434325,114.06498659517423,113.98627345844501,"Tim Mayza",15042,641835
"Mason Montgomery","PIT",41,109.15123425692694,105.59086419753088,,,114.29212121212122,121.77486238532113,80.58476190476189,,,110.74541271989173,103.33983761840322,113.80135317997298,"Mason Montgomery",29770,682254
"José A. Ferrer","SEA",46.2,91,126.58605607476638,,,135.39454545454544,,120.00562499999997,,,126.42508021390378,91.1733422459893,113.42195187165777,"Jose A. Ferrer",24017,678606
"Dylan Lee","ATL",53.1,116.45338842975207,,,,118.06640552995394,,92.04546762589926,,,113.19168511685113,100.82821648216482,111.39581795817962,"Dylan Lee",19996,669276
"Caleb Thielbar","CHC",35.2,104.56960629921257,,,,115.15232227488146,126.1859880239521,,,,113.79807266982624,101.71289099526061,110.28549763033179,"Caleb Thielbar",10078,573204
"Gabe Speier","SEA",30,114.88663043478263,109.55418439716313,,,112.11593984962406,,87.84,,,112.36789473684209,101.60447368421055,109.88504385964907,"Gabe Speier",17170,642100
"Jacob Latz","TEX",49,117.30710784313726,,,,106.65107913669065,119.86852459016391,105.34347222222223,,,113.2078029294274,100.66021304926764,109.69195739014644,"Jacob Latz",21306,656641
"JoJo Romero","STL",43,117.46857142857142,106.18805031446544,,,117.45248447204968,,93.35224806201549,,,108.83389743589738,99.81599999999997,109.404358974359,"JoJo Romero",19574,668941
"Mason Fluharty","TOR",42.1,,,107.1124712643678,,109.44167741935483,,95.0777777777778,,,106.90740331491718,100.33966850828725,108.59229281767955,"Mason Fluharty",31553,689254
"Cionel Pérez","- - -",39.2,90.31507042253523,110.91167512690355,,,,108.82449750747756,,,,105.65911894521564,102.26091077623153,108.26077456129066,"Cionel Perez",19614,672335
"Erik Miller","- - -",35,99.8351724137931,121.76768729641691,,,116.31341530971967,,101.05028571428569,,,116.70613779725356,91.47509699118007,108.15553463771346,"Erik Miller",26252,669062
"Enmanuel De Jesus","DET",37.2,108.35529411764705,102.87257142857145,117.27699999999999,,92.22615384615386,,89.11453125000001,,,104.01846938775505,106.28700680272111,107.94833333333331,"Enmanuel De Jesus",18554,646241
"Jack Dreyer","LAD",46,109.51136904761903,,,,99.54064748201439,101.62181818181821,,,,104.51146036161336,103.2934909596662,107.69154381084842,"Jack Dreyer",30249,676263
"Kyle Hart","SDP",37.2,101.81714285714288,102.21631901840487,,110.75612403100773,108.67755555555554,,,,,106.71271241830068,99.77336601307192,107.34251633986929,"Kyle Hart",19646,606996
"Alex Vesia","LAD",39.2,124.74026178010473,,,,105.79777777777775,,105.54830188679246,,,115.79306518723997,91.7288765603329,107.09472954230242,"Alex Vesia",25007,681911
"Dylan Dodd","ATL",35.2,116.18,112.1985465116279,96.51538461538459,,120.56882352941177,,,,,107.59268817204301,104.23577060931896,107.08222222222223,"Dylan Dodd",29928,689266
"Daniel Lynch IV","KCR",46,100.4504854368932,112.80716417910452,,,113.85012500000002,,99.57889570552145,90.11565217391303,,106.40154992548436,96.76378539493291,106.45260804768999,"Daniel Lynch IV",21537,663738
"Grant Wolfram","BAL",34.1,91.70362204724408,111.91426160337555,95.84666666666668,,124.57257142857145,118.58047619047619,,,,111.25461538461542,97.60227424749174,106.02501672240803,"Grant Wolfram",21623,664991
"Ryan Rolison","CHC",42.2,94.25619718309859,110.24830188679243,,,109.29656565656568,104.04451612903225,88.18444444444444,,,101.83462686567162,103.20119402985078,105.49979104477612,"Ryan Rolison",22200,669020
"Wandy Peralta","SDP",56,100.25681818181816,98.33232492997199,,,98.00134228187916,,105.9342946708464,,,100.7658142076503,103.76327868852457,104.66054644808742,"Wandy Peralta",14295,593974
"Justin Bruihl","STL",56,116.58555555555556,103.92705336426917,84.39666666666666,,100.23900552486191,,88.98774193548384,,,101.49731937172773,103.0184293193717,104.41591623036649,"Justin Bruihl",23779,677865
"Garrett Cleavinger","TBR",35.2,106.35590909090907,97.56421686746987,,,115.34890756302516,,,,,109.22183306055645,93.54075286415717,104.26880523731595,"Garrett Cleavinger",17897,664076
"Tyler Alexander","TEX",45.2,109.90084745762708,104.45958333333333,93.22277108433735,,107.97966666666669,,87.89096045197738,,,99.30529085872575,106.67861495844876,103.75409972299165,"Tyler Alexander",17735,641302
"Bryan King","HOU",48.1,96.96732758620692,99.34294736842105,,,103.56430493273542,,84.49555555555555,,,98.99475285171101,105.93883396704686,102.52022813688211,"Bryan King",25890,687911
"Hoby Milner","CHC",35.2,114.25846153846153,109.46669456066942,,,107.59625,,85.42786516853933,,,105.46299823633156,99.73128747795415,102.38370370370374,"Hoby Milner",13346,571948
"Cade Gibson","MIA",31,79.87599999999999,97.01718518518518,,,111.71130081300812,108.99937984496128,93.367027027027,,,105.51618538324419,97.33985739750443,101.5161497326203,"Cade Gibson",31815,806188
"Sean Newcomb","CHW",59,99.46707602339181,104.50822429906543,93.7546666666667,,,115.69271604938271,82.52137931034483,,,105.64608695652174,97.04797826086956,101.28330434782602,"Sean Newcomb",16943,656794
"Brent Suter","- - -",59.2,98.34968503937009,94.78876971608834,,,101.05329197080293,,105.28697674418602,,,99.64171027865673,106.74604287026642,100.88207112381342,"Brent Suter",13942,608718
"Brooks Raley","- - -",43.1,,93.93166666666667,96.63790575916231,,134.44935972138506,,92.98481927710843,,,109.8295350996215,91.21805898735991,99.65215368135405,"Brooks Raley",10061,548384
"Erik Sabrowski","CLE",31.2,112.34407310704962,,,,103.43617647058822,106.67478260869564,,,,110.11695035460995,91.6641134751773,99.48765957446815,"Erik Sabrowski",24978,681870
"Brent Headrick","NYY",59.1,101.17655480984337,107.74106382978725,,106.78842105263158,105.92293159609119,,,,,103.87184381778744,96.93067245119305,99.0353579175705,"Brent Headrick",27702,687396
"Gregory Soto","PIT",48.2,111.08129032258066,104.53159609120523,,90.36,120.25795275590549,,,,,112.83442193087012,90.64524433849832,98.56495828367102,"Gregory Soto",19677,642397
"Ian Seymour","TBR",49.2,105.9794680851064,92.89575757575756,91.84727272727274,,123.47617224880383,119.66000000000001,93.1841568627451,,,104.24350877192981,95.65751879699252,98.2489724310777,"Ian Seymour",27932,693855
"Matt Strahm","KCR",35.2,112.0908943089431,102.92717391304348,76.29086956521738,,105.48181818181818,,88.78333333333333,,,103.81532591414944,94.99399046104928,98.20378378378379,"Matt Strahm",13799,621381
"Hogan Harris","ATH",51,103.85224137931036,,87.95384615384616,,114.822962962963,102.75315589353613,104.26083333333332,,,104.3001017293998,95.86111902339779,98.11906408952191,"Hogan Harris",21520,663687
"Tyler Holton","DET",50.1,90.28268041237118,108.70689189189191,97.67110204081634,,115.12208,128.35944444444442,84.27567164179105,,,100.73399229781775,96.4182284980744,97.15275994865212,"Tyler Holton",26231,663947
"Taylor Rogers","MIN",40.2,,100.33687272727275,92.34903225806451,,113.37532967032969,,,,,105.8756927297668,96.14836762688616,97.12521262002737,"Taylor Rogers",13449,573124
"Bryan Hudson","CHW",41.2,109.85762931034483,95.66761904761904,94.00727272727272,,106.28494736842102,,,,,107.84694167852071,91.34036984352771,96.9532290184922,"Bryan Hudson",19924,663542
"Brock Burke","CIN",56,100.37005494505496,109.9104347826087,,,106.61501945525289,,112.23499999999999,,,105.39583238958093,90.91442808607023,96.46190260475657,"Brock Burke",17968,656271
"Mitchell Parker","WSN",39.2,86.8854867256637,,,146.26,98.3575,102.65242718446602,,,,95.40479514415782,101.72610015174507,96.27890743550836,"Mitchell Parker",27636,680730
"Sam Moll","CIN",46.1,121.75106382978727,99.9354740061162,,,103.345047318612,,93.84641791044774,,,102.59921478060049,92.17087759815237,96.23157043879908,"Sam Moll",14874,594580
"Ryan Yarbrough","NYY",41.1,93.82400000000001,95.85978260869565,87.78,,125.54043478260867,,97.08028169014084,,,99.5699853157122,99.23242290748902,96.01779735682814,"Ryan Yarbrough",16502,642232
"José Suarez","- - -",53.1,92.26150724637681,94.67662337662337,83.34,,94.18754044461048,,101.82199095022627,,,95.27066174756987,99.17617179516485,95.42505532178522,"Jose Suarez",19911,660761
"Sean Manaea","NYM",43,95.81550173010379,95.13111111111111,95.49,,120.18775,,84.5845,,,102.66627604166668,96.13632812499998,94.75200520833334,"Sean Manaea",15873,640455
"David Peterson","NYM",30.2,82.50631578947369,103.99511111111111,,,85.56925373134328,89.00983050847458,88.82043478260869,,,90.67348360655738,99.56065573770495,94.59331967213116,"David Peterson",20302,656849
"DL Hall","MIL",31.2,93.2118918918919,105.29588516746409,84.07333333333334,,114.57434343434343,98.59731707317071,90.78694736842107,,,101.8704424778762,91.56527433628318,94.45805309734514,"DL Hall",22207,669084
"Brennan Bernardino","COL",46.1,98.49350000000001,90.66128571428568,83.25704545454545,,118.80199999999998,96.29196652719664,76.10431372549019,,,91.47793493635083,105.55649222065061,94.33278642149929,"Brennan Bernardino",16835,657514
"John King","MIA",45.1,74.42,95.8270050761421,,,100.61972477064216,85.84405405405404,85.43629032258062,,,93.93919484702097,98.2238647342995,92.98135265700483,"John King",22051,667463
"Yuki Matsui","SDP",45,96.23503597122304,92.72200000000001,,115.16734042553189,102.61217391304349,,,,,103.11856756756755,88.54810810810814,91.93467567567569,"Yuki Matsui",33826,673513
"Anthony Banda","MIN",34.1,99.0986075949367,101.48432098765431,,,109.40522088353418,,89.85384615384616,,,103.38733224222582,88.6755155482815,91.8330278232406,"Anthony Banda",14706,607455
"Evan Sisk","PIT",39,97.0285,98.25893719806766,,,129.95516666666666,109.04656084656087,91.24451612903229,,,105.81201149425286,85.52293103448277,90.81701149425287,"Evan Sisk",24995,681895
"Jovani Morán","BOS",44,94.52987755102038,99.23363636363636,94.9532584269663,,115.95354838709677,81.32,103.64370370370372,,,99.25533026113676,90.05815668202763,90.81247311827953,"Jovani Moran",20422,663558
"Kody Funderburk","MIN",36,,106.28803827751196,95.59113402061855,,107.75025641025641,,89.90125000000002,,,102.27601362862008,85.11475298126068,88.98143100511076,"Kody Funderburk",24993,681892
"Tim Herrin","CLE",37.2,83.7017142857143,108.15545454545453,,,100.32399999999998,106.52715789473687,92.225,,,100.24349157733535,87.21895865237366,88.10284839203678,"Tim Herrin",25139,682120
"Mitch Farris","LAA",47.1,86.185027027027,,77.04132075471699,,91.73695652173915,,115.08593750000004,,,92.90902116402115,86.71875661375664,78.76679894179895,"Mitch Farris",33628,815083