Name,Team,W,L,SV,G,GS,IP,K/9,BB/9,HR/9,BABIP,LOB%,GB%,HR/FB,vFA (pi),ERA,xERA,FIP,xFIP,WAR,NameASCII,PlayerId,MLBAMID
"Emmet Sheehan","LAD",1,0,0,2,2,11.2,11.571429202021418,1.5428572269361893,0.7714286134680947,0.16666666666666666,1,0.52,0.09090909,94.05942170516305,0.7714286134680947,1.6439162260282696,2.1532047030390498,2.460506991679742,0.5109352537648696,"Emmet Sheehan",29839,686218
"Nick Martinez","TBR",3,1,0,6,6,35.2,6.308411327405044,0.7570093592886052,1.261682265481009,0.20202020202020202,0.85714286,0.378640776,0.102040816,92.9465549416738,2.523364530962018,1.887702557344427,3.7689591055343703,4.0179169657906435,0.7154215578917554,"Nick Martinez",12730,607259
"Hunter Brown","HOU",3,0,0,6,6,33.1,12.960000494384785,2.9700001132965133,0.540000020599366,0.37333333333333335,0.81151832,0.61038961,0.095238095,96.03342664563978,2.430000092697147,2.148767017063628,1.986061854934691,2.155941106726092,1.3421303193825858,"Hunter Brown",25880,686613
"Blake Snell","LAD",3,0,0,5,5,23.2,12.169014411416239,3.802817003567575,0,0.29411764705882354,0.92307692,0.4,0,95.64950035358298,0.7605634007135149,2.150439107141681,1.786202707160112,3.1240608350877745,1.0742242139742,"Blake Snell",13543,605483
"Brayan Bello","BOS",1,0,0,2,2,13,12.461538461538462,1.3846153846153846,0.6923076923076923,0.27586206896551724,1,0.535714285,0.111111111,96.6998603634718,0.6923076923076923,2.1926535298433905,2.0191388203547556,2.062962166850384,0.5175489738389564,"Brayan Bello",23920,678394
"Trevor Rogers","BAL",2,3,0,6,6,40,10.125000241398817,0.9000000214576727,1.3500000321865089,0.29591836734693877,0.71895425,0.378640776,0.127659574,94.23430804504599,3.8250000911951085,2.2767486149718894,3.096061897277832,2.917662072771196,1.116781502744262,"Trevor Rogers",22286,669432
"Jacob deGrom","TEX",3,2,0,7,7,38,11.605263449148465,2.8421053344853386,0.7105263336213347,0.2222222222222222,0.64935065,0.43902439,0.09090909,97.6064510345459,3.552631668106673,2.3571212823199827,2.6486934649977325,2.9317350383193403,1.2202073055336242,"Jacob deGrom",10954,594798
"Max Fried","NYY",1,1,0,5,5,26.1,8.544304519485904,2.0506330846766168,0.6835443615588723,0.2608695652173913,0.77586207,0.492753623,0.066666666,94.01067378603179,2.7341774462354893,2.407345320884764,2.8682137767582088,3.5985560542264667,0.7267704217914809,"Max Fried",13743,608331
"Yoshinobu Yamamoto","LAD",2,2,0,6,6,39.2,10.43697495720126,1.8151260795132627,1.134453799695789,0.2,0.81481481,0.531914893,0.15625,95.93544351619525,2.268907599391578,2.410657531070452,3.2473224039039374,2.8249989017348254,1.1387100337655462,"Yoshinobu Yamamoto",33825,808967
"Cam Schlittler","NYY",4,0,0,6,6,38.2,10.47413810325718,3.025862118718741,0.4655172490336525,0.17647058823529413,0.88235294,0.476190476,0.066666666,98.10566349252188,0.931034498067305,2.4260639791678362,2.4495101625088704,2.946898403828909,1.2658207320167774,"Cam Schlittler",32095,693645
"Chris Sale","ATL",2,1,0,5,5,33.2,10.693069508865461,0.8019802131649095,0.534653475443273,0.2962962962962963,0.83333333,0.445783132,0.06060606,96.3214343843006,2.138613901773092,2.5004362285906585,2.204972771539044,2.910584057625396,1.2047145403512574,"Chris Sale",10603,519242
"Jared Jones","PIT",3,1,0,6,6,33.2,12.29702993519528,2.6732673772163653,0.2673267377216365,0.27631578947368424,0.78431373,0.32,0.028571428,98.0209942084942,2.138613901773092,2.5350995937128467,1.6406163252378112,2.8219352341984445,1.5816416538282962,"Jared Jones",27863,683003
"Jesús Luzardo","PHI",3,0,0,4,4,28.1,11.435294630849262,1.9058824384748767,0.9529412192374384,0.1864406779661017,0.95505618,0.45,0.111111111,96.25831147354015,0.9529412192374384,2.573587979924095,2.778414824198686,2.838736374435121,0.900056690231423,"Jesus Luzardo",19959,666200
"Jacob Misiorowski","MIL",3,0,0,6,6,30.1,10.978022093070964,3.2637362979400164,0.29670329981272875,0.2857142857142857,0.78431373,0.436619718,0.038461538,100.0918409003586,2.37362639850183,2.6323930699313243,2.1729849645271204,3.036766259716939,1.1517844505572492,"Jacob Misiorowski",31623,694819
"Payton Tolle","BOS",1,0,0,5,5,28.2,11.616279713845792,2.197674540457312,0.627907011559232,0.3380281690140845,0.81325301,0.428571428,0.068965517,96.06099619763962,2.8255815520165437,2.6488790298653604,2.4681548857186,3.0864549263143557,0.9500503183029455,"Payton Tolle",35466,801139
"Cade Cavalli","WSN",2,0,0,5,5,27,12.666666666666666,2,1,0.23636363636363636,0.91743119,0.508771929,0.142857142,96.72304948413645,2,2.68185491936216,2.836802638018573,2.565048619884032,0.7284701909856997,"Cade Cavalli",27473,676917
"Tyler Mahle","ATL",3,0,0,5,5,30.2,7.3369566738492855,1.1739130678158858,0.5869565339079429,0.25287356321839083,0.8778626,0.539325842,0.08,93.39575723755411,1.1739130678158858,2.6966858520553156,2.802583630323861,3.183897361457824,0.8831688697033618,"Tyler Mahle",16358,641816
"Eduardo Rodriguez","ARI",3,3,0,6,6,34.1,8.912621689310228,3.9320389805780422,1.0485437281541445,0.2765957446808511,0.71782178,0.389473684,0.095238095,92.37193456626038,3.669903048539506,2.6998813414465648,4.028100766748183,4.357963391219352,0.5395196283917392,"Eduardo Rodriguez",13164,593958
"Drew Rasmussen","TBR",3,0,0,6,6,37.2,8.601770056695349,1.6725663999129843,0.23893805713042635,0.22916666666666666,0.83916084,0.447916666,0.027777777,95.78449922449448,1.433628342782558,2.7084458522831936,2.0872123227271433,3.1831100585110113,1.415103018877291,"Drew Rasmussen",25385,656876
"Freddy Peralta","TBR",4,1,0,6,6,35.2,7.317757139789851,1.7663551716734123,0.7570093592886052,0.19148936170212766,0.85271318,0.357894736,0.06,94.99352067240169,2.0186916247696143,2.70932510682439,3.3203609666966782,4.34056402295776,0.7640800260436003,"Freddy Peralta",18679,642547
"Logan Henderson","MIL",4,1,0,6,6,35,9,1.8,1.0285714285714285,0.2,0.84821429,0.306818181,0.083333333,93.10356390654151,2.057142857142857,2.7683861115999377,3.181776182992118,3.7638262408120293,0.8625950163865648,"Logan Henderson",31475,701656
"Reid Detmers","LAA",2,0,0,6,6,36,9.25,0.75,0.5,0.3333333333333333,0.82386364,0.468085106,0.06060606,94.0472412109375,2.25,2.825357206349703,2.096061897277832,2.7559391060637104,1.350071561030708,"Reid Detmers",27468,672282
"Jonah Tong","NYM",1,1,0,3,3,15.2,10.340425951548879,3.4468086505162927,0.5744681084193821,0.2926829268292683,0.59139785,0.463414634,0.0625,94.4301012976695,4.595744867355057,2.937291730357549,2.9684023176290806,3.6784396235436674,0.4113978357952683,"Jonah Tong",32157,804636
"Gavin Williams","CLE",3,1,0,6,6,32,15.187500452622785,3.375000100582841,0.8437500251457103,0.3389830508474576,0.76923077,0.409836065,0.125,97.84067900284477,3.0937500922009376,3.000856187618008,2.3460618749260895,2.2581204976754963,1.0609606148645732,"Gavin Williams",30122,668909
"Andrew Alvarez","WSN",0,2,0,6,6,33,10.363636663137397,4.090909209133184,0.5454545612177577,0.24358974358974358,0.87349398,0.493670886,0.076923076,92.12535863415948,1.909090964262152,3.120666230739159,2.9445467413840105,3.3445881371722437,0.9465550770391475,"Andrew Alvarez",29914,674841
"Christian Scott","NYM",0,2,0,5,5,25.1,10.302632483914367,4.263158269205945,1.4210527564019817,0.2459016393442623,0.68181818,0.307692307,0.111111111,95.61818625710227,4.9736846474069365,3.125435509848377,4.398693590646316,4.488646783459742,0.22636034787987297,"Christian Scott",30107,681035
"Andrew Painter","PHI",1,2,0,6,6,35.1,9.169811403254846,2.547169834237457,1.0188679336949829,0.2631578947368421,0.74850299,0.46875,0.117647058,96.83728908962674,3.56603776793244,3.1263001432885047,3.3790807677486607,3.358231456715382,0.8294772355386048,"Andrew Painter",30091,691725
"Tarik Skubal","LAD",4,0,0,6,6,38,9.710526559491573,1.6578947784497808,0.4736842224142231,0.31683168316831684,0.7591623,0.45,0.06060606,96.6498670578003,2.8421053344853386,3.1295224514670417,2.1750092425835095,2.800156087648723,1.4990002841372658,"Tarik Skubal",22267,669373
"Walbert Ureña","LAA",1,2,0,6,6,35.2,8.32710295217466,2.271028077865816,0.7570093592886052,0.3,0.74742268,0.617647058,0.130434782,99.08311827977498,3.5327103433468245,3.150122215172625,3.1801740483098992,3.059000153944885,0.7647869306683895,"Walbert Urena",29357,700712
"Jackson Jobe","DET",1,2,0,5,5,26.2,10.800000257492071,3.037500072419645,1.6875000402331362,0.25,0.79166667,0.420289855,0.172413793,97.24578424889272,3.7125000885128996,3.173796072431532,4.258561924993993,3.4607344127591855,0.2736080957674523,"Jackson Jobe",30203,695549
"Anthony Molina","SFG",2,2,0,5,5,24.2,10.216216479539007,1.8243243713462514,0.7297297485385005,0.30303030303030304,0.53719008,0.294117647,0.06060606,96.3452825262995,4.378378491231003,3.1789935228142165,2.487953773495749,3.451017832762962,0.8894766335054003,"Anthony Molina",26952,683627
"Nolan McLean","NYM",3,2,0,6,6,37,7.783783783783784,3.891891891891892,0.4864864864864865,0.2647058823529412,0.81018519,0.460784313,0.055555555,95.77830989186357,2.4324324324324325,3.1928721397298636,3.4474132486291835,4.211705519379796,0.8121558985939822,"Nolan McLean",33703,690997
"Cal Quantrill","TEX",4,1,0,6,6,32.1,7.5154639914155155,0.835051554601724,1.1134020728022986,0.21176470588235294,0.88235294,0.404494382,0.111111111,93.75698657746011,2.2268041456045973,3.204516715876956,3.4053402508340263,3.475819035581777,0.7331764003909279,"Cal Quantrill",19312,615698
"Zack Wheeler","PHI",3,1,0,6,6,35.2,11.102803936232878,3.5327103433468245,1.261682265481009,0.2976190476190476,0.81578947,0.431818181,0.15625,95.26937579293536,3.5327103433468245,3.2143074537542344,3.712884338179659,3.2431974517454267,0.6966435022829585,"Zack Wheeler",10310,554430
"Connor Prielipp","MIN",2,1,0,5,5,29,7.448276107007918,2.172413864543976,0.31034483779199656,0.2891566265060241,0.60126582,0.421686746,0.03125,95.24315032958984,4.344827729087952,3.2599093157601833,2.716751539976503,3.9321941552041237,0.8369533081330863,"Connor Prielipp",31857,687570
"Michael Wacha","KCR",3,1,0,6,6,38.2,7.913793233572092,2.793103494201915,1.6293103716177837,0.1717171717171717,0.9929078,0.295238095,0.14,93.32095714097612,2.3275862451682623,3.288461779201925,4.777096407677133,4.373318168917709,0.34799256416338237,"Michael Wacha",14078,608379
"Brandon Williamson","CIN",2,0,0,2,2,11.1,5.55882368533257,1.5882353386664485,0.7941176693332243,0.2727272727272727,0.8490566,0.5,0.09090909,94.21994454520089,2.3823530079996726,3.3004535914805144,3.5372383802407343,3.853578963122426,0.2572211570890335,"Brandon Williamson",25463,682227
"Will Warren","NYY",2,0,0,5,5,28,9.321428888914546,3.214285823763637,0.6428571647527274,0.3333333333333333,0.76704545,0.4625,0.074074074,93.8908837161847,2.5714286590109094,3.325243626518276,3.024633323416418,3.549958716784948,0.6887242364560306,"Will Warren",30182,701542
"Tyler Glasnow","LAD",2,1,0,5,5,28,12.214285714285714,3.2142857142857144,0.6428571428571429,0.3076923076923077,0.62913907,0.348484848,0.071428571,95.66398030190012,4.5,3.362538512356722,2.488919040134975,3.0680924453905654,0.9794447528954401,"Tyler Glasnow",14374,607192
"Merrill Kelly","ARI",2,3,0,6,6,33,7.909091366224079,3.545454750376311,0.545454576980971,0.26595744680851063,0.73298429,0.393617021,0.055555555,92.29235540284701,3.2727274618858258,3.468581824068039,3.3990922178228162,4.25602602546658,0.667359228260792,"Merrill Kelly",11156,518876
"Hayden Wesneski","HOU",3,1,0,6,6,31.1,6.606383045748275,3.4468085456077957,0.5744680909346326,0.20930232558139536,0.69536424,0.443181818,0.0625,93.13805440266927,2.2978723637385303,3.4695526467678444,3.702444882153278,4.412482166456875,0.6398438773460734,"Hayden Wesneski",27581,669713
"Noah Cameron","KCR",2,0,0,6,6,34,7.676470588235294,2.911764705882353,1.3235294117647058,0.24175824175824176,0.87878788,0.421052631,0.121951219,92.54187135022096,2.911764705882353,3.4699658502949076,4.44900307374842,4.355401255716296,0.3221172692592194,"Noah Cameron",30184,702070
"Zebby Matthews","MIN",2,3,0,6,6,33.2,9.356435820257278,2.138613901773092,1.3366336886081827,0.2558139534883721,0.68965517,0.406593406,0.138888888,95.43027540184985,4.277227803546184,3.4708023643978474,3.749527256152944,3.4310761813600803,0.552280940782263,"Zebby Matthews",31827,805673
"Lake Bachar","PIT",0,2,0,7,7,13,9.000001320472323,6.230770144942379,0.6923077938824864,0.29411764705882354,0.86734694,0.457142857,0.076923076,93.84255642361111,2.7692311755299457,3.4759033652552334,4.40375439683364,4.911499305156548,0.17300505798401708,"Lake Bachar",19222,669199
"Cristopher Sánchez","PHI",2,2,0,6,6,38.1,7.9826089604455355,1.4086956989021533,1.1739130824184612,0.3153153153153153,0.675,0.581818181,0.166666666,,4.695652329673845,3.4817509410177814,3.5656271302452165,3.0499491570041415,0.7636809305830982,"Cristopher Sanchez",20778,650911
"Ryan Feltner","COL",0,2,0,3,3,15.2,7.468085409451968,4.595744867355057,0.5744681084193821,0.3269230769230769,0.44715447,0.461538461,0.05,94.14791771673387,6.893617301032585,3.4982789710850652,3.798189585345966,4.893183034668421,0.29777943686025626,"Ryan Feltner",21446,663372
"Clay Holmes","CHC",1,2,0,5,5,28.1,7.941176826978653,5.082353169266338,0.6352941461582923,0.24675324675324675,0.59659091,0.607594936,0.125,92.76163552024148,5.082353169266338,3.5101139354607875,4.04900311651527,3.9827884314694817,0.3290150750683395,"Clay Holmes",13649,605280
"Andrew Sears","DET",0,0,0,3,3,10.2,7.593751173990494,5.062500782660329,0.8437501304433883,0.3142857142857143,0.51020408,0.285714285,0.05,94.0365919030231,4.218750652216942,3.5525345868074867,5.1585622161394475,6.766834028203203,0.014317672251141698,"Andrew Sears",33664,808825
"Logan Gilbert","SEA",2,4,0,6,6,31.2,11.368421280879398,3.1263158522418344,2.5578947881978644,0.35802469135802467,0.78125,0.413793103,0.272727272,96.78598575141486,5.968421172461684,3.621369429680982,5.496061945463483,3.372553887554058,-0.11023370548259247,"Logan Gilbert",22250,669302
"Ryan Johnson","LAA",3,2,0,6,6,34.2,7.528846291924372,2.596153893767025,0.519230778753405,0.24210526315789474,0.82386364,0.34375,0.04347826,,2.3365385043903224,3.628926288659905,3.2979849779041563,4.548646414957771,0.8408118467851387,"Ryan Johnson",35325,696270
"Shota Imanaga","CHC",3,1,0,6,6,30,9.3,1.5,1.5,0.2962962962962963,0.79310345,0.441860465,0.15625,91.32023402622768,3.6,3.6498600015249867,3.896061897277832,3.3376563866933187,0.4448382615749556,"Shota Imanaga",33829,684007
"Bryan Woo","SEA",3,1,0,5,5,29.1,9.204545554297031,2.1477272960026403,0.920454555429703,0.25925925925925924,0.70895522,0.428571428,0.103448275,96.70138518978851,3.0681818514323433,3.6616289679598584,3.096061897277832,3.2571278142841398,0.7750463460630657,"Bryan Woo",30279,693433
"Paul Skenes","PIT",1,0,0,5,5,29,6.517241593631928,1.8620690267519795,1.5517241889599829,0.24390243902439024,0.80769231,0.388235294,0.151515151,96.56962800757286,3.724138053503959,3.666185410097878,4.716751605747148,4.191081916608318,0.3179700232155795,"Paul Skenes",33677,694973
"Parker Messick","CLE",3,1,0,6,6,34.1,10.223301065531064,2.097087398057654,0.7864077742716203,0.3068181818181818,0.83798883,0.444444444,0.085714285,94.39390869140625,2.6213592475720677,3.680507304996696,2.8339259725206256,3.235025078679411,0.9217390130802879,"Parker Messick",31986,800048
"Kumar Rocker","TEX",1,0,0,4,4,17,11.647059476911853,5.823529738455926,0.5294117944050842,0.30952380952380953,0.80508475,0.558139534,0.076923076,94.70858383178711,3.176470766430505,3.718233335845218,3.213708962701184,3.60198444564469,0.4202747736109445,"Kumar Rocker",31843,677958
"Aaron Nola","PHI",2,2,0,6,6,37.1,7.473214349348327,3.1339285981138145,1.205357153120698,0.2127659574468085,0.90625,0.479591836,0.151515151,92.14236201533565,2.410714306241396,3.742145097562569,4.30141905039853,3.8930863553936947,0.4773252964314867,"Aaron Nola",16149,605400
"Tyler Phillips","MIA",2,0,0,5,5,22,8.181818891162775,4.090909445581388,1.6363637782325553,0.17307692307692307,0.97701149,0.535714285,0.210526315,95.81418304443359,2.454545667348833,3.743896002848092,5.00515297188248,3.943659781795015,0.05275486899602003,"Tyler Phillips",20629,663969
"Braxton Ashcraft","PIT",1,1,0,3,3,16,7.875,1.125,0.5625,0.3333333333333333,0.73863636,0.458333333,0.071428571,97.84336942784927,3.375,3.7904340817492344,2.533561897277832,3.0403386268764736,0.514990109867201,"Braxton Ashcraft",23793,677952
"José Soriano","TOR",2,2,0,6,6,35,7.971428788632768,2.8285715056438856,1.0285714565977766,0.2871287128712871,0.58962264,0.567307692,0.166666666,97.2576894906851,5.657143011287771,3.806002274907384,4.096061924525671,3.644229798267035,0.39566618081942184,"Jose Soriano",22100,667755
"Bailey Ober","MIN",0,2,0,4,4,19.2,7.779661268449598,4.576271334382117,0.9152542668764233,0.2786885245901639,0.83969466,0.396825396,0.064516129,87.80675262765786,2.74576280062927,3.8235862042498856,4.214706001237905,5.269286875091568,0.24099148091288364,"Bailey Ober",21224,641927
"Max Scherzer","TOR",2,3,0,6,6,32.2,7.9897960738706795,3.8571429322134314,0.8265306283314496,0.23863636363636365,0.66091954,0.241758241,0.057692307,92.795150452876,4.408163351101065,3.8256929355563227,3.8919802801155243,5.098186365601958,0.5841247442388443,"Max Scherzer",3137,453286
"Walker Buehler","SDP",2,0,0,6,6,29.2,7.280899266494755,2.1235956193943033,2.1235956193943033,0.2631578947368421,0.91269841,0.475609756,0.205882352,94.03009033203125,3.6404496332473775,3.8347231771275587,5.354488984570187,4.015050407754625,0.0617436202999396,"Walker Buehler",19374,621111
"Michael Soroka","ARI",1,1,0,3,3,15.1,10.565217610342971,2.934782669539714,1.1739130678158858,0.2222222222222222,0.56338028,0.315789473,0.133333333,93.44444953070746,4.695652271263543,3.840287536756236,3.813453216498651,3.5927688102324513,0.23660084939409803,"Michael Soroka",18383,647336
"Griffin Jax","TBR",2,1,0,4,4,17.2,7.6415097089627,2.5471699029875667,0.5094339805975133,0.2653061224489796,0.68181818,0.46,0.055555555,95.42763188200176,3.566037864182593,3.8548527528358254,2.9828543460339403,3.783198167792312,0.49949023614337873,"Griffin Jax",20253,643377
"Kevin Gausman","CHC",3,1,0,6,6,34.1,10.747573213579981,1.834951524269753,2.097087456308289,0.29411764705882354,0.79861111,0.5,0.25,93.31980172114974,4.194174912616578,3.871149076630047,4.348489128128616,2.7246395927198725,0.36923790897876924,"Kevin Gausman",14107,592332
"Ian Seymour","TBR",0,3,0,5,5,25.1,12.43421068234457,1.77631581176351,3.1973684611743183,0.31666666666666665,0.8411215,0.373134328,0.264705882,91.59451609644397,5.32894743529053,3.8805354441858193,5.661851403158458,3.066982594943934,-0.03480869186875939,"Ian Seymour",27932,693855
"Framber Valdez","DET",2,4,0,6,6,35.1,6.113207602169897,3.3113207845086943,0.7641509502712371,0.25961538461538464,0.77889447,0.62745098,0.157894736,94.62550093487995,2.801886817661203,3.904052434773711,4.030024169831567,3.73701903066844,0.4457642410540779,"Framber Valdez",17295,664285
"Brandon Young","BAL",0,2,0,6,6,34,8.205882813278805,4.235294355240674,1.8529412804177947,0.27586206896551724,0.86734694,0.40860215,0.189189189,94.52548485471492,3.970588458038131,3.938884442188431,5.537238504812387,4.501549001170585,-0.04493576618919293,"Brandon Young",27819,687064
"Quinn Mathews","STL",2,2,0,6,6,35.1,7.386792718663943,3.05660388358508,0.76415097089627,0.3076923076923077,0.75342466,0.39047619,0.081081081,93.26129094395068,3.82075485448135,3.9484699225070283,3.6620996534972914,4.137190958847561,0.6181563321802126,"Quinn Mathews",33851,687273
"David Peterson","CHC",2,1,0,6,6,31,10.45161322475597,4.645161433224876,1.161290358306219,0.3125,0.81683168,0.554216867,0.235294117,93.04183248648967,3.7741936644952117,3.968352893157726,4.096061928041521,3.2454703591341656,0.38267332285901484,"David Peterson",20302,656849
"Carlos Rodón","NYY",3,1,0,6,6,34,9.26470614222095,2.647058897777414,0.7941176693332243,0.175,0.79831933,0.31707317,0.081081081,94.24270663917287,1.85294122844419,3.9848271793066363,3.1548854283395524,3.648607761352788,0.8352253396538901,"Carlos Rodon",16137,607074
"Kade Anderson","SEA",2,2,0,6,6,32.1,7.793814739495296,2.2268042112843704,1.1134021056421852,0.2967032967032967,0.71856287,0.382978723,0.111111111,93.43380646658416,4.175257896158195,3.998460416315253,3.714618622634602,3.7850974094611303,0.5274307222487333,"Kade Anderson",37238,807739
"Tanner Bibee","CLE",2,2,0,6,6,31.2,7.1052635145319645,3.1263159463940644,1.1368421623251144,0.33663366336633666,0.65315315,0.317307692,0.076923076,93.47310815268006,5.9684213522068505,4.003110443304613,4.296061957509897,5.12983246332824,0.4015126105619028,"Tanner Bibee",30134,676440
"Emerson Hancock","SEA",0,1,0,2,2,10.2,5.9062503520399545,0,3.375000201165688,0.32432432432432434,0.80645161,0.560975609,0.25,95.24838385783451,6.750000402331376,4.0035898323621755,7.221062143147007,4.607679238117775,-0.18344291563637916,"Emerson Hancock",27470,676106
"Matthew Boyd","CHC",1,3,0,6,6,34.2,6.490384734417562,2.855769283143727,0.519230778753405,0.27722772277227725,0.60209424,0.425742574,0.058823529,92.89202367479557,4.15384623002724,4.005667269323859,3.355677286654535,4.084427040888532,0.8021915564551951,"Matthew Boyd",15440,571510
"Taj Bradley","MIN",3,1,0,6,6,37.2,11.230088685130038,3.3451327998259686,0.9557522285217054,0.24096385542168675,0.77844311,0.38372093,0.125,97.62881886387223,3.1061947426955423,4.016477374643598,3.1757079163213078,3.0760929062097433,0.8532054846086724,"Taj Bradley",22543,671737
"Jake Bennett","BOS",2,1,0,5,5,29,9.0000002959679,0.9310345133759897,1.8620690267519795,0.325,0.71428571,0.329411764,0.157894736,92.31945454482491,4.655172566879949,4.040648455384554,4.096061930163154,3.3820723785946445,0.434287661751332,"Jake Bennett",31959,687562
"Ranger Suarez","BOS",3,1,0,5,5,30,6.600000209808356,3.6000001144409217,0.600000019073487,0.27586206896551724,0.83769634,0.459770114,0.0625,91.32246607730264,2.700000085830691,4.106567843513608,3.9960619258880627,4.737656438878204,0.43143823163623984,"Ranger Suarez",17277,624133
"Matt Wilkinson","SFG",0,3,0,4,4,17.2,7.132075728365186,2.0377359223900533,2.0377359223900533,0.2641509433962264,0.54878049,0.267857142,0.129032258,90.34686087362421,5.0943398059751335,4.126657317352517,5.133797819667885,4.836067045668571,0.11060749119834756,"Matt Wilkinson",33760,683363
"Landen Roupp","SFG",2,2,0,5,5,25.2,5.259740390028035,5.259740390028035,0.3506493593352023,0.21794871794871795,0.79113924,0.448717948,0.033333333,93.01319667271206,2.454545515346416,4.134563635627119,4.186971015209573,5.44277669624452,0.260148733819353,"Landen Roupp",30076,694738
"Dylan Cease","TOR",4,1,0,6,6,31.1,10.914894059968262,5.457447029984131,0.5744681084193821,0.2602739726027397,0.75268817,0.36,0.068965517,95.29808748685397,2.2978724336775285,4.1551077934996465,3.3194661616631476,3.8851449137997838,0.7327449224661889,"Dylan Cease",18525,656302
"Randy Vásquez","SDP",2,0,0,3,3,16.2,4.320000164794928,1.620000061798098,0,0.16326530612244897,0.66666667,0.489795918,0,95.49184782608695,2.160000082397464,4.164491239649788,2.8560618881225586,4.393961677292339,0.5133318430581194,"Randy Vasquez",24719,681190
"Cristian Javier","HOU",1,1,0,5,5,22.1,10.074627009073328,4.432835883992265,1.2089552410887994,0.21568627450980393,0.86538462,0.24074074,0.09090909,93.27629070040545,2.820895562540532,4.168870866165883,4.081136538165002,4.562729657689746,0.26502406058278627,"Cristian Javier",17606,664299
"Kyle Leahy","STL",0,1,0,5,5,15.2,10.340425951548879,3.4468086505162927,1.7234043252581464,0.36363636363636365,0.57692308,0.382978723,0.1875,94.98307661576705,6.893617301032585,4.174893929126319,4.436487483589724,3.48695025407054,0.1077080764411433,"Kyle Leahy",24763,681517
"Jack Perkins","ATH",0,3,0,5,5,25.2,9.467532702050462,3.506493593352023,1.051948078005607,0.31343283582089554,0.77922078,0.457142857,0.125,95.15666921515214,3.1558442340168207,4.182539044505685,3.7973606159482367,3.687719418888774,0.4958337004179396,"Jack Perkins",31468,678022
"Zac Thornton","NYM",2,1,0,5,5,29,7.137931034482759,0.9310344827586207,2.1724137931034484,0.27710843373493976,0.87301587,0.325842696,0.170731707,92.73878100794605,4.0344827586206895,4.231880917583971,5.165027414519212,4.1587356278608585,0.07958358381063906,"Zac Thornton",33891,804267
"Grayson Rodriguez","LAA",1,3,0,6,6,34.2,7.269231102523029,2.596153965186796,1.298076982593398,0.3333333333333333,0.77777778,0.463636363,0.131578947,96.12922578699448,3.894230947780194,4.232819077377036,4.39413887987123,4.1718591682978445,0.3088915690256013,"Grayson Rodriguez",24492,680570
"AJ Smith-Shawver","ATL",0,2,0,3,3,12.1,8.027027233923505,5.837837988308004,2.918918994154002,0.3076923076923077,0.67010309,0.441860465,0.222222222,95.75633726728724,8.756756982462006,4.285112878143716,7.7176836380216685,5.701959830030182,-0.29243926322112934,"AJ Smith-Shawver",29960,700363
"Janson Junk","MIA",0,1,0,6,6,25.1,6.394737163078768,2.131579054359589,0.7105263514531964,0.2857142857142857,0.69536424,0.367088607,0.052631578,94.36422007320492,4.263158108719178,4.327869999871406,3.767114562539185,5.002416085809994,0.5678167601301055,"Janson Junk",23301,676083
"Jeffrey Springs","ATH",1,3,0,6,6,29,7.1379315039491,3.1034484799778697,1.8620690879867217,0.29411764705882354,0.60693642,0.4,0.166666666,91.3904323203891,6.827586655951313,4.343627546078239,5.440889637705556,4.622917653485381,0.05221160307164564,"Jeffrey Springs",17677,605488
"Jacob Lopez","ATH",1,1,0,6,6,29.1,8.284091268196594,3.0681819511839237,2.1477273658287466,0.3181818181818182,0.60773481,0.276595744,0.137254901,90.02337961098583,7.0568184877230244,4.385587484983076,5.482425637087551,5.001572884146939,0.08038817120357755,"Jacob Lopez",25098,682052
"Keider Montero","DET",0,1,0,4,4,17.1,6.750000123794265,3.1153846725204297,1.5576923362602149,0.32075471698113206,0.70175439,0.232142857,0.107142857,94.47094341077303,5.711538566287454,4.400681882123232,5.057600394790695,5.243188206684155,0.028645813627427498,"Keider Montero",22630,672456
"Cesar Perdomo","SFG",0,1,0,4,4,20.2,4.35483904460469,2.6129034267628137,1.3064517133814069,0.3,0.81395349,0.422535211,0.115384615,92.89515440614073,3.9193551401442206,4.474776932827287,4.886384615615316,4.896128116985769,0.08647837036390707,"Cesar Perdomo",30334,702885
"Michael King","SDP",4,1,0,6,6,36,7.75,3,0.5,0.29591836734693877,0.83710407,0.42,0.055555555,94.74273297503278,2.5,4.489646885519991,3.4293952306111657,4.2149178422159626,0.7649134511946567,"Michael King",19853,650633
"Sandy Alcantara","MIA",0,3,0,6,6,34.1,5.504854419901342,2.8834951723292748,1.5728155485432407,0.3103448275862069,0.66523605,0.383333333,0.117647058,97.40135447184245,6.291262194172963,4.493669688537535,5.280527936921223,5.248343078133261,0.0979845757848294,"Sandy Alcantara",18684,645261
"Chris Bassitt","BAL",5,1,0,6,6,34.2,7.269231302498399,3.1153848439278855,0.7788462109819714,0.31775700934579443,0.7860262,0.409090909,0.069767441,93.05892711215549,3.6346156512491996,4.525691346002501,3.7306773284483272,4.475860878919335,0.5391143382540994,"Chris Bassitt",12304,605135
"Blade Tidwell","SFG",1,2,0,6,6,29.2,7.887640872035984,3.3370788304767625,1.8202248166236887,0.22077922077922077,0.75163399,0.361445783,0.146341463,94.80683482776989,4.550562041559221,4.5448239391893255,5.590444053391776,5.044967783275931,-0.062201937413058725,"Blade Tidwell",31701,694918
"Davis Martin","CHW",0,1,0,3,3,15,6.000000381469751,3.0000001907348754,0.6000000381469751,0.2558139534883721,1,0.386363636,0.05,93.34541912468113,0.6000000381469751,4.550411118815117,3.829395277235246,4.973055128383207,0.2696185162909549,"Davis Martin",21448,663436
"Jake Irvin","WSN",0,2,0,5,5,25.1,9.236842568891554,3.9078949329925803,1.4210527029063929,0.3,0.80246914,0.405405405,0.133333333,93.4595008805997,4.263158108719178,4.596460019208097,4.635535658759759,4.3683913696197205,0.22816020581207505,"Jake Irvin",21504,663623
"Seth Lugo","KCR",2,2,0,6,6,27,7.666666937463087,2.666666760856726,2.3333334157496353,0.41304347826086957,0.7079646,0.397959183,0.189189189,91.57861450195313,7.666666937463087,4.60696504023796,5.873839773170255,4.569638203089372,-0.13913032850632281,"Seth Lugo",12447,607625
"Gerrit Cole","NYY",4,3,0,7,7,40.1,8.702479613201035,1.3388430174155437,2.454545531928497,0.26605504587155965,0.85443038,0.325,0.186440677,96.67954628140319,4.462810058051812,4.611052684313825,5.228293369458143,3.8883828775245015,0.19453601481404226,"Gerrit Cole",13125,543037
"Nick Pivetta","SDP",2,0,0,3,3,14,7.071428571428571,0.6428571428571429,1.2857142857142858,0.225,0.97826087,0.31707317,0.1,93.55891591494846,1.9285714285714286,4.645276926423686,3.596061897277832,3.8928402313164305,0.26502780955159766,"Nick Pivetta",15454,601713
"Gabriel Hughes","COL",0,4,0,6,6,26.1,7.860759873245812,3.7594938524219104,1.3670886736079675,0.3125,0.64971751,0.421686746,0.137931034,,5.810126862833862,4.653133468231369,4.690998683153794,4.376742978649494,0.2534050322435491,"Gabriel Hughes",31614,687312
"Michael McGreevy","STL",2,0,0,6,6,32,6.187500184401875,3.375000100582841,0.8437500251457103,0.2871287128712871,0.6127451,0.432692307,0.088235294,92.55406238186744,5.343750159256165,4.6578705423581805,4.158561928942801,4.541790826305119,0.37954614144186977,"Michael McGreevy",29869,700241
"Tanner Gordon","COL",1,2,0,6,6,29,6.827586431423925,2.172413864543976,1.2413793511679863,0.4077669902912621,0.63291139,0.364485981,0.088888888,92.64916182242298,7.137931269215922,4.672349837070041,4.096061930163154,4.642562552349343,0.49991552106219483,"Tanner Gordon",27669,685299
"Randy Dobnak","KCR",1,3,0,6,6,31.1,6.606383246822895,2.5851064878872196,1.4361702710484554,0.31521739130434784,0.74358974,0.4375,0.166666666,92.43645243742029,4.8829789215647486,4.686934791985093,4.851381117448167,4.220498485935458,0.08857871884878228,"Randy Dobnak",23798,677976
"Tomoyuki Sugano","COL",0,5,0,6,6,29,6.827586206896552,2.793103448275862,1.5517241379310345,0.34375,0.53658537,0.4,0.135135135,93.15797867313508,8.068965517241379,4.6903664363787065,4.854682586933005,4.536977719746787,0.1757481945941551,"Tomoyuki Sugano",35321,608372
"Brandon Pfaadt","ARI",0,2,0,5,5,30,5.400000343322776,1.8000001144409252,0.9000000572204626,0.29292929292929293,0.67039106,0.36,0.078947368,93.34592692057292,4.800000305175801,4.803395538373414,3.9960619544982947,4.605872116116538,0.5242153424036323,"Brandon Pfaadt",27782,694297
"Bubba Chandler","PIT",2,1,0,6,6,30,9.000000286102305,3.6000001144409217,1.5000000476837174,0.3125,0.72972973,0.38095238,0.147058823,97.67194158380681,4.800000152587896,4.82992392388589,4.662728613747492,4.204839410862208,0.23544055113485507,"Bubba Chandler",29868,696149
"Peter Lambert","HOU",0,4,0,6,6,32.1,8.350516038615554,3.061855880825703,0.8350516038615554,0.34,0.61965812,0.31632653,0.073170731,93.7263119346217,5.845361227030888,4.833651444492577,3.745546478059042,4.451243583953472,0.573823871964619,"Peter Lambert",17969,663567
"Sonny Gray","BOS",3,2,0,6,6,36.1,7.926605573939451,2.972477090227294,0.7431192725568235,0.27,0.79365079,0.415841584,0.078947368,91.07764712246981,2.972477090227294,4.838556990251467,3.3988141935046863,3.9023271433805347,0.8120925325460198,"Sonny Gray",12768,543243
"Erick Fedde","CHW",2,0,0,3,3,14.2,7.363636682841418,3.681818341420709,0,0.23809523809523808,0.82352941,0.309523809,0,94.98509979248047,1.8409091707103544,4.864448532771506,2.891516433865571,4.330727473997662,0.406737455743278,"Erick Fedde",17425,607200
"Andre Pallante","STL",0,2,0,4,4,21,3.857142857142857,3.4285714285714284,0.42857142857142855,0.2361111111111111,0.6097561,0.652173913,0.09090909,95.4747013044946,3.857142857142857,4.873486504324233,4.000823802039737,4.1715472864253185,0.28281682021890875,"Andre Pallante",26108,669467
"Chase Burns","CIN",1,1,0,5,5,18.1,12.763637248898402,3.9272729996610467,1.9636364998305234,0.38636363636363635,0.72649573,0.333333333,0.2,97.656201171875,5.400000374533939,4.874177662713894,4.4051528971648475,3.2136017241505592,0.24065662228797338,"Chase Burns",35333,695505
"Dean Kremer","MIN",2,1,0,6,6,30,8.70000027656556,3.900000123977665,1.200000038146974,0.2597402597402597,0.70987654,0.308641975,0.102564102,92.38802918693088,4.200000133514409,4.908000589297913,4.296061935424806,4.5227968932743075,0.30454779658815817,"Dean Kremer",19350,665152
"Martín Pérez","ATL",1,2,0,6,6,30.2,5.576087245531043,4.989130693369881,0.8804348282417437,0.27722772277227725,0.80357143,0.414141414,0.076923076,89.97422993977865,2.641304484725231,4.908399562588951,4.889540251103607,5.53525925802523,0.22817301979398796,"Martin Perez",6902,527048
"Shane McClanahan","TBR",1,1,0,3,3,15.2,6.893617301032585,2.2978724336775285,1.1489362168387642,0.2391304347826087,0.63380282,0.44680851,0.117647058,95.9432597257653,4.0212767589356755,4.924616596526862,3.989678954819093,3.966168028868762,0.2386327598565706,"Shane McClanahan",21483,663556
"Brady Basso","ATH",0,2,0,5,5,12,6.000000476837196,3.000000238418598,1.500000119209299,0.43137254901960786,0.55555556,0.442307692,0.111111111,92.2951100200688,10.500000834465093,4.93054595346398,4.92939537631142,5.024345967931277,0.08504674686643263,"Brady Basso",25582,669620
"Drew Anderson","DET",1,3,0,6,6,31.2,7.673684595694522,3.9789475681379,1.4210527029063929,0.2345679012345679,0.87878788,0.494117647,0.161290322,94.46769893449238,2.8421054058127857,4.937860047825962,4.959219885532881,4.38259111496796,0.1136901831932545,"Drew Anderson",15130,623454
"Foster Griffin","CLE",1,2,0,6,6,28.1,8.576470684460704,3.1764706238743345,0,0.41935483870967744,0.64705882,0.483870967,0,91.26154767963249,5.717647122973802,4.992738813584485,2.4607677725029653,3.6847018278123627,0.8666608309062409,"Foster Griffin",16432,656492
"Jackson Kent","WSN",1,3,0,5,5,24.2,6.567567736846505,5.472973114038754,0.36486487426925024,0.2894736842105263,0.6010929,0.486842105,0.038461538,93.11763544497282,5.472973114038754,5.00519486752985,3.987953812158222,5.050171367084258,0.4058837087797212,"Jackson Kent",35462,800600
"Robert Gasser","MIL",1,0,0,5,5,24.2,7.297297767516585,4.74324354888578,0.36486488837582925,0.22058823529411764,0.75163399,0.376811594,0.034482758,93.39820229134908,2.918919107006634,5.0256037873107,3.9474133034881005,5.193005282979939,0.47414809589065715,"Robert Gasser",29812,688107
"Mason Adams","COL",0,2,0,6,6,29,9.620689971551894,3.724138053503959,1.8620690267519795,0.33783783783783783,0.75842697,0.4,0.206896551,93.16977323155825,4.034482891295956,5.074850952342569,4.992613683784478,3.8107033063302014,0.17923458760483427,"Mason Adams",31663,690279
"Shane Baz","BAL",2,2,0,6,6,34,5.82352990180155,3.7058826647828043,1.0588236185093727,0.27184466019417475,0.73732719,0.386792452,0.093023255,95.32201241629464,4.500000378664834,5.076268567354183,4.831356160945971,5.2087981884292684,0.20574849311406862,"Shane Baz",22264,669358
"Anthony Kay","CHW",0,4,0,7,7,31.2,7.673684595694522,2.8421054058127857,1.4210527029063929,0.3137254901960784,0.56818182,0.386792452,0.131578947,96.08046209161932,6.536842433369407,5.084944052912694,4.769746191812028,4.526408401243135,0.3197784281742558,"Anthony Kay",20387,641743
"MacKenzie Gore","TEX",1,2,0,7,7,31,5.806451791531095,5.5161292019545405,0.29032258957655477,0.32038834951456313,0.66539924,0.470588235,0.026315789,94.63582273729804,5.225806612377985,5.109210133285516,4.160578059058533,5.589426608996691,0.38871878520875686,"MacKenzie Gore",22201,669022
"Cody Bradford","TEX",0,4,0,5,5,23.1,3.0857144538723786,1.9285715336702365,1.5428572269361893,0.3068181818181818,0.69078947,0.375,0.097560975,88.65527228043543,5.785714601010709,5.120297015613256,5.281776302104101,5.702527961615008,0.06704574171664959,"Cody Bradford",27597,674003
"Yusei Kikuchi","LAA",1,3,0,6,6,31.2,7.673684364593593,4.263157980329774,1.1368421280879397,0.3118279569892473,0.78341014,0.443298969,0.129032258,95.5862153466068,3.9789474483077893,5.174226724248702,4.5486935053902,4.3825910762228055,0.2271160373388082,"Yusei Kikuchi",20633,579328
"Shane Drohan","MIL",1,1,0,4,4,17.2,10.188679611950267,4.075471844780107,2.5471699029875667,0.4222222222222222,0.74074074,0.36,0.238095238,94.64141535354872,7.132075728365186,5.1752048854114365,6.209269556484858,4.32224919670932,-0.15889359674751122,"Shane Drohan",27814,675660
"Casey Mize","SDP",1,2,0,6,6,25.1,4.973684460172375,3.9078949329925803,2.8421054058127857,0.27906976744186046,0.57926829,0.354838709,0.177777777,92.71300166486257,7.1052635145319645,5.181781845311636,7.517114750764389,6.090082476066381,-0.4282828633904576,"Casey Mize",20492,663554
"Patrick Sandoval","BOS",0,5,0,6,6,30.2,9.391304834578598,4.402174141208718,1.1739131043223248,0.3253012048192771,0.65217391,0.404761904,0.117647058,93.29504475911459,5.576087245531043,5.3152577896501665,4.269975001600157,4.245952968293743,0.37717359221282437,"Patrick Sandoval",19447,663776
"Bryce Elder","ATL",0,1,0,2,2,11.1,6.352941354665794,2.3823530079996726,1.5882353386664485,0.35,0.69767442,0.425,0.166666666,92.41773028706395,6.352941354665794,5.388498931692183,5.037238422314603,4.339556462091406,0.011186946649800118,"Bryce Elder",27779,693821
"Grant Holmes","ATL",3,0,0,6,6,30,5.1,2.4,0.6,0.25274725274725274,0.86092715,0.494623655,0.071428571,94.45035858154297,2.1,5.441339367717051,3.6293952306111654,4.169957075516383,0.49683807366450916,"Grant Holmes",16944,656550
"George Kirby","SEA",1,2,0,7,7,38,8.052631983136227,3.7894738744170477,1.1842105857553273,0.3697478991596639,0.67241379,0.409836065,0.128205128,97.08659978202694,5.921052928776637,5.468204761561705,4.280272483033159,4.117168488510989,0.40027950667741896,"George Kirby",25436,669923
"Sean Burke","CHW",2,1,0,5,5,22,8.181818536490464,6.954545756016894,0.8181818536490464,0.328125,0.70680628,0.363636363,0.066666666,94.3811089238034,5.7272729755433245,5.512405960658099,4.914243794275713,5.7884413328443625,0.1303909557902346,"Sean Burke",29878,680732
"Robert Stock","NYM",1,1,0,3,3,13.1,6.750000160932545,2.7000000643730178,0.6750000160932544,0.3958333333333333,0.63559322,0.416666666,0.066666666,95.67510861766581,6.750000160932545,5.555905192650935,3.696061911582947,4.4172748668334005,0.25675136075597915,"Robert Stock",6576,476594
"Robbie Ray","SDP",2,1,0,6,6,28,7.392857394656365,5.142857318021819,1.2857143295054547,0.2875,0.703125,0.325301204,0.114285714,92.9614634513855,5.464285900398183,5.629418558590667,5.131776252328136,5.159314438406997,0.010512848536726349,"Robbie Ray",11486,592662
"Luis Castillo","CHW",0,2,0,3,3,10.2,5.9062503520399545,3.375000201165688,4.21875025145711,0.4146341463414634,0.66666667,0.239130434,0.208333333,94.66959054129464,11.812500704079909,5.685065799907614,9.564812282845402,6.863487997944719,-0.38346747975767775,"Luis Castillo",15689,622491
"Matthew Liberatore","STL",1,3,0,6,6,30,8.700000553131138,3.300000209808363,2.100000133514413,0.3488372093023256,0.70680628,0.380434782,0.2,93.5041240234375,6.000000381469751,5.689026400430566,5.296062037150074,4.021764262263925,0.027493652601648433,"Matthew Liberatore",22294,669461
"J.T. Ginn","ATH",1,1,0,2,2,11,5.7272727272727275,3.272727272727273,2.4545454545454546,0.28125,0.78125,0.428571428,0.2,92.79473266601562,5.7272727272727275,5.722287211891211,6.732425533641468,5.242986670678312,-0.10680851690536637,"J.T. Ginn",27889,669372
"Joe Ryan","MIN",0,2,0,3,3,13,9,2.076923076923077,2.769230769230769,0.325,0.82474227,0.386363636,0.222222222,93.7130485983456,5.538461538461538,5.737798539743007,6.942215743431678,5.029862436422935,-0.2320713931748407,"Joe Ryan",21390,657746
"Sean Manaea","NYM",2,2,0,6,6,33.2,7.485148868237338,1.603960471765144,1.8712872170593344,0.28431372549019607,0.59659091,0.405660377,0.142857142,92.24259964461179,6.148515141766385,5.746591140957336,4.937646142637812,4.429116322318135,0.1378623971833911,"Sean Manaea",15873,640455
"Gage Jump","ATH",1,4,0,5,5,20.2,10.016129340391139,3.919354959283489,1.7419355374593284,0.3870967741935484,0.52469136,0.307692307,0.148148148,96.22786458333333,9.145161571661475,5.83178265748833,4.837997434737161,4.291664055671681,0.1959428179251689,"Gage Jump",35418,695611
"Andrew Abbott","CIN",0,3,0,6,6,26.2,7.762500185072426,3.3750000804662723,2.7000000643730178,0.3333333333333333,0.63218391,0.266666666,0.163265306,92.0505034777583,7.425000177025799,5.923629151781902,6.396061975955965,5.266543081183283,-0.16093120292943197,"Andrew Abbott",29911,671096
"Dustin May","MIL",1,1,0,6,6,18.2,10.125000878303787,3.375000292767929,1.928571595867388,0.3137254901960784,0.76923077,0.363636363,0.181818181,96.82018375396729,5.303571888635317,6.100810207425643,5.0782049263637585,4.069475535870888,0.06647239006880964,"Dustin May",19716,669160
"Troy Melton","DET",1,4,0,6,6,30,6.300000600814877,3.6000003433227867,1.5000001430511611,0.3163265306122449,0.65217391,0.431372549,0.138888888,96.5022740930944,6.300000600814877,6.2113299219270885,5.562728799184185,5.205355899028206,-0.03159666979587303,"Troy Melton",31807,675512
"Bryce Miller","SEA",0,2,0,5,5,23,9.782609506906386,7.043478844972598,1.9565219013812771,0.25,0.77419355,0.366666666,0.208333333,95.59966388438482,5.0869569435913204,6.275333749293166,6.226496939487875,4.973708836111562,-0.2349942892321215,"Bryce Miller",29837,682243
"Ryan Gusto","MIA",1,2,0,7,7,34.1,6.553398482996648,3.669903150478123,0.7864078179595977,0.35454545454545455,0.85766423,0.415929203,0.073170731,95.106932140532,3.1456312718383908,6.2951416533233235,4.2611105164772365,4.9256990504319,0.4752434307242342,"Ryan Gusto",26440,687473
"Joey Cantillo","CLE",0,2,0,4,4,18.1,7.363636874364463,8.836364249237356,0.9818182499152617,0.2962962962962963,0.60773481,0.418181818,0.111111111,92.11151003370098,5.400000374533939,6.591576133392223,6.3142439386667455,6.376393416189299,-0.18322323850496683,"Joey Cantillo",23335,676282
"Kyle Bradish","BAL",0,3,0,5,5,22,7.363636682841418,4.909091121894278,2.8636364877716622,0.37142857142857144,0.65340909,0.337662337,0.189189189,,6.954545756016894,6.670569026648605,7.232425712948011,5.631814682272468,-0.4419970922913242,"Kyle Bradish",24586,680694
"Rhett Lowder","CIN",2,4,0,6,6,26.1,6.49367096446642,4.101265872294581,1.7088607801227422,0.34065934065934067,0.48837209,0.378947368,0.131578947,94.45673828125,9.227848212662808,6.789364864980981,5.7163150934660365,5.423693710899133,-0.008274908184817275,"Rhett Lowder",33876,695076
"Daniel Lynch IV","KCR",2,2,0,6,6,26.2,4.387500104606154,3.3750000804662723,1.6875000402331362,0.2558139534883721,0.59375,0.426966292,0.15625,93.75503629796646,6.750000160932545,6.798555840840153,5.908561964333059,5.280355749947878,-0.16405981232040362,"Daniel Lynch IV",21537,663738
"Corbin Burnes","ARI",0,0,0,3,3,10.1,6.967742792897722,3.483871396448861,4.3548392455610765,0.23333333333333334,0.77777778,0.171428571,0.217391304,,7.8387106420099375,6.856812021162668,8.999288430149512,6.0649136669338,-0.37802308409388696,"Corbin Burnes",19361,669203
"Logan Webb","SFG",0,2,0,5,5,21.2,9.969231061766141,3.7384616481623034,1.661538510294357,0.4090909090909091,0.55837563,0.492753623,0.222222222,92.40074593680245,9.553846434192552,6.966066313851479,5.219138882653954,4.071726864779252,-0.011523839759197936,"Logan Webb",17995,657277
"Eury Pérez","MIA",1,2,0,6,6,26.1,8.886076378451788,6.151899031235853,2.392405178813943,0.35802469135802467,0.60606061,0.352272727,0.175,97.88943917410714,8.544304210049797,7.145578105071388,6.855555749699743,5.690104808097208,-0.36409522588595217,"Eury Perez",27768,691587
"Nick Lodolo","CIN",0,4,0,6,6,32,6.468750192783778,4.218750125728551,2.2500000670552276,0.28421052631578947,0.75342466,0.3592233,0.2,93.48617935180664,6.187500184401875,7.312926922453831,6.783562007173899,5.418243008767996,-0.33615358027393316,"Nick Lodolo",26378,666157
"Ethan Pecko","HOU",1,0,0,4,4,16.1,4.959184059546651,4.959184059546651,2.2040818042429557,0.2549019607843137,0.68627451,0.363636363,0.166666666,93.11755597149885,6.061224961668128,7.463133019582814,6.830756065578396,5.862544317458205,-0.24795489655800515,"Ethan Pecko",33515,814490
"Brady Singer","CIN",1,4,0,6,6,28.1,6.670588534662069,5.717647315424631,2.223529511554023,0.35714285714285715,0.60498221,0.44117647,0.205882352,,10.164706338532676,8.717484763371022,7.366650324230797,5.964179355999665,-0.4331352150909503,"Brady Singer",25377,663903
"Kyle Harrison","MIL",0,2,0,4,4,14,9.00000122615286,5.7857150739554095,4.50000061307643,0.43137254901960786,0.62913907,0.298245614,0.318181818,93.97086448230962,11.571430147910819,9.709322287571206,9.953205688632393,5.822518436170515,-0.5852841763662588,"Kyle Harrison",27758,690986