hitter,bats,PA,H,2B,HR,BB,K,AB,AVG,SLG,xwOBA,regular PA,postseason PA,tiny sample
Xander Bogaerts,R,24,6,1,1,2,3,22,0.2727272727272727,0.45454545454545453,0.3430416666666667,22,2,
Manny Machado,R,22,9,4,1,1,3,20,0.45,0.8,0.38668181818181824,20,2,
Fernando Tatis Jr.,R,14,3,0,1,0,2,14,0.21428571428571427,0.42857142857142855,0.3796428571428571,12,2,
Ty France,R,13,4,1,0,1,1,10,0.4,0.5,0.4825384615384616,13,0,
Jackson Merrill,L,11,3,1,0,0,1,10,0.3,0.4,0.36329999999999996,9,2,
Austin Hays,R,6,3,0,0,0,0,6,0.5,0.8333333333333334,0.39952777777777787,6,0,yes (under 10 PA)
Samad Taylor,R,5,2,0,0,0,1,5,0.4,0.4,0.2974,5,0,yes (under 10 PA)
Jake Cronenworth,L,4,0,0,0,0,2,4,0.0,0.0,0.031,2,2,yes (under 10 PA)
Luis Campusano,R,0,0,0,0,0,0,0,,,,0,0,yes (under 10 PA)
