order,hitter,bats,PA,AB,H,2B,HR,BB,K,AVG,OBP,SLG,xwOBA,K%,BB%,small sample
1,Fernando Tatis Jr.,R,161,139,43,9,9,22,29,0.30935251798561153,0.40372670807453415,0.5827338129496403,0.40088749999999995,18.012422360248447,13.664596273291925,
2,Samad Taylor,R,50,47,15,0,0,2,14,0.3191489361702128,0.36,0.40425531914893614,0.24001999999999998,28.000000000000004,4.0,yes (under 60 PA)
3,Manny Machado,R,160,140,32,9,5,16,33,0.22857142857142856,0.3,0.4,0.3298343949044586,20.625,10.0,
4,Ty France,R,138,118,34,6,5,12,34,0.288135593220339,0.3695652173913043,0.4830508474576271,0.33951094890510947,24.637681159420293,8.695652173913043,
5,Jackson Merrill,L,183,175,49,8,6,6,48,0.28,0.3021978021978022,0.44,0.31858011049723756,26.229508196721312,3.278688524590164,
6,Austin Hays,R,53,50,19,3,2,2,12,0.38,0.39622641509433965,0.56,0.35976470588235293,22.641509433962266,3.7735849056603774,yes (under 60 PA)
7,Xander Bogaerts,R,158,139,34,6,1,19,19,0.2446043165467626,0.33544303797468356,0.30935251798561153,0.33358333333333334,12.025316455696203,12.025316455696203,
8,Jake Cronenworth,L,93,84,21,2,1,4,15,0.25,0.31521739130434784,0.30952380952380953,0.24348913043478257,16.129032258064516,4.301075268817205,
9,Luis Campusano,R,53,46,13,1,2,7,11,0.2826086956521739,0.37735849056603776,0.43478260869565216,0.33690384615384616,20.754716981132077,13.20754716981132,yes (under 60 PA)
,"MLB, all hitters vs LHP",,55107,48988,11922,2273,1553,4805,12395,0.24336572221768596,0.3169837476971344,0.3937290765085327,0.3129323954526254,22.492605295153066,8.719400439145662,
