Name,Team,IP,Events,EV,EV90,maxEV,LA,Barrels,Barrel%,HardHit,HardHit%,ERA,xERA,NameASCII,PlayerId,MLBAMID
"Mason Montgomery","PIT",28,53,89.40769298260028,105,109.1,9.596153846153847,1,0.01886792,23,0.43396226,0.6428571887010247,1.770384318738973,"Mason Montgomery",29770,682254
"Mason Miller","SDP",28.1,45,89.20681806044145,106.6,111.8,12.431818181818182,5,0.11111111,17,0.37777778,1.5882353653957306,1.8498362320917037,"Mason Miller",31757,695243
"Drew Sommers","DET",29,64,85.55737629874808,102.5,111.1,1.4918032786885247,2,0.03125,23,0.359375,3.103448913724035,1.938545713895476,"Drew Sommers",32026,805427
"Trent Harris","SFG",21.1,51,83.74117682961857,100,107.9,10.098039215686274,0,0,12,0.23529412,2.109375231812035,1.983816350781129,"Trent Harris",33214,805345
"Adrian Morejon","SDP",33.2,76,86.48421146995143,106.7,112.3,3.6052631578947367,2,0.02631579,25,0.32894737,1.8712873313575837,2.0122467703952807,"Adrian Morejon",20039,670970
"Yuki Matsui","SDP",29.2,68,85.41212110808401,101.8,111.7,21.37878787878788,2,0.02941176,17,0.25,0.9101125070534575,2.012661495300829,"Yuki Matsui",33826,673513
"Jhoan Duran","PHI",24.2,66,88.68412768651568,103.7,109,2.6507936507936507,2,0.03030303,21,0.31818182,2.55405412605638,2.0664151883265713,"Jhoan Duran",21029,661395
"Cade Smith","CLE",28,53,89.90384644728441,101.8,105.2,11.26923076923077,3,0.05660377,21,0.39622642,0.642857209228138,2.092273964802659,"Cade Smith",27867,671922
"Tyler Wells","- - -",27.1,65,88.70937478542328,102,109,28.671875,5,0.07692308,20,0.30769231,1.317073232002874,2.0964045464990426,"Tyler Wells",20000,669330
"Kevin Kelly","TBR",28.1,74,88.25068528684851,102.4,107.9,4.684931506849315,2,0.02702703,29,0.39189189,2.5411770497227706,2.0994354169900653,"Kevin Kelly",25679,687330
"Brandyn Garcia","ARI",26.2,59,85.04067825058759,102.7,114.6,0.5932203389830508,5,0.08474576,16,0.27118644,2.0250004375354402,2.1167772995849874,"Brandyn Garcia",33568,805299
"Mason Fluharty","TOR",22.2,58,85.97678620474679,100.8,109.2,21.982142857142858,2,0.03448276,17,0.29310345,1.58823585028177,2.2680767217773052,"Mason Fluharty",31553,689254
"Ryan Watson","- - -",22.1,64,87.69062495231628,101.2,114.4,8.90625,3,0.046875,19,0.296875,2.820895957791493,2.2768717655339126,"Ryan Watson",27853,670245
"Josh Walker","BAL",23.2,67,88.1343749165535,101.9,106.9,14.71875,2,0.02985075,22,0.32835821,0.7605636612193777,2.297804276365603,"Josh Walker",23617,677020
"Spencer Miles","TOR",22.2,64,87.29843711853027,103.9,108.7,7.015625,1,0.015625,24,0.375,0.794117740332885,2.3116990728377944,"Spencer Miles",31621,693686
"Bradgley Rodriguez","SDP",30.2,79,86.50384599734575,104.5,109.7,10.58974358974359,5,0.06329114,21,0.26582278,2.3478264527814945,2.315464975259459,"Bradgley Rodriguez",29107,699134
"Seranthony Domínguez","- - -",28.1,79,82.95584423511059,102.9,107.8,14.974358974358974,4,0.05063291,21,0.26582278,2.858823973452,2.3347237015375986,"Seranthony Dominguez",19249,622554
"Yohan Ramírez","PIT",29.1,66,84.46060619932233,104.1,113.8,6.106060606060606,1,0.01515152,19,0.28787879,2.454545822795074,2.3552199190012124,"Yohan Ramirez",19444,670990
"Aroldis Chapman","BOS",23,46,89.63023287750954,101.9,109.9,9.44186046511628,2,0.04347826,17,0.36956522,1.565217391304348,2.369861927026216,"Aroldis Chapman",10233,547973
"Calvin Faucher","MIA",27.2,68,85.32205867767334,103.8,110.5,3.2794117647058822,2,0.02941176,21,0.30882353,1.9518074924255053,2.379465343747052,"Calvin Faucher",20116,676534
"Josh Hader","HOU",29.1,70,88.3999997820173,102,108.2,22.414285714285715,5,0.07142857,27,0.38571429,0.9204545872255193,2.3981868791091903,"Josh Hader",14212,623352
"Bryan Hudson","CHW",21.2,67,87.45970074098501,103.8,108.9,9.537313432835822,3,0.04477612,28,0.41791045,4.153846864234888,2.438904585782406,"Bryan Hudson",19924,663542
"Hagen Smith","CHW",25.1,47,87.22608773604684,105.9,107.4,12.02127659574468,1,0.0212766,16,0.34042553,1.4210528132410494,2.4549419485773094,"Hagen Smith",35205,696146
"Juan Morillo","ARI",26,65,85.66461527897762,100.6,110,15.646153846153846,1,0.01538462,20,0.30769231,1.038461700346368,2.4862490285580514,"Juan Morillo",21924,666661
"Brock Burke","CIN",28.2,67,87.28939345388702,103.4,110.8,15.196969696969697,4,0.05970149,22,0.32835821,1.2558141145079713,2.512841214552431,"Brock Burke",17968,656271
"Alec Gamboa","BOS",23.1,68,91.46666648171164,106.3,110.3,3.0606060606060606,0,0,29,0.42647059,0.7714286154386973,2.5178724333087112,"Alec Gamboa",26227,687941
"Andrés Muñoz","SEA",23,45,91.96136379241943,107.6,109.6,-0.7333333333333333,4,0.08888889,21,0.46666667,4.304348400556374,2.5477855025503278,"Andres Munoz",20373,662253
"Gregory Soto","PIT",25.1,64,87.49032346663937,103.6,115.7,15,1,0.015625,20,0.3125,3.1973691118980634,2.5485795665184923,"Gregory Soto",19677,642397
"Brendon Little","TOR",22.2,42,89.14047513689313,102.9,110,-0.5238095238095238,2,0.04761905,16,0.38095238,2.3823534465270306,2.553378833131855,"Brendon Little",21574,663893
"Rico Garcia","BAL",25.2,72,87.86029406154857,102.8,111.7,19.926470588235293,2,0.02777778,23,0.31944444,3.857144045476271,2.628608693580082,"Rico Garcia",20023,670329
"Brennan Bernardino","COL",23,66,89.6887097512522,102.1,109,14.333333333333334,4,0.06060606,20,0.3030303,2.7391309281266243,2.640087079451575,"Brennan Bernardino",16835,657514
"Matt Festa","CLE",27.1,73,87.27324064012984,103.9,111.8,18.239436619718308,3,0.04109589,26,0.35616438,2.9634154311503647,2.6623900022236313,"Matt Festa",19330,670036
"José Urquidy","- - -",24.1,73,87.4219180590486,103.1,108.9,18.465753424657535,5,0.06849315,24,0.32876712,2.2191781981574383,2.7133519248973057,"Jose Urquidy",18413,664353
"Erik Miller","- - -",22,47,84.45476223173596,99.1,107.1,10.19047619047619,1,0.0212766,9,0.19148936,2.8636364994093473,2.7195764022384643,"Erik Miller",26252,669062
"Didier Fuentes","ATL",35,78,85.43421122902318,103.9,109,13.157894736842104,6,0.07692308,23,0.29487179,1.8000001532690997,2.723319434659839,"Didier Fuentes",30661,800311
"Emilio Pagán","CIN",25.1,64,88.63124966621399,105.1,110.8,26.203125,7,0.109375,23,0.359375,1.7763158138531814,2.7250335116717523,"Emilio Pagan",14771,641941
"Tyron Guerrero","BOS",21.1,62,86.08135663048695,101.7,107.3,7.661016949152542,1,0.01612903,23,0.37096774,3.7968754013491406,2.729285017240953,"Tyron Guerrero",11691,594027
"Trevor Megill","MIL",24.2,66,89.77846081073467,102.4,111.5,17.323076923076922,6,0.09090909,26,0.39393939,2.1891893355449428,2.7303824838826856,"Trevor Megill",17722,656730
"Kody Funderburk","MIN",25.2,69,85.23077028714694,101.9,107.8,7.184615384615385,3,0.04347826,20,0.28985507,3.506494713012971,2.7471796589868687,"Kody Funderburk",24993,681892
"Aaron Civale","CHC",34.1,94,83.23763414608536,101.3,107.7,14.698924731182796,4,0.04255319,24,0.25531915,1.5728156850681743,2.753392499631529,"Aaron Civale",19479,650644
"DL Hall","MIL",28.2,67,90.94193538542717,102.5,106.4,9.640625,4,0.05970149,24,0.35820896,1.8837211012614774,2.76578030312807,"DL Hall",22207,669084
"Chase Shugart","PHI",22.1,57,86.34210526315789,100.6,107.6,18.842105263157894,5,0.0877193,15,0.26315789,2.8208959464986068,2.774429185956921,"Chase Shugart",21544,663767
"Brent Headrick","NYY",31,77,88.72602677018675,105.5,109.1,13.383561643835616,3,0.03896104,28,0.36363636,2.9032266688895234,2.82425741610803,"Brent Headrick",27702,687396
"David Bednar","NYY",28.1,73,88.40694395701091,103.5,108.5,14.73611111111111,5,0.06849315,23,0.31506849,2.2235296659156405,2.8369348922688,"David Bednar",19569,670280
"Ryan Zeferjahn","- - -",24.2,65,89.92187535762787,104.3,107.9,9.84375,4,0.06153846,24,0.36923077,4.013514451013378,2.8931700461879917,"Ryan Zeferjahn",25420,666171
"Jonathan Loáisiga","ARI",27.2,83,83.37317136438881,101,107.4,1.951219512195122,3,0.03614458,26,0.31325301,2.2771085719140713,2.905952592070603,"Jonathan Loaisiga",19753,642528
"Brady Basso","ATH",21,64,83.92222280350943,101.8,108.8,16.126984126984127,1,0.015625,15,0.234375,2.142857240170853,2.9110414490971532,"Brady Basso",25582,669620
"Daniel Duarte","NYM",24.2,63,83.7354840924663,103.5,113.4,23.612903225806452,4,0.06349206,16,0.25396825,2.5540544346378224,2.9140436015778755,"Daniel Duarte",17480,650960
"Alex Vesia","LAD",24.1,60,88.38333409627279,102.4,108.3,21.8,5,0.08333333,20,0.33333333,3.328767737543345,2.916987898166857,"Alex Vesia",25007,681911
"Cam Booser","TBR",22.1,61,89.55344864417766,103.7,110.2,19.24137931034483,3,0.04918033,22,0.36065574,2.4179112630000477,2.945233723534366,"Cam Booser",16061,592155
"Aaron Ashby","MIL",29.2,76,89.72933319091797,105.9,115.2,0.22666666666666666,4,0.05263158,32,0.42105263,2.730337334648429,2.948676888959387,"Aaron Ashby",23550,676879
"Jacob Latz","TEX",26.1,59,90.04285621643066,103.5,108.2,23.357142857142858,7,0.11864407,26,0.44067797,3.0759497453742455,2.9510618206176153,"Jacob Latz",21306,656641
"Louis Varland","TOR",28,76,87.61388900544908,101,114.2,4.736111111111111,4,0.05263158,28,0.36842105,1.6071430316233095,2.9801128525409606,"Louis Varland",27691,686973
"Gabe Speier","SEA",20.2,51,87.45799926757813,102.7,107.7,10.117647058823529,3,0.05882353,17,0.33333333,3.919355744897412,2.996934809578042,"Gabe Speier",17170,642100
"Julian Garcia","CIN",35.2,96,86.40208299954732,102.4,107.9,17.90625,4,0.04166667,33,0.34375,3.0280378521015283,3.0371074133940836,"Julian Garcia",22362,670062
"Bryan Abreu","HOU",30.1,65,89.03650725833954,102,112,17.396825396825395,3,0.04615385,20,0.30769231,1.7802200962158652,3.052386478512113,"Bryan Abreu",16609,650556
"Jordan Romano","COL",20,55,86.64727311567826,101.6,109,19.09090909090909,2,0.03636364,15,0.27272727,3.600000187754641,3.0597526993505655,"Jordan Romano",16122,605447
"Tyler Alexander","TEX",26.1,86,86.14353018367991,102.7,110.2,8.764705882352942,4,0.04651163,26,0.30232558,5.810128006974053,3.08748711998793,"Tyler Alexander",17735,641302
"Will Dion","- - -",33.1,78,88.26315819589715,102,107.8,21.526315789473685,9,0.11538462,30,0.38461538,3.510000450852571,3.087582496496919,"Will Dion",30061,702021
"Jacob Waguespack","DET",32,84,86.74375009536743,102.4,107.7,14.625,4,0.04761905,25,0.29761905,2.531250393687576,3.097390213304192,"Jacob Waguespack",18318,621097
"Enyel De Los Santos","HOU",27.2,84,87.7964293162028,101.2,107,20.988095238095237,4,0.04761905,30,0.35714286,5.530121830196525,3.154330307893369,"Enyel De Los Santos",18403,660853
"Ty Madden","DET",24,68,85.78529492546531,101.8,108.7,20.397058823529413,3,0.04411765,16,0.23529412,3.750000456348117,3.1920524064380795,"Ty Madden",30140,680744
"Jonathan Bowlan","PHI",25.2,59,89.24745721332097,103.1,107.8,14.389830508474576,7,0.11864407,26,0.44067797,3.8571431139183567,3.2057517269677143,"Jonathan Bowlan",24607,680742
"Tim Herrin","CLE",23.2,60,88.61666685740153,105.7,108,6.033333333333333,5,0.08333333,26,0.43333333,2.6619725930293296,3.2401312860648273,"Tim Herrin",25139,682120
"Tyler Rogers","TOR",26.1,82,84.44683509536937,103.8,112.9,1.481012658227848,2,0.02439024,23,0.2804878,2.050633098601242,3.2474097233095884,"Tyler Rogers",15541,643511
"Luis Medina","ATH",29.2,67,88.72727191809452,103.4,110.8,8.742424242424242,6,0.08955224,27,0.40298507,2.426966587953299,3.25366584119936,"Luis Medina",21649,665622
"Dylan Dodd","ATL",20.1,51,88.34800033569336,104.5,107.6,27.24,5,0.09803922,17,0.33333333,2.2131153531083836,3.268512132577916,"Dylan Dodd",29928,689266
"Gordon Graceffo","STL",29,77,88.10133310953776,104.2,108.9,9.973333333333333,2,0.02597403,29,0.37662338,2.7931038329066014,3.2777661410034615,"Gordon Graceffo",29519,700669
"Pierce Johnson","CIN",20,65,89.6061532827524,101.9,110.2,16.676923076923078,3,0.04615385,21,0.32307692,5.4000011265280214,3.2832826437307854,"Pierce Johnson",13435,572955
"Michael Petersen","MIA",23.1,53,90.34038411653958,104.1,112.2,17.134615384615383,6,0.11320755,20,0.37735849,3.0857148716402194,3.3239661193491687,"Michael Petersen",20827,656848
"Randy Vásquez","SDP",20.1,70,89.813042903292,100.8,110.8,13.898550724637682,3,0.04285714,23,0.32857143,3.983607005012627,3.3397600985240414,"Randy Vasquez",24719,681190
"Cade Gibson","MIA",24.1,73,85.24722279442682,103.5,109.1,4.333333333333333,3,0.04109589,27,0.36986301,5.54794665731543,3.3515500694406226,"Cade Gibson",31815,806188
"Anthony Nunez","BAL",21.2,48,85.27446844222698,103.9,106.8,13.74468085106383,1,0.02083333,20,0.41666667,1.6615386634183598,3.3790930200817644,"Anthony Nunez",25796,689296
"Bryse Wilson","MIL",20.2,68,91.2303018280954,105,112.2,14.333333333333334,2,0.02941176,30,0.44117647,3.0483873312232825,3.387411910165877,"Bryse Wilson",19990,669060
"Bennett Sousa","HOU",25.1,75,88.88108134914089,103.2,115.4,19.256756756756758,8,0.10666667,27,0.36,4.263159146868164,3.4312569451183745,"Bennett Sousa",21345,656986
"Kenley Jansen","DET",20.1,43,93.1219512195122,104.6,110,34.73170731707317,6,0.13953488,22,0.51162791,1.7704920100128017,3.4817080149721873,"Kenley Jansen",3096,445276
"Jordan Montgomery","TEX",22.1,68,86.1073527616613,104.8,108.6,2.6029411764705883,5,0.07352941,23,0.33823529,4.8358211837597915,3.495477248016396,"Jordan Montgomery",16511,656756
"John Schreiber","- - -",23,69,87.14492786794469,102.4,105.7,11.115942028985508,2,0.02898551,24,0.34782609,3.1304353383178833,3.4987795513759865,"John Schreiber",20020,670167
"Steven Matz","TBR",24,77,85.71333374023438,103.5,110,9.933333333333334,4,0.05194805,24,0.31168831,3.750000307336475,3.505318772587088,"Steven Matz",13361,571927
"Brent Suter","- - -",33.2,99,87.24791590372722,102.6,111,6.4375,7,0.07070707,34,0.34343434,1.8712872750367056,3.551687842478359,"Brent Suter",13942,608718
"Grant Wolfram","BAL",23.1,61,88.64736898321854,103.7,108,15.701754385964913,4,0.06557377,20,0.32786885,3.857143742272035,3.5897563689536955,"Grant Wolfram",21623,664991
"Hunter Gaddis","CLE",27.2,72,85.33428486415318,100.7,105.4,18.642857142857142,5,0.06944444,23,0.31944444,2.927711563470285,3.6181984633727935,"Hunter Gaddis",25636,683769
"Scott Blewett","- - -",34.1,101,87.75199890136719,102,110.8,6.64,5,0.04950495,35,0.34653465,2.6213596184648242,3.6442268919390988,"Scott Blewett",16427,656240
"Tanner Scott","LAD",23,62,88.42623025862898,104.9,109.4,12.573770491803279,4,0.06451613,25,0.40322581,3.1304353383178833,3.6554975388896613,"Tanner Scott",17586,656945
"Tyler Zuber","MIA",27.2,83,90.85678995391469,105.1,111.3,16.641975308641975,6,0.07228916,37,0.44578313,6.506025465328623,3.678310256739817,"Tyler Zuber",20379,676604
"Dylan Smith","SFG",25,68,90.903125166893,104.2,112.9,14.0625,3,0.04411765,36,0.52941176,4.3200008909227305,3.6821672277565933,"Dylan Smith",30145,681916
"Casey Legumina","TBR",24,74,87.98648628028664,102.8,110.1,10.756756756756756,3,0.04054054,28,0.37837838,4.500000771135224,3.689423150990025,"Casey Legumina",25921,668984
"Taylor Rogers","MIN",24.2,73,85.95833354526096,100.4,108,15.23611111111111,4,0.05479452,19,0.26027397,2.9189195866304174,3.7092301026559924,"Taylor Rogers",13449,573124
"Khristian Curtis","PIT",21,61,85.47540883548925,102.1,107.4,23.0327868852459,5,0.08196721,18,0.29508197,4.714285928375877,3.7310785988514423,"Khristian Curtis",33865,694753
"Jeff Hoffman","- - -",24.2,52,91.81372459262025,106.3,108.7,14.72549019607843,5,0.09615385,25,0.48076923,1.8243246049864867,3.7319052293351436,"Jeff Hoffman",17432,656546
"Carmen Mlodzinski","PIT",31.2,95,89.67849501743112,102.8,111.7,13.688172043010752,6,0.06315789,41,0.43157895,3.1263159463940644,3.7333902460909125,"Carmen Mlodzinski",27572,669387
"Andrew Morris","MIN",25.2,84,86.95301166212703,105.4,111.5,10.831325301204819,4,0.04761905,29,0.3452381,5.610390218399276,3.7461996303941514,"Andrew Morris",31891,702193
"Griffin Canning","SDP",26.1,75,89.04729688489759,104.9,109.6,7.337837837837838,4,0.05333333,26,0.34666667,3.0759496304960816,3.761236320120934,"Griffin Canning",19867,656288
"Kyle Hart","SDP",22.2,66,87.7015873742482,105,113.3,7.421875,7,0.10606061,23,0.34848485,5.1617653189504855,3.773272122130033,"Kyle Hart",19646,606996
"Luke Weaver","- - -",20,57,89.3017862864903,103.3,110,23.071428571428573,4,0.07017544,23,0.40350877,4.5000004693866265,3.775376579736356,"Luke Weaver",16918,596133
"Jovani Morán","BOS",26.2,74,86.25588181439568,102.2,112.1,13.970588235294118,5,0.06756757,21,0.28378378,3.7125003789458813,3.784876829344896,"Jovani Moran",20422,663558
"Tyler Holton","DET",27.2,85,86.77590317323984,105.1,112,11.036144578313253,4,0.04705882,31,0.36470588,1.9518076332911685,3.8006562451479216,"Tyler Holton",26231,663947
"Jack Dreyer","LAD",23,58,90.2964288847787,105.7,112.3,14.357142857142858,4,0.06896552,26,0.44827586,3.1304356182006874,3.829421161984393,"Jack Dreyer",30249,676263
"Ryan Rolison","CHC",27.1,82,85.54814769603588,101.8,106.8,12.209876543209877,5,0.06097561,26,0.31707317,3.2926841785804712,3.8420021590381785,"Ryan Rolison",22200,669020
"Chad Patrick","MIL",31,80,87.19740235960329,106.5,117.4,13.384615384615385,3,0.0375,26,0.325,2.0322584611258847,3.851741354625344,"Chad Patrick",30113,694477
"Kevin Ginkel","ARI",27.2,82,89.10000019073486,103.5,114.7,18.025,7,0.08536585,28,0.34146341,6.180723965695967,3.8551395795899106,"Kevin Ginkel",19876,656464
"Paul Blackburn","NYY",35.1,89,88.84999951449308,104.4,108.6,8.511363636363637,3,0.03370787,35,0.39325843,0.7641510785331783,3.8839985826377625,"Paul Blackburn",14739,621112
"Victor Mederos","ATL",27.1,82,87.2135800962095,103.4,110.1,24.234567901234566,3,0.03658537,32,0.3902439,4.280488498726222,3.907255801369755,"Victor Mederos",31533,682989
"Travis Adams","MIN",32.1,91,86.56043914124206,104.2,107.6,12.461538461538462,4,0.04395604,31,0.34065934,3.618557183537845,3.9098860210751765,"Travis Adams",30180,701519
"Josh Ekness","MIA",22.2,69,86.55373063727991,102.2,109.9,17.492537313432837,4,0.05797101,21,0.30434783,3.9705888687224724,3.914898581932657,"Josh Ekness",33785,694795
"Ryan Yarbrough","NYY",21.1,64,85.34833335876465,99.7,106,15.783333333333333,3,0.046875,18,0.28125,3.7968754013491406,3.9595057362351866,"Ryan Yarbrough",16502,642232
"Ryne Stanek","STL",25,64,88.07499969005585,103.6,107.5,13.328125,5,0.078125,26,0.40625,3.2400005407334276,3.961649973411984,"Ryne Stanek",15947,592773
"Steven Cruz","KCR",27.1,81,88.69124908447266,105.1,111.2,14.1375,9,0.11111111,31,0.38271605,3.62195139590614,3.9811792191892343,"Steven Cruz",23165,674444
"Victor Vodnik","- - -",28.1,91,91.63483154639769,101.3,107.8,1.0337078651685394,2,0.02197802,39,0.42857143,4.447059345864156,3.9929610424823236,"Victor Vodnik",24614,680767
"Nate Pearson","KCR",24.2,68,90.51029272640453,104.8,110.7,12.75,5,0.07352941,28,0.41176471,3.2837840112523655,4.000676159699684,"Nate Pearson",20160,663878
"Robby Ahlstrom","TEX",23,62,87.38852391477491,103.4,111.2,18.639344262295083,6,0.09677419,18,0.29032258,5.478261842056296,4.011633398541583,"Robby Ahlstrom",30167,695239
"Bryan Baker","TBR",25,67,87.90468800067902,105.1,112.1,18.484375,6,0.08955224,27,0.40298507,1.080000041198732,4.047974290737861,"Bryan Baker",19804,641329
"Brayan Bello","BOS",34,104,87.5097085156487,104.5,113.2,1.6504854368932038,2,0.01923077,36,0.34615385,2.911764869227963,4.060210828197087,"Brayan Bello",23920,678394
"Greg Weissert","BOS",21.2,60,87.77966153419624,101.7,110.5,13.084745762711865,4,0.06666667,18,0.3,2.4923082488106383,4.073432175792853,"Greg Weissert",20375,669711
"Peyton Gray","TEX",22.1,73,87.04000026157924,102.4,108.6,11.042857142857143,6,0.08219178,26,0.35616438,4.432836688475886,4.076127377760013,"Peyton Gray",25310,682608
"Jason Foley","SFG",24,85,86.83176484949449,105,112.1,5.882352941176471,5,0.05882353,32,0.37647059,4.500000754371412,4.07743491299976,"Jason Foley",19531,671345
"Luis Mey","CIN",24,65,92.66612969675371,105.7,111.9,12.682539682539682,4,0.06153846,30,0.46153846,5.250000645406623,4.088520622057858,"Luis Mey",25620,682825
"Hogan Harris","ATH",27.1,69,88.23484865824382,103.6,110.5,10.590909090909092,6,0.08695652,25,0.36231884,3.2926834605586324,4.12981722677823,"Hogan Harris",21520,663687
"Grant Taylor","CHW",33.2,82,90.2913581000434,103.5,113.7,7.419753086419753,7,0.08536585,34,0.41463415,1.603960609490988,4.140399957219566,"Grant Taylor",33927,691799
"José Alvarado","PHI",24.2,65,86.82539658319382,102.2,106.8,19.73015873015873,3,0.04615385,23,0.35384615,2.554054342063382,4.159773198352077,"Jose Alvarado",17780,621237
"Trevor Williams","- - -",25.2,69,86.42028985507247,104.4,110.2,11.18840579710145,5,0.07246377,25,0.36231884,3.5064938579990916,4.168713336089281,"Trevor Williams",16977,592866
"Taylor Clarke","ARI",28,86,87.42142904372443,104.5,110.9,15.69047619047619,7,0.08139535,28,0.3255814,2.8928576539822672,4.182003557992285,"Taylor Clarke",17611,664199
"Dylan Lee","ATL",23,70,88.61176524442784,102.6,109.4,21.91176470588235,5,0.07142857,27,0.38571429,6.260870684748311,4.215076332682089,"Dylan Lee",19996,669276
"Michael Rucker","SEA",27.2,74,88.59324264526367,106.4,111.3,10.135135135135135,8,0.10810811,26,0.35135135,6.180723486332252,4.215115126953725,"Michael Rucker",19454,621074
"Tyler Kinley","- - -",23,64,85.60322607717207,102.7,108.3,21.032258064516128,5,0.078125,20,0.3125,3.52174007503908,4.262264847174764,"Tyler Kinley",18297,641755
"Chase Silseth","- - -",23,64,88.05000052913543,103,113.7,14.790322580645162,5,0.078125,21,0.328125,3.913044715423831,4.289955849511154,"Chase Silseth",30074,681217
"Trevor Richards","CHW",43.1,137,90.5397061179666,103.2,115.4,20.779411764705884,12,0.08759124,55,0.40145985,4.153846647118734,4.331784062570372,"Trevor Richards",19309,670950
"Tim Hill","NYY",22,72,87.25277752346463,104.1,109.8,-4.347222222222222,4,0.05555556,30,0.41666667,4.909092279012921,4.3784850095360275,"Tim Hill",16814,657612
"Steven Okert","HOU",21,59,89.52280707108348,103.2,111.1,19.75438596491228,7,0.11864407,29,0.49152542,1.7142859648685433,4.382337628778099,"Steven Okert",13580,595345
"Wandy Peralta","SDP",26,90,87.11294097900391,102.6,110.8,11.964705882352941,4,0.04444444,32,0.35555556,6.230770437763521,4.405881231814943,"Wandy Peralta",14295,593974
"Andrew Kittredge","BAL",23.1,84,88.52469116964458,104.6,110,16.37037037037037,5,0.05952381,31,0.36904762,2.7000004023314124,4.4242984093191975,"Andrew Kittredge",12828,552640
"AJ Blubaugh","HOU",35.1,96,89.67473770944696,105.7,111,21.385416666666668,13,0.13541667,40,0.41666667,3.3113211587671354,4.451630944022318,"AJ Blubaugh",31764,805123
"Tommy Nance","MIN",24.2,68,89.41470550088322,103.6,107.7,7.955882352941177,5,0.07352941,29,0.42647059,4.013514111573721,4.468984153592826,"Tommy Nance",19178,667297
"A.J. Minter","- - -",25.2,77,86.62800028483073,103.6,107.6,19.56,8,0.1038961,29,0.37662338,3.1558448642840715,4.4819355850879985,"A.J. Minter",18655,621345
"Raisel Iglesias","ATL",26.2,69,89.12753583382869,105.1,111.8,14.144927536231885,11,0.15942029,30,0.43478261,3.037500194627804,4.494345168881324,"Raisel Iglesias",17130,628452
"Luis Gastelum","STL",33,82,87.50243945238067,103.5,109.1,11.695121951219512,7,0.08536585,27,0.32926829,4.090909456664899,4.49765360189748,"Luis Gastelum",33027,703725
"Tanner Gordon","COL",21,67,91.8046142578125,104.1,112.4,22.446153846153845,6,0.08955224,31,0.46268657,3.428571584273365,4.51790819835384,"Tanner Gordon",27669,685299
"Justin Bruihl","STL",29,93,86.14000108506944,102.1,110.9,12.677777777777777,8,0.08602151,29,0.31182796,3.7241388380742326,4.550236005403458,"Justin Bruihl",23779,677865
"Elvis Alvarado","ATH",25.2,67,90.22575771447384,104.2,110.2,18.03030303030303,5,0.07462687,31,0.46268657,2.805195219944272,4.625208462179734,"Elvis Alvarado",21662,665660
"Tejay Antone","CIN",25,70,86.6044776119403,104.2,110.2,16.98507462686567,7,0.1,24,0.34285714,4.320000880623043,4.677995398097958,"Tejay Antone",16233,622088
"Caleb Thielbar","CHC",21,58,89.80526264926843,106.3,110.7,18.771929824561404,4,0.06896552,23,0.39655172,6.000001481601536,4.797344017118902,"Caleb Thielbar",10078,573204
"Craig Yoho","- - -",25,69,85.55303076541784,102.5,110.8,13.454545454545455,6,0.08695652,21,0.30434783,5.4000008690358605,4.812593088387664,"Craig Yoho",33248,684974
"Evan Phillips","LAD",20,52,91.38076840914212,108.9,114.4,19.096153846153847,9,0.17307692,22,0.42307692,3.150000821426725,4.821718338469597,"Evan Phillips",17734,623465
"Jacob Webb","CHC",24.2,70,87.9573533114265,103.7,110.7,12.897058823529411,5,0.07142857,26,0.37142857,4.013514116422859,4.893917888544684,"Jacob Webb",19274,657097
"Braydon Fisher","TOR",23,61,87.35614013671875,104.2,109.2,17,3,0.04918033,22,0.36065574,3.1304353504867,4.902177377279209,"Braydon Fisher",24609,680755
"Adrian Houser","SFG",22,72,90.2140843566035,104.1,108.7,12.774647887323944,6,0.08333333,35,0.48611111,2.0454546368934934,4.919583020260037,"Adrian Houser",12718,605288
"José A. Ferrer","SEA",24.2,83,88.11481522925106,104.7,116.4,2.1097560975609757,6,0.07228916,33,0.39759036,5.472974707641753,4.9902835668761485,"Jose A. Ferrer",24017,678606
"Antonio Senzatela","- - -",22.1,76,90.96266591389974,106.6,116.6,4.826666666666667,6,0.07894737,32,0.42105263,6.044777899376923,5.06386994050703,"Antonio Senzatela",15488,622608
"Zach Agnos","COL",30,102,89.35400115966797,103.6,109.8,11.396039603960396,9,0.08823529,44,0.43137255,5.400000354051613,5.1244356569815315,"Zach Agnos",31552,688642
"Camilo Doval","- - -",23.1,60,91.4086202424148,103.5,107.6,9.206896551724139,5,0.08333333,28,0.46666667,3.0857145996969892,5.153413415371976,"Camilo Doval",21992,666808
"Alex Lange","KCR",20.2,61,91.44754140885149,105.9,114.7,12.098360655737705,9,0.14754098,28,0.45901639,6.096774398691331,5.1548097953227225,"Alex Lange",19883,656638
"George Soriano","STL",25.1,71,90.611764459049,104.6,110.5,11.235294117647058,6,0.08450704,25,0.35211268,5.684211540503036,5.161536828455281,"George Soriano",21863,666277
"José Fermin","LAA",24.2,74,90.4068496913126,104.2,109.8,10.164383561643836,6,0.08108108,31,0.41891892,4.743244356928428,5.192147236986478,"Jose Fermin",33908,820862
"Juan Mejia","COL",25.2,83,86.90864129714024,104.7,112,14.419753086419753,2,0.02409639,29,0.34939759,4.207792825030615,5.260025776687003,"Juan Mejia",23237,675848
"Erick Fedde","CHW",24,80,88.48750076293945,103.6,117.4,16.6875,9,0.1125,31,0.3875,3.750000302679861,5.391207121237601,"Erick Fedde",17425,607200
"Orion Kerkering","PHI",21,70,88.12714233398438,103.9,109.4,14.628571428571428,4,0.05714286,28,0.4,9.428573730041132,5.444792939886246,"Orion Kerkering",31776,689147
"Clayton Beeter","WSN",20.2,61,91.12333348592122,104.6,112.6,15.933333333333334,3,0.04918033,27,0.44262295,5.661291068212521,5.600126193671354,"Clayton Beeter",27494,690925
"Jimmy Herget","COL",26,82,87.29024403269698,103.7,115.1,14.012195121951219,8,0.09756098,28,0.34146341,7.615386413576054,5.672981199459209,"Jimmy Herget",17556,623474
"Carson Seymour","SFG",25.1,75,88.03835578813944,102.7,109.1,4.465753424657534,7,0.09333333,28,0.37333333,3.197368968964501,5.785596202055102,"Carson Seymour",30084,693313
"Chris Roycroft","- - -",25,90,91.9523253773534,105.6,110.3,5.724137931034483,7,0.07777778,39,0.43333333,4.680000362634687,5.792883506965328,"Chris Roycroft",31261,688297
"Sean Newcomb","CHW",26.2,85,90.43658661260838,105.3,110.6,18.048780487804876,10,0.11764706,34,0.4,5.0625008788427,5.945726477304092,"Sean Newcomb",16943,656794
"Riley O'Brien","STL",24.2,67,90.06212107340495,105,109.9,13.666666666666666,6,0.08955224,32,0.47761194,5.108108468119752,5.951371775186243,"Riley O'Brien",20348,676617
"Yoendrys Gómez","MIN",22.1,61,87.46333389282226,102.8,110,13.45,3,0.04918033,26,0.42622951,6.0447773105334655,6.158320468571562,"Yoendrys Gomez",22872,672782
"Tyler Schweitzer","CHW",27.1,89,89.82727310874246,105.5,115.9,14.488636363636363,8,0.08988764,41,0.46067416,2.9634148754015683,6.267851297308487,"Tyler Schweitzer",31920,805326
"Eduard Bazardo","SEA",24,78,88.19868434102912,103.8,109.3,16.105263157894736,9,0.11538462,31,0.3974359,6.375001622829999,6.330609774506799,"Eduard Bazardo",20997,660825
"Zack Littell","- - -",23.2,90,92.49775130025456,105.1,115.2,18.59550561797753,12,0.13333333,37,0.41111111,5.7042259650674705,7.992184794283109,"Zack Littell",15823,641793